NHC  90E INVEST    20210507 1200 120N 1020W 295 041 1009 1011 0334 10 111 -999 -999 -999 -999 S -999 -999 -999 -999 -9 -99N -999W -999 -999 -999 -999 
NHC  90E INVEST    20210507 1800 112N 1025W 280 031 1008 1011 0334 13 111 -999 -999 -999 -999 S -999 -999 -999 -999 -9 -99N -999W -999 -999 -999 -999 
NHC  90E INVEST    20210508 0000 125N 1039W 300 057 1007 1011 0334 15 111 -999 -999 -999 -999 S -999 -999 -999 -999 -9 -99N -999W -999 -999 -999 -999 
NHC  90E INVEST    20210508 0600 125N 1047W 295 051 1007 1011 0334 15 111 -999 -999 -999 -999 S -999 -999 -999 -999 -9 -99N -999W -999 -999 -999 -999 
NHC  90E INVEST    20210508 1200 127N 1056W 290 051 1007 1011 0334 15 111 -999 -999 -999 -999 S -999 -999 -999 -999 -9 -99N -999W -999 -999 -999 -999 
NHC  90E INVEST    20210508 1800 129N 1065W 285 046 1008 1011 0334 13 111 -999 -999 -999 -999 S -999 -999 -999 -999 -9 -99N -999W -999 -999 -999 -999 
NHC  90E INVEST    20210509 0000 133N 1069W 300 036 1007 1011 0334 13 111 -999 -999 -999 -999 M -999 -999 -999 -999 -9 -99N -999W -999 -999 -999 -999 
NHC  90E INVEST    20210509 0600 136N 1076W 295 036 1006 1011 0334 15 102 -999 -999 -999 -999 M -999 -999 -999 -999 -9 -99N -999W -999 -999 -999 -999 
NHC  01E ONE       20210509 0600 136N 1076W 295 036 1006 1011 0334 15 102 -999 -999 -999 -999 M -999 -999 -999 -999 -9 -99N -999W -999 -999 -999 -999 
NHC  01E ONE       20210509 1200 139N 1078W 320 026 1006 1010 0278 15 093 -999 -999 -999 -999 M -999 -999 -999 -999 72 162N 1122W -999 -999 -999 -999 
NHC  01E ANDRES    20210509 1200 139N 1078W 320 026 1005 1010 0278 18 093 0111 -999 -999 -999 M -999 -999 -999 -999 72 162N 1122W -999 -999 -999 -999 
NHC  01E ANDRES    20210509 1800 140N 1084W 300 026 1005 1011 0278 18 093 0111 -999 -999 -999 M -999 -999 -999 -999 72 164N 1125W -999 -999 -999 -999 
NHC  01E ANDRES    20210510 0000 140N 1088W 290 026 1005 1009 0278 18 074 0130 -999 -999 -999 M -999 -999 -999 -999 72 159N 1135W -999 -999 -999 -999 
NHC  01E ANDRES    20210510 0600 146N 1090W 310 021 1005 1010 0278 18 074 0130 -999 -999 -999 M -999 -999 -999 -999 48 159N 1116W -999 -999 -999 -999 
NHC  01E ANDRES    20210510 1200 150N 1093W 320 021 1005 1010 0278 18 074 0130 -999 -999 -999 M -999 -999 -999 -999 48 160N 1122W -999 -999 -999 -999 
NHC  01E ANDRES    20210510 1200 149N 1093W 315 021 1005 1010 0278 18 074 0130 -999 -999 -999 M -999 -999 -999 -999 48 160N 1122W -999 -999 -999 -999 
NHC  01E ANDRES    20210510 1800 160N 1096W 330 031 1005 1010 0222 18 074 0111 -999 -999 -999 M -999 -999 -999 -999 48 163N 1124W -999 -999 -999 -999 
NHC  01E ANDRES    20210511 0000 158N 1101W 270 026 1006 1010 0222 15 074 -999 -999 -999 -999 S -999 -999 -999 -999 48 169N 1135W -999 -999 -999 -999 
NHC  01E ANDRES    20210511 0600 159N 1107W 295 026 1007 1010 0213 13 074 -999 -999 -999 -999 S -999 -999 -999 -999 36 161N 1134W -999 -999 -999 -999 
NHC  01E ANDRES    20210511 1200 160N 1112W 275 026 1007 1009 0185 13 074 -999 -999 -999 -999 S -999 -999 -999 -999 36 158N 1140W -999 -999 -999 -999 
NHC  90L INVEST    20210520 0000 304N 0598W 060 026 1013 1017 0278 15 111 -999 -999 -999 -999 M -999 -999 -999 -999 -9 -99N -999W -999 -999 -999 -999 
NHC  90L INVEST    20210520 0000 304N 0554W 060 031 1013 1017 0278 15 111 -999 -999 -999 -999 M -999 -999 -999 -999 -9 -99N -999W -999 -999 -999 -999 
NHC  90L INVEST    20210520 0600 314N 0551W 030 057 1013 1017 0278 15 111 -999 -999 -999 -999 M -999 -999 -999 -999 -9 -99N -999W -999 -999 -999 -999 
NHC  90L INVEST    20210520 1200 329N 0523W 045 088 1012 1017 0278 18 111 0185 -999 -999 -999 M -999 -999 -999 -999 -9 -99N -999W -999 -999 -999 -999 
NHC  90L INVEST    20210520 1800 344N 0537W 010 077 1011 1017 0278 21 167 0278 -999 -999 0222 M -999 -999 -999 -999 -9 -99N -999W -999 -999 -999 -999 
NHC  91L INVEST    20210521 0000 243N 0937W 360 051 1010 1012 0278 10 074 -999 -999 -999 -999 S -999 -999 -999 -999 -9 -99N -999W -999 -999 -999 -999 
NHC  90L INVEST    20210521 0000 350N 0553W 350 057 1007 1017 0278 23 167 0278 0222 -999 0222 M -999 -999 -999 -999 -9 -99N -999W -999 -999 -999 -999 
NHC  90L INVEST    20210521 0000 349N 0550W 355 057 1004 1017 0278 26 222 0408 -999 -999 0222 M 0278 -999 -999 -999 -9 -99N -999W -999 -999 -999 -999 
NHC  91L INVEST    20210521 0600 243N 0937W 360 051 1011 1013 0278 10 074 -999 -999 -999 -999 S -999 -999 -999 -999 -9 -99N -999W -999 -999 -999 -999 
NHC  90L INVEST    20210521 0600 355N 0567W 305 077 1008 1017 0371 26 222 0445 -999 -999 0334 M 0278 -999 -999 -999 -9 -99N -999W -999 -999 -999 -999 
NHC  91L INVEST    20210521 1200 254N 0936W 360 041 1010 1013 0278 13 074 -999 -999 -999 -999 S -999 -999 -999 -999 -9 -99N -999W -999 -999 -999 -999 
NHC  90L INVEST    20210521 1200 357N 0585W 295 077 1008 1017 0371 26 222 0445 -999 -999 0334 M 0278 -999 -999 -999 -9 -99N -999W -999 -999 -999 -999 
NHC  91L INVEST    20210521 1800 264N 0942W 350 046 1009 1013 0278 15 056 -999 -999 -999 -999 S -999 -999 -999 -999 -9 -99N -999W -999 -999 -999 -999 
NHC  90L INVEST    20210521 1800 350N 0612W 265 093 1005 1017 0371 23 185 0445 -999 -999 0278 M -999 -999 -999 -999 -9 -99N -999W -999 -999 -999 -999 
NHC  91L INVEST    20210522 0000 272N 0953W 315 062 1009 1012 0222 15 056 -999 -999 -999 -999 S -999 -999 -999 -999 -9 -99N -999W -999 -999 -999 -999 
NHC  90L INVEST    20210522 0000 345N 0618W 260 072 1005 1017 0371 23 185 0445 -999 -999 0278 M -999 -999 -999 -999 -9 -99N -999W -999 -999 -999 -999 
NHC  91L INVEST    20210522 0600 278N 0966W 315 062 1010 1013 0222 15 056 -999 -999 -999 -999 S -999 -999 -999 -999 -9 -99N -999W -999 -999 -999 -999 
NHC  91L INVEST    20210522 0600 277N 0962W 315 057 1010 1013 0222 15 056 -999 -999 -999 -999 S -999 -999 -999 -999 -9 -99N -999W -999 -999 -999 -999 
NHC  90L INVEST    20210522 0600 342N 0621W 220 026 1006 1018 0463 21 111 0334 -999 -999 0278 M -999 -999 -999 -999 -9 -99N -999W -999 -999 -999 -999 
NHC  01L INVEST    20210522 0600 342N 0621W 220 026 1006 1018 0463 21 111 0334 -999 -999 0278 M -999 -999 -999 -999 -9 -99N -999W -999 -999 -999 -999 
NHC  01L ANA       20210522 1200 344N 0628W 265 021 1006 1018 0463 21 093 0334 -999 -999 0278 M -999 -999 -999 -999 48 379N  554W -999 -999 -999 -999 
NHC  01L ANA       20210522 1800 342N 0626W 125 015 1007 1018 0445 18 037 0093 0093 0093 0093 M -999 -999 -999 -999 48 397N  529W -999 -999 -999 -999 
NHC  01L ANA       20210523 0000 347N 0618W 050 036 1007 1018 0482 18 037 0074 0093 0074 0074 M -999 -999 -999 -999 36 383N  543W -999 -999 -999 -999 
NHC  01L ANA       20210523 0600 354N 0611W 045 051 1006 1015 0371 21 028 -999 0093 0074 -999 M -999 -999 -999 -999 36 411N  505W -999 -999 -999 -999 
NHC  01L ANA       20210523 1200 361N 0603W 045 046 1007 1012 0222 18 028 -999 0056 -999 -999 M -999 -999 -999 -999 24 394N  539W -999 -999 -999 -999 
NHC  01L ANA       20210523 1200 361N 0603W 045 046 1006 1015 0371 21 028 -999 0093 0074 -999 M -999 -999 -999 -999 24 394N  539W -999 -999 -999 -999 
NHC  01L ANA       20210523 1800 368N 0589W 045 057 1007 1012 0222 18 028 -999 0056 -999 -999 M -999 -999 -999 -999 24 417N  503W -999 -999 -999 -999 
NHC  01L ANA       20210524 0000 375N 0567W 060 082 1008 1010 0111 15 037 -999 -999 -999 -999 M -999 -999 -999 -999 12 394N  539W -999 -999 -999 -999 
NHC  91E INVEST    20210529 1800 096N 0999W 280 031 1009 1010 0334 10 111 -999 -999 -999 -999 S -999 -999 -999 -999 -9 -99N -999W -999 -999 -999 -999 
NHC  91E INVEST    20210530 0000 098N 1005W 285 031 1008 1010 0334 13 111 -999 -999 -999 -999 S -999 -999 -999 -999 -9 -99N -999W -999 -999 -999 -999 
NHC  91E INVEST    20210530 0600 100N 1015W 285 036 1008 1010 0334 13 111 -999 -999 -999 -999 S -999 -999 -999 -999 -9 -99N -999W -999 -999 -999 -999 
NHC  91E INVEST    20210530 1200 108N 1036W 290 051 1007 1011 0315 15 093 -999 -999 -999 -999 M -999 -999 -999 -999 -9 -99N -999W -999 -999 -999 -999 
NHC  91E TWO       20210530 1800 111N 1036W 300 046 1006 1011 0297 15 093 -999 -999 -999 -999 M -999 -999 -999 -999 -9 -99N -999W -999 -999 -999 -999 
NHC  91E INVEST    20210530 1800 111N 1034W 300 041 1007 1011 0297 15 093 -999 -999 -999 -999 M -999 -999 -999 -999 -9 -99N -999W -999 -999 -999 -999 
NHC  02E TWO       20210530 1800 111N 1034W 300 041 1006 1011 0297 15 093 -999 -999 -999 -999 M -999 -999 -999 -999 -9 -99N -999W -999 -999 -999 -999 
NHC  02E TWO       20210531 0000 115N 1046W 295 051 1006 1009 0297 15 093 -999 -999 -999 -999 M -999 -999 -999 -999 72 150N 1125W -999 -999 -999 -999 
NHC  02E TWO       20210531 0600 120N 1061W 290 062 1007 1010 0278 15 130 -999 -999 -999 -999 M -999 -999 -999 -999 72 148N 1124W -999 -999 -999 -999 
NHC  02E TWO       20210531 1200 122N 1072W 285 062 1006 1010 0278 15 093 -999 -999 -999 -999 M -999 -999 -999 -999 72 153N 1134W -999 -999 -999 -999 
NHC  02E BLANCA    20210531 1800 132N 1084W 295 072 1004 1010 0278 18 028 -999 -999 -999 0037 D -999 -999 -999 -999 72 153N 1138W -999 -999 -999 -999 
NHC  02E BLANCA    20210601 0000 137N 1091W 300 051 1001 1009 0278 23 028 0056 0037 -999 0056 D -999 -999 -999 -999 72 160N 1144W -999 -999 -999 -999 
NHC  02E BLANCA    20210601 0600 140N 1094W 305 036 0998 1010 0222 26 028 0074 0037 -999 0037 D 0037 -999 -999 -999 72 161N 1146W -999 -999 -999 -999 
NHC  02E BLANCA    20210601 1200 146N 1098W 315 036 0999 1010 0222 26 037 0074 0056 -999 0056 M 0037 -999 -999 -999 72 160N 1144W -999 -999 -999 -999 
NHC  02E BLANCA    20210601 1200 144N 1097W 310 031 0999 1010 0222 26 037 0074 0056 -999 0056 M 0037 -999 -999 -999 72 160N 1144W -999 -999 -999 -999 
NHC  02E BLANCA    20210601 1200 142N 1098W 305 031 0999 1010 0222 26 037 0074 0056 -999 0056 M 0037 -999 -999 -999 72 160N 1144W -999 -999 -999 -999 
NHC  02E BLANCA    20210601 1800 147N 1107W 300 036 1001 1010 0222 23 037 0074 0056 -999 0056 M -999 -999 -999 -999 72 158N 1146W -999 -999 -999 -999 
NHC  02E BLANCA    20210602 0000 148N 1114W 295 036 1001 1010 0334 23 037 0074 0056 -999 0056 M -999 -999 -999 -999 72 158N 1155W -999 -999 -999 -999 
NHC  02E BLANCA    20210602 0600 149N 1118W 285 026 1002 1010 0278 21 037 0074 0056 -999 0056 M -999 -999 -999 -999 72 156N 1163W -999 -999 -999 -999 
NHC  02E BLANCA    20210602 1200 154N 1120W 300 026 1003 1010 0278 21 037 0074 0056 -999 0056 M -999 -999 -999 -999 72 151N 1175W -999 -999 -999 -999 
NHC  02E BLANCA    20210602 1200 152N 1120W 300 021 1003 1010 0278 21 037 0074 0056 -999 0056 M -999 -999 -999 -999 72 151N 1175W -999 -999 -999 -999 
NHC  02E BLANCA    20210602 1800 155N 1126W 290 026 1005 1010 0278 15 074 -999 -999 -999 -999 S -999 -999 -999 -999 72 153N 1188W -999 -999 -999 -999 
NHC  02E BLANCA    20210603 0000 154N 1130W 265 021 1005 1009 0278 15 093 -999 -999 -999 -999 S -999 -999 -999 -999 72 152N 1198W -999 -999 -999 -999 
NHC  02E BLANCA    20210603 0600 156N 1133W 280 015 1006 1009 0278 15 083 -999 -999 -999 -999 S -999 -999 -999 -999 72 153N 1203W -999 -999 -999 -999 
NHC  02E BLANCA    20210603 1200 157N 1137W 280 015 1005 1009 0278 15 083 -999 -999 -999 -999 S -999 -999 -999 -999 72 160N 1209W -999 -999 -999 -999 
NHC  02E BLANCA    20210603 1800 155N 1141W 260 021 1005 1009 0278 15 093 -999 -999 -999 -999 S -999 -999 -999 -999 72 164N 1220W -999 -999 -999 -999 
NHC  02E BLANCA    20210604 0000 156N 1142W 270 010 1006 1009 0222 13 093 -999 -999 -999 -999 S -999 -999 -999 -999 48 158N 1203W -999 -999 -999 -999 
NHC  02E BLANCA    20210604 0600 162N 1152W 295 026 1007 1009 0222 13 093 -999 -999 -999 -999 S -999 -999 -999 -999 48 159N 1203W -999 -999 -999 -999 
NHC  92E INVEST    20210604 1200 123N 1070W 300 036 1009 1011 0222 10 056 -999 -999 -999 -999 S -999 -999 -999 -999 -9 -99N -999W -999 -999 -999 -999 
NHC  92E INVEST    20210604 1800 126N 1073W 315 031 1009 1011 0222 10 093 -999 -999 -999 -999 S -999 -999 -999 -999 -9 -99N -999W -999 -999 -999 -999 
NHC  92E INVEST    20210605 0000 130N 1076W 320 031 1008 1010 0222 13 093 -999 -999 -999 -999 S -999 -999 -999 -999 -9 -99N -999W -999 -999 -999 -999 
NHC  92E INVEST    20210605 0600 127N 1076W 300 021 1007 1010 0222 13 093 -999 -999 -999 -999 S -999 -999 -999 -999 -9 -99N -999W -999 -999 -999 -999 
NHC  92E INVEST    20210605 1200 130N 1080W 300 026 1006 1010 0222 15 093 -999 -999 -999 -999 S -999 -999 -999 -999 -9 -99N -999W -999 -999 -999 -999 
NHC  92E INVEST    20210605 1800 132N 1071W 300 015 1007 1010 0222 13 185 -999 -999 -999 -999 S -999 -999 -999 -999 -9 -99N -999W -999 -999 -999 -999 
NHC  92E INVEST    20210606 0000 130N 1075W 020 005 1007 1010 0222 13 130 -999 -999 -999 -999 S -999 -999 -999 -999 -9 -99N -999W -999 -999 -999 -999 
NHC  92E INVEST    20210606 0600 131N 1079W 045 000 1007 1010 0222 13 130 -999 -999 -999 -999 S -999 -999 -999 -999 -9 -99N -999W -999 -999 -999 -999 
NHC  92E INVEST    20210606 1200 130N 1080W 270 015 1007 1010 0222 13 093 -999 -999 -999 -999 S -999 -999 -999 -999 -9 -99N -999W -999 -999 -999 -999 
NHC  92E INVEST    20210606 1800 132N 1087W 280 021 1007 1010 0222 13 093 -999 -999 -999 -999 S -999 -999 -999 -999 -9 -99N -999W -999 -999 -999 -999 
NHC  92E INVEST    20210607 0000 129N 1095W 265 026 1007 1010 0222 13 093 -999 -999 -999 -999 S -999 -999 -999 -999 -9 -99N -999W -999 -999 -999 -999 
NHC  92E INVEST    20210607 0000 128N 1095W 265 026 1007 1010 0222 15 093 -999 -999 -999 -999 S -999 -999 -999 -999 -9 -99N -999W -999 -999 -999 -999 
NHC  92E INVEST    20210607 0600 130N 1093W 260 015 1008 1010 0222 13 111 -999 -999 -999 -999 S -999 -999 -999 -999 -9 -99N -999W -999 -999 -999 -999 
NHC  92E INVEST    20210607 1200 130N 1098W 260 021 1008 1010 0222 13 111 -999 -999 -999 -999 S -999 -999 -999 -999 -9 -99N -999W -999 -999 -999 -999 
NHC  92E INVEST    20210607 1800 131N 1102W 270 021 1008 1011 0278 15 074 -999 -999 -999 -999 S -999 -999 -999 -999 -9 -99N -999W -999 -999 -999 -999 
NHC  92E INVEST    20210608 0000 130N 1106W 265 021 1008 1011 0278 13 074 -999 -999 -999 -999 S -999 -999 -999 -999 -9 -99N -999W -999 -999 -999 -999 
NHC  92E INVEST    20210610 1200 117N 1152W 260 026 1008 1011 0278 15 167 -999 -999 -999 -999 S -999 -999 -999 -999 -9 -99N -999W -999 -999 -999 -999 
NHC  93E INVEST    20210610 1800 127N 0988W 010 021 1008 1010 0278 13 130 -999 -999 -999 -999 S -999 -999 -999 -999 -9 -99N -999W -999 -999 -999 -999 
NHC  92E INVEST    20210610 1800 113N 1163W 260 036 1009 1012 0278 13 167 -999 -999 -999 -999 S -999 -999 -999 -999 -9 -99N -999W -999 -999 -999 -999 
NHC  93E INVEST    20210611 0000 131N 0989W 010 031 1007 1010 0278 13 093 -999 -999 -999 -999 S -999 -999 -999 -999 -9 -99N -999W -999 -999 -999 -999 
NHC  92E INVEST    20210611 0000 112N 1174W 260 046 1009 1012 0278 13 167 -999 -999 -999 -999 S -999 -999 -999 -999 -9 -99N -999W -999 -999 -999 -999 
NHC  93E INVEST    20210611 0600 127N 0985W 035 021 1007 1010 0278 13 111 -999 -999 -999 -999 S -999 -999 -999 -999 -9 -99N -999W -999 -999 -999 -999 
NHC  93E INVEST    20210611 0600 127N 0983W 040 021 1007 1010 0278 13 111 -999 -999 -999 -999 S -999 -999 -999 -999 -9 -99N -999W -999 -999 -999 -999 
NHC  92E INVEST    20210611 0600 111N 1183W 260 046 1009 1012 0278 13 167 -999 -999 -999 -999 S -999 -999 -999 -999 -9 -99N -999W -999 -999 -999 -999 
NHC  93E INVEST    20210611 1200 129N 0977W 060 031 1007 1010 0278 13 111 -999 -999 -999 -999 S -999 -999 -999 -999 -9 -99N -999W -999 -999 -999 -999 
NHC  92E INVEST    20210611 1200 108N 1190W 255 046 1009 1012 0278 13 167 -999 -999 -999 -999 S -999 -999 -999 -999 -9 -99N -999W -999 -999 -999 -999 
NHC  93E INVEST    20210611 1800 135N 0970W 060 036 1007 1010 0278 13 111 -999 -999 -999 -999 S -999 -999 -999 -999 -9 -99N -999W -999 -999 -999 -999 
NHC  92E INVEST    20210611 1800 111N 1194W 270 031 1009 1012 0278 13 167 -999 -999 -999 -999 S -999 -999 -999 -999 -9 -99N -999W -999 -999 -999 -999 
NHC  93E INVEST    20210612 0000 141N 0967W 040 036 1007 1010 0278 13 111 -999 -999 -999 -999 S -999 -999 -999 -999 -9 -99N -999W -999 -999 -999 -999 
NHC  92E INVEST    20210612 0000 112N 1203W 275 036 1009 1012 0278 13 167 -999 -999 -999 -999 S -999 -999 -999 -999 -9 -99N -999W -999 -999 -999 -999 
NHC  93E INVEST    20210612 0600 138N 0960W 060 026 1007 1010 0278 13 130 -999 -999 -999 -999 S -999 -999 -999 -999 -9 -99N -999W -999 -999 -999 -999 
NHC  92E INVEST    20210612 0600 112N 1213W 270 036 1009 1012 0278 13 167 -999 -999 -999 -999 S -999 -999 -999 -999 -9 -99N -999W -999 -999 -999 -999 
NHC  93E INVEST    20210612 1200 137N 0974W 050 015 1007 1010 0278 13 130 -999 -999 -999 -999 S -999 -999 -999 -999 -9 -99N -999W -999 -999 -999 -999 
NHC  92E INVEST    20210612 1200 117N 1225W 280 051 1008 1012 0278 13 167 -999 -999 -999 -999 S -999 -999 -999 -999 -9 -99N -999W -999 -999 -999 -999 
NHC  93E INVEST    20210612 1800 146N 0974W 015 031 1007 1010 0278 13 130 -999 -999 -999 -999 S -999 -999 -999 -999 -9 -99N -999W -999 -999 -999 -999 
NHC  92L INVEST    20210612 1800 200N 0945W 360 000 1008 1010 0185 10 167 -999 -999 -999 -999 S -999 -999 -999 -999 -9 -99N -999W -999 -999 -999 -999 
NHC  92E INVEST    20210612 1800 118N 1233W 280 051 1008 1012 0278 13 167 -999 -999 -999 -999 S -999 -999 -999 -999 -9 -99N -999W -999 -999 -999 -999 
NHC  92E INVEST    20210612 1800 118N 1233W 280 051 1006 1012 0278 15 037 -999 -999 -999 -999 S -999 -999 -999 -999 -9 -99N -999W -999 -999 -999 -999 
NHC  03E THREE     20210612 1800 118N 1233W 280 051 1006 1012 0278 15 037 -999 -999 -999 -999 S -999 -999 -999 -999 -9 -99N -999W -999 -999 -999 -999 
NHC  93E INVEST    20210613 0000 150N 0974W 360 021 1007 1009 0278 13 130 -999 -999 -999 -999 S -999 -999 -999 -999 -9 -99N -999W -999 -999 -999 -999 
NHC  92L INVEST    20210613 0000 200N 0945W 360 000 1008 1010 0185 10 167 -999 -999 -999 -999 S -999 -999 -999 -999 -9 -99N -999W -999 -999 -999 -999 
NHC  03E THREE     20210613 0000 119N 1243W 275 051 1005 1012 0278 18 037 0037 -999 -999 0037 M -999 -999 -999 -999 72 110N 1269W -999 -999 -999 -999 
NHC  93E INVEST    20210613 0600 151N 0969W 020 026 1009 1011 0278 10 130 -999 -999 -999 -999 S -999 -999 -999 -999 -9 -99N -999W -999 -999 -999 -999 
NHC  92L INVEST    20210613 0600 199N 0945W 180 005 1010 1012 0278 10 167 -999 -999 -999 -999 S -999 -999 -999 -999 -9 -99N -999W -999 -999 -999 -999 
NHC  03E CARLOS    20210613 0600 119N 1250W 270 041 1002 1012 0278 21 028 0037 0037 0037 0037 D -999 -999 -999 -999 72 103N 1280W -999 -999 -999 -999 
NHC  92L INVEST    20210613 1200 200N 0945W 360 000 1010 1012 0278 10 167 -999 -999 -999 -999 S -999 -999 -999 -999 -9 -99N -999W -999 -999 -999 -999 
NHC  03E CARLOS    20210613 1200 119N 1257W 275 041 1000 1012 0278 23 028 0056 0037 0037 0056 D -999 -999 -999 -999 72 106N 1281W -999 -999 -999 -999 
NHC  92L INVEST    20210613 1800 205N 0960W 360 000 1010 1012 0278 10 167 -999 -999 -999 -999 S -999 -999 -999 -999 -9 -99N -999W -999 -999 -999 -999 
NHC  03E CARLOS    20210613 1800 118N 1263W 265 036 1000 1012 0278 23 028 0056 0037 0037 0056 D -999 -999 -999 -999 72 110N 1294W -999 -999 -999 -999 
NHC  93L INVEST    20210614 0000 323N 0771W 065 057 1008 1010 0222 10 074 -999 -999 -999 -999 S -999 -999 -999 -999 -9 -99N -999W -999 -999 -999 -999 
NHC  92L INVEST    20210614 0000 206N 0964W 290 021 1010 1012 0278 10 167 -999 -999 -999 -999 S -999 -999 -999 -999 -9 -99N -999W -999 -999 -999 -999 
NHC  03E CARLOS    20210614 0000 117N 1268W 260 031 1001 1012 0222 21 028 0056 0037 0037 0056 M -999 -999 -999 -999 72 103N 1313W -999 -999 -999 -999 
NHC  93L INVEST    20210614 0600 327N 0761W 065 051 1007 1010 0222 13 056 -999 -999 -999 -999 M -999 -999 -999 -999 -9 -99N -999W -999 -999 -999 -999 
NHC  92L INVEST    20210614 0600 203N 0963W 160 010 1010 1012 0278 10 167 -999 -999 -999 -999 M -999 -999 -999 -999 -9 -99N -999W -999 -999 -999 -999 
NHC  03E CARLOS    20210614 0600 115N 1273W 260 026 1004 1012 0222 18 037 0037 0037 0037 0037 M -999 -999 -999 -999 72 103N 1337W -999 -999 -999 -999 
NHC  93L INVEST    20210614 1200 345N 0745W 045 093 1006 1010 0185 15 056 -999 -999 -999 -999 M -999 -999 -999 -999 -9 -99N -999W -999 -999 -999 -999 
NHC  92L INVEST    20210614 1200 198N 0958W 165 015 1009 1011 0278 10 167 -999 -999 -999 -999 S -999 -999 -999 -999 -9 -99N -999W -999 -999 -999 -999 
NHC  03E CARLOS    20210614 1200 114N 1283W 260 036 1004 1012 0222 18 037 0037 0037 0037 0037 M -999 -999 -999 -999 72 105N 1344W -999 -999 -999 -999 
NHC  02L TWO       20210614 1200 345N 0745W 045 093 1006 1010 0185 15 056 -999 -999 -999 -999 M -999 -999 -999 -999 -9 -99N -999W -999 -999 -999 -999 
NHC  94L INVEST    20210614 1800 080N 0220W 270 118 1009 1011 0222 13 167 -999 -999 -999 -999 S -999 -999 -999 -999 -9 -99N -999W -999 -999 -999 -999 
NHC  92L INVEST    20210614 1800 200N 0945W 360 000 1009 1011 0278 10 167 -999 -999 -999 -999 S -999 -999 -999 -999 -9 -99N -999W -999 -999 -999 -999 
NHC  03E CARLOS    20210614 1800 110N 1296W 255 046 1007 1012 0222 15 037 -999 -999 -999 -999 M -999 -999 -999 -999 72 103N 1358W -999 -999 -999 -999 
NHC  02L TWO       20210614 1800 349N 0731W 050 072 1006 1010 0185 15 056 -999 -999 -999 -999 M -999 -999 -999 -999 36 436N  597W -999 -999 -999 -999 
NHC  94L INVEST    20210615 0000 081N 0239W 270 103 1010 1012 0222 13 167 -999 -999 -999 -999 S -999 -999 -999 -999 -9 -99N -999W -999 -999 -999 -999 
NHC  92L INVEST    20210615 0000 199N 0947W 100 015 1009 1011 0278 10 167 -999 -999 -999 -999 S -999 -999 -999 -999 -9 -99N -999W -999 -999 -999 -999 
NHC  92L INVEST    20210615 0000 199N 0944W 100 021 1009 1011 0278 10 167 -999 -999 -999 -999 S -999 -999 -999 -999 -9 -99N -999W -999 -999 -999 -999 
NHC  03E CARLOS    20210615 0000 106N 1304W 250 051 1007 1011 0222 15 037 -999 -999 -999 -999 S -999 -999 -999 -999 72 101N 1375W -999 -999 -999 -999 
NHC  02L TWO       20210615 0000 359N 0708W 055 093 1005 1010 0167 15 056 -999 -999 -999 -999 M -999 -999 -999 -999 36 450N  570W -999 -999 -999 -999 
NHC  94L INVEST    20210615 0600 079N 0245W 270 077 1010 1012 0278 13 167 -999 -999 -999 -999 S -999 -999 -999 -999 -9 -99N -999W -999 -999 -999 -999 
NHC  92L INVEST    20210615 0600 192N 0951W 180 010 1009 1011 0278 10 167 -999 -999 -999 -999 M -999 -999 -999 -999 -9 -99N -999W -999 -999 -999 -999 
NHC  03E CARLOS    20210615 0600 102N 1313W 245 051 1007 1011 0222 15 037 -999 -999 -999 -999 S -999 -999 -999 -999 72 100N 1390W -999 -999 -999 -999 
NHC  02L BILL      20210615 0600 376N 0685W 055 124 1000 1010 0167 23 074 -999 0148 -999 -999 D -999 -999 -999 -999 36 465N  545W -999 -999 -999 -999 
NHC  92L INVEST    20210615 1200 189N 0951W 180 015 1009 1011 0278 10 222 -999 -999 -999 -999 M -999 -999 -999 -999 -9 -99N -999W -999 -999 -999 -999 
NHC  03E CARLOS    20210615 1200 101N 1322W 250 046 1007 1011 0222 15 037 -999 -999 -999 -999 S -999 -999 -999 -999 48  95N 1371W -999 -999 -999 -999 
NHC  02L BILL      20210615 1200 397N 0639W 055 170 0998 1010 0167 23 074 -999 0148 -999 -999 D -999 -999 -999 -999 36 486N  526W -999 -999 -999 -999 
NHC  92L INVEST    20210615 1800 190N 0950W 170 010 1009 1011 0278 10 222 -999 -999 -999 -999 M -999 -999 -999 -999 -9 -99N -999W -999 -999 -999 -999 
NHC  03E CARLOS    20210615 1800 099N 1331W 255 046 1008 1011 0222 13 037 -999 -999 -999 -999 S -999 -999 -999 -999 48  97N 1380W -999 -999 -999 -999 
NHC  03E CARLOS    20210615 1800 099N 1331W 255 046 1007 1011 0222 15 037 -999 -999 -999 -999 S -999 -999 -999 -999 48  97N 1380W -999 -999 -999 -999 
NHC  02L BILL      20210615 1800 409N 0608W 055 160 0998 1010 0167 26 074 -999 0148 -999 -999 D -999 0074 -999 -999 24 475N  540W -999 -999 -999 -999 
NHC  92L INVEST    20210616 0000 192N 0948W 045 010 1009 1011 0278 10 222 -999 -999 -999 -999 M -999 -999 -999 -999 -9 -99N -999W -999 -999 -999 -999 
NHC  03E CARLOS    20210616 0000 097N 1339W 260 046 1007 1011 0222 15 037 -999 -999 -999 -999 S -999 -999 -999 -999 48  97N 1383W -999 -999 -999 -999 
NHC  02L BILL      20210616 0000 425N 0579W 055 139 1002 1011 0167 23 074 -999 0148 0074 -999 D -999 -999 -999 -999 12 447N  559W -999 -999 -999 -999 
NHC  92L INVEST    20210616 0600 181N 0943W 110 015 1009 1011 0278 10 222 -999 -999 -999 -999 M -999 -999 -999 -999 -9 -99N -999W -999 -999 -999 -999 
NHC  03E CARLOS    20210616 0600 093N 1347W 255 046 1007 1011 0222 15 056 -999 -999 -999 -999 S -999 -999 -999 -999 48  98N 1388W -999 -999 -999 -999 
NHC  92L INVEST    20210616 1200 182N 0944W 360 000 1009 1011 0278 10 222 -999 -999 -999 -999 M -999 -999 -999 -999 -9 -99N -999W -999 -999 -999 -999 
NHC  03E CARLOS    20210616 1200 087N 1350W 230 036 1008 1012 0222 13 056 -999 -999 -999 -999 S -999 -999 -999 -999 48  96N 1397W -999 -999 -999 -999 
NHC  92L INVEST    20210616 1800 187N 0940W 030 010 1009 1011 0278 10 222 -999 -999 -999 -999 M -999 -999 -999 -999 -9 -99N -999W -999 -999 -999 -999 
NHC  92L INVEST    20210617 0000 200N 0936W 020 036 1008 1011 0278 10 204 -999 -999 -999 -999 M -999 -999 -999 -999 -9 -99N -999W -999 -999 -999 -999 
NHC  94E INVEST    20210617 0600 135N 0990W 270 057 1009 1011 0241 10 148 -999 -999 -999 -999 S -999 -999 -999 -999 -9 -99N -999W -999 -999 -999 -999 
NHC  94E INVEST    20210617 0600 125N 0990W 265 057 1009 1011 0241 10 111 -999 -999 -999 -999 S -999 -999 -999 -999 -9 -99N -999W -999 -999 -999 -999 
NHC  92L INVEST    20210617 0600 205N 0925W 005 041 1008 1011 0371 13 278 -999 -999 -999 -999 M -999 -999 -999 -999 -9 -99N -999W -999 -999 -999 -999 
NHC  94E INVEST    20210617 1200 141N 0960W 265 031 1009 1011 0241 10 148 -999 -999 -999 -999 S -999 -999 -999 -999 -9 -99N -999W -999 -999 -999 -999 
NHC  94E INVEST    20210617 1200 139N 0983W 285 036 1009 1011 0241 10 148 -999 -999 -999 -999 S -999 -999 -999 -999 -9 -99N -999W -999 -999 -999 -999 
NHC  94E INVEST    20210617 1200 138N 0960W 280 036 1009 1011 0241 10 148 -999 -999 -999 -999 S -999 -999 -999 -999 -9 -99N -999W -999 -999 -999 -999 
NHC  92L INVEST    20210617 1200 210N 0930W 360 026 1008 1011 0334 13 278 -999 -999 -999 -999 M -999 -999 -999 -999 -9 -99N -999W -999 -999 -999 -999 
NHC  94E INVEST    20210617 1800 142N 0997W 290 036 1007 1011 0241 13 148 -999 -999 -999 -999 S -999 -999 -999 -999 -9 -99N -999W -999 -999 -999 -999 
NHC  92L INVEST    20210617 1800 225N 0924W 010 051 1008 1011 0334 13 278 -999 -999 -999 -999 M -999 -999 -999 -999 -9 -99N -999W -999 -999 -999 -999 
NHC  03L INVEST    20210617 1800 225N 0924W 010 051 1008 1011 0334 13 278 -999 -999 -999 -999 M -999 -999 -999 -999 -9 -99N -999W -999 -999 -999 -999 
NHC  94E INVEST    20210618 0000 145N 1005W 290 041 1005 1010 0334 15 167 -999 -999 -999 -999 S -999 -999 -999 -999 -9 -99N -999W -999 -999 -999 -999 
NHC  03L THREE     20210618 0000 231N 0922W 010 046 1007 1010 0334 13 278 -999 -999 -999 -999 M -999 -999 -999 -999 72 350N  840W -999 -999 -999 -999 
NHC  94E INVEST    20210618 0600 143N 1013W 280 041 1005 1010 0334 15 167 -999 -999 -999 -999 S -999 -999 -999 -999 -9 -99N -999W -999 -999 -999 -999 
NHC  04E NONAME    20210618 0600 143N 1013W 280 041 1005 1010 0334 15 167 -999 -999 -999 -999 S -999 -999 -999 -999 -9 -99N -999W -999 -999 -999 -999 
NHC  03L THREE     20210618 0600 245N 0915W 360 057 1007 1010 0334 15 278 -999 -999 -999 -999 S -999 -999 -999 -999 72 356N  830W -999 -999 -999 -999 
NHC  04E FOUR      20210618 1200 145N 1022W 280 046 1004 1009 0445 18 056 0056 0037 -999 0056 M -999 -999 -999 -999 72 254N 1065W -999 -999 -999 -999 
NHC  03L THREE     20210618 1200 259N 0915W 360 062 1007 1010 0334 15 222 -999 -999 -999 -999 S -999 -999 -999 -999 48 326N  876W -999 -999 -999 -999 
NHC  03L THREE     20210618 1200 259N 0911W 015 062 1007 1010 0334 15 222 -999 -999 -999 -999 M -999 -999 -999 -999 48 326N  876W -999 -999 -999 -999 
NHC  04E DOLORES   20210618 1800 153N 1021W 305 031 1000 1007 0278 21 111 0259 -999 -999 0111 M -999 -999 -999 -999 48 221N 1056W -999 -999 -999 -999 
NHC  03L THREE     20210618 1800 274N 0912W 005 072 1006 1010 0334 21 222 0334 0334 -999 -999 M -999 -999 -999 -999 48 334N  864W -999 -999 -999 -999 
NHC  04E DOLORES   20210619 0000 159N 1026W 310 031 0998 1007 0278 23 111 0222 -999 -999 0111 M -999 -999 -999 -999 48 236N 1054W -999 -999 -999 -999 
NHC  03L THREE     20210619 0000 284N 0911W 005 057 1007 1010 0334 21 222 0334 0334 -999 -999 M -999 -999 -999 -999 48 338N  849W -999 -999 -999 -999 
NHC  04E DOLORES   20210619 0600 166N 1029W 330 041 0995 1007 0278 26 093 0222 0093 0056 0130 M 0093 -999 -999 -999 36 226N 1049W -999 -999 -999 -999 
NHC  03L THREE     20210619 0600 292N 0910W 005 057 1006 1010 0278 21 222 0334 0334 -999 -999 M -999 -999 -999 -999 48 341N  828W -999 -999 -999 -999 
NHC  03L CLAUDETTE 20210619 0600 292N 0910W 005 057 1006 1010 0278 21 222 0334 0334 -999 -999 M -999 -999 -999 -999 48 341N  828W -999 -999 -999 -999 
NHC  04E DOLORES   20210619 1200 180N 1035W 340 057 0990 1006 0222 31 093 0148 0148 0093 0130 M 0093 0093 -999 -999 24 214N 1044W -999 -999 -999 -999 
NHC  04E DOLORES   20210619 1200 178N 1035W 335 057 0990 1006 0222 31 093 0148 0148 0093 0130 M 0093 0093 -999 -999 24 214N 1044W -999 -999 -999 -999 
NHC  03L CLAUDETTE 20210619 1200 305N 0900W 025 062 1006 1010 0278 21 222 -999 0334 -999 -999 M -999 -999 -999 -999 72 385N  710W -999 -999 -999 -999 
NHC  04E DOLORES   20210619 1800 196N 1040W 345 077 0997 1007 0167 26 074 0093 0167 0111 0074 M -999 0074 -999 -999 24 218N 1046W -999 -999 -999 -999 
NHC  03L CLAUDETTE 20210619 1800 318N 0886W 035 077 1007 1010 0278 18 222 -999 0334 -999 -999 M -999 -999 -999 -999 72 404N  677W -999 -999 -999 -999 
NHC  04E DOLORES   20210620 0000 214N 1042W 345 082 1001 1006 0167 15 074 -999 -999 -999 -999 M -999 -999 -999 -999 12 225N 1045W -999 -999 -999 -999 
NHC  03L CLAUDETTE 20210620 0000 324N 0877W 045 072 1005 1010 0278 13 222 -999 -999 -999 -999 M -999 -999 -999 -999 72 423N  634W -999 -999 -999 -999 
NHC  04E DOLORES   20210620 0600 230N 1038W 005 088 1008 1011 0167 10 111 -999 -999 -999 -999 S -999 -999 -999 -999 12 250N 1045W -999 -999 -999 -999 
NHC  03L CLAUDETTE 20210620 0600 330N 0866W 050 067 1006 1011 0278 13 222 -999 -999 -999 -999 M -999 -999 -999 -999 72 445N  608W -999 -999 -999 -999 
NHC  03L CLAUDETTE 20210620 1200 337N 0849W 065 072 1008 1012 0278 13 222 -999 -999 -999 -999 M -999 -999 -999 -999 72 465N  580W -999 -999 -999 -999 
NHC  03L CLAUDETTE 20210620 1800 339N 0833W 070 072 1009 1010 0232 13 222 -999 -999 -999 -999 M -999 -999 -999 -999 48 411N  664W -999 -999 -999 -999 
NHC  03L CLAUDETTE 20210621 0000 344N 0813W 070 082 1008 1010 0232 13 222 -999 -999 -999 -999 M -999 -999 -999 -999 48 424N  634W -999 -999 -999 -999 
NHC  03L CLAUDETTE 20210621 0600 351N 0790W 070 093 1007 1010 0222 18 185 -999 0222 -999 -999 M -999 -999 -999 -999 48 445N  610W -999 -999 -999 -999 
NHC  03L CLAUDETTE 20210621 1200 364N 0763W 065 124 1007 1012 0222 18 185 -999 0222 -999 -999 M -999 -999 -999 -999 36 428N  633W -999 -999 -999 -999 
NHC  03L CLAUDETTE 20210621 1800 369N 0734W 065 124 1004 1012 0222 21 204 -999 0241 -999 -999 M -999 -999 -999 -999 36 448N  599W -999 -999 -999 -999 
NHC  03L CLAUDETTE 20210621 1800 368N 0737W 065 113 1004 1012 0222 21 204 -999 0241 -999 -999 M -999 -999 -999 -999 36 448N  599W -999 -999 -999 -999 
NHC  03L CLAUDETTE 20210622 0000 378N 0703W 060 134 1004 1010 0204 21 185 -999 0241 -999 -999 M -999 -999 -999 -999 36 460N  569W -999 -999 -999 -999 
NHC  95E INVEST    20210623 0000 100N 0928W 280 108 1010 1011 0278 10 222 -999 -999 -999 -999 S -999 -999 -999 -999 -9 -99N -999W -999 -999 -999 -999 
NHC  95E INVEST    20210623 0600 104N 0949W 280 108 1009 1011 0278 10 222 -999 -999 -999 -999 S -999 -999 -999 -999 -9 -99N -999W -999 -999 -999 -999 
NHC  95E INVEST    20210623 1200 118N 0950W 300 082 1008 1010 0278 13 222 -999 -999 -999 -999 S -999 -999 -999 -999 -9 -99N -999W -999 -999 -999 -999 
NHC  95E INVEST    20210623 1800 121N 0959W 295 051 1008 1010 0278 13 222 -999 -999 -999 -999 S -999 -999 -999 -999 -9 -99N -999W -999 -999 -999 -999 
NHC  95E INVEST    20210624 0000 124N 0969W 290 051 1008 1012 0278 13 222 -999 -999 -999 -999 S -999 -999 -999 -999 -9 -99N -999W -999 -999 -999 -999 
NHC  95E INVEST    20210624 0600 127N 0979W 285 051 1008 1012 0278 13 222 -999 -999 -999 -999 S -999 -999 -999 -999 -9 -99N -999W -999 -999 -999 -999 
NHC  95L INVEST    20210624 1200 050N 0170W 265 057 1010 1011 0334 13 222 -999 -999 -999 -999 S -999 -999 -999 -999 -9 -99N -999W -999 -999 -999 -999 
NHC  95E INVEST    20210624 1200 133N 0984W 295 046 1008 1012 0334 13 222 -999 -999 -999 -999 S -999 -999 -999 -999 -9 -99N -999W -999 -999 -999 -999 
NHC  95L INVEST    20210624 1800 050N 0175W 285 046 1010 1011 0334 13 222 -999 -999 -999 -999 S -999 -999 -999 -999 -9 -99N -999W -999 -999 -999 -999 
NHC  95E INVEST    20210624 1800 140N 0994W 305 051 1008 1012 0334 13 185 -999 -999 -999 -999 S -999 -999 -999 -999 -9 -99N -999W -999 -999 -999 -999 
NHC  95L INVEST    20210625 0000 056N 0185W 285 051 1010 1012 0334 13 222 -999 -999 -999 -999 S -999 -999 -999 -999 -9 -99N -999W -999 -999 -999 -999 
NHC  95E INVEST    20210625 0000 148N 1004W 305 057 1007 1011 0334 15 185 -999 -999 -999 -999 S -999 -999 -999 -999 -9 -99N -999W -999 -999 -999 -999 
NHC  95L INVEST    20210625 0600 067N 0202W 300 082 1010 1012 0334 13 222 -999 -999 -999 -999 S -999 -999 -999 -999 -9 -99N -999W -999 -999 -999 -999 
NHC  95E INVEST    20210625 0600 149N 1012W 295 046 1006 1010 0297 18 111 -999 0111 -999 -999 M -999 -999 -999 -999 -9 -99N -999W -999 -999 -999 -999 
NHC  05E INVEST    20210625 0600 149N 1012W 295 046 1006 1010 0297 18 111 -999 0111 -999 -999 M -999 -999 -999 -999 -9 -99N -999W -999 -999 -999 -999 
NHC  95L INVEST    20210625 1200 087N 0219W 310 098 1010 1012 0334 13 222 -999 -999 -999 -999 S -999 -999 -999 -999 -9 -99N -999W -999 -999 -999 -999 
NHC  95L INVEST    20210625 1200 084N 0219W 310 093 1010 1012 0334 13 222 -999 -999 -999 -999 S -999 -999 -999 -999 -9 -99N -999W -999 -999 -999 -999 
NHC  05E ENRIQUE   20210625 1200 155N 1021W 290 046 1004 1010 0297 21 093 0111 0111 -999 -999 M -999 -999 -999 -999 72 182N 1070W -999 -999 -999 -999 
NHC  95L INVEST    20210625 1800 094N 0232W 310 093 1010 1012 0334 13 222 -999 -999 -999 -999 S -999 -999 -999 -999 -9 -99N -999W -999 -999 -999 -999 
NHC  05E ENRIQUE   20210625 1800 158N 1030W 290 046 1002 1010 0297 23 074 0222 0167 -999 -999 M -999 -999 -999 -999 72 192N 1075W -999 -999 -999 -999 
NHC  05E ENRIQUE   20210625 1800 158N 1030W 290 046 1002 1010 0297 23 074 0204 0167 -999 -999 M -999 -999 -999 -999 72 192N 1075W -999 -999 -999 -999 
NHC  95L INVEST    20210626 0000 104N 0245W 310 088 1010 1012 0334 13 222 -999 -999 -999 -999 S -999 -999 -999 -999 -9 -99N -999W -999 -999 -999 -999 
NHC  95L INVEST    20210626 0000 094N 0244W 290 067 1010 1012 0334 13 222 -999 -999 -999 -999 S -999 -999 -999 -999 -9 -99N -999W -999 -999 -999 -999 
NHC  05E ENRIQUE   20210626 0000 162N 1038W 295 046 0995 1007 0334 28 046 0222 0167 0056 0111 D 0056 0037 -999 0037 72 198N 1076W -999 -999 -999 -999 
NHC  95L INVEST    20210626 0600 104N 0260W 290 072 1010 1012 0334 13 222 -999 -999 -999 -999 S -999 -999 -999 -999 -9 -99N -999W -999 -999 -999 -999 
NHC  95L INVEST    20210626 0600 093N 0260W 270 072 1010 1012 0334 13 222 -999 -999 -999 -999 S -999 -999 -999 -999 -9 -99N -999W -999 -999 -999 -999 
NHC  05E ENRIQUE   20210626 0600 165N 1045W 295 041 0995 1007 0334 31 046 0222 0167 0056 0111 D 0056 0037 -999 0037 72 205N 1083W -999 -999 -999 -999 
NHC  05E ENRIQUE   20210626 0600 165N 1045W 295 041 0992 1007 0334 31 046 0222 0167 0056 0111 D 0056 0037 -999 0037 72 205N 1083W -999 -999 -999 -999 
NHC  95L INVEST    20210626 1200 090N 0269W 270 062 1010 1013 0241 13 148 -999 -999 -999 -999 M -999 -999 -999 -999 -9 -99N -999W -999 -999 -999 -999 
NHC  05E ENRIQUE   20210626 1200 170N 1051W 301 041 0985 1007 0334 36 037 0222 0167 0056 0111 D 0074 0056 -999 0037 72 207N 1085W 0037 -999 -999 -999 
NHC  05E ENRIQUE   20210626 1200 170N 1050W 302 041 0985 1007 0334 36 037 0222 0167 0056 0111 D 0074 0056 -999 0037 72 207N 1085W 0037 -999 -999 -999 
NHC  05E ENRIQUE   20210626 1200 168N 1050W 290 036 0988 1007 0334 33 037 0222 0167 0056 0111 D 0074 0056 -999 0037 72 207N 1085W 0037 -999 -999 -999 
NHC  95L INVEST    20210626 1800 090N 0278W 270 041 1009 1012 0241 13 139 -999 -999 -999 -999 M -999 -999 -999 -999 -9 -99N -999W -999 -999 -999 -999 
NHC  05E ENRIQUE   20210626 1800 172N 1056W 300 031 0980 1007 0334 39 037 0222 0167 0056 0111 D 0074 0056 0037 0074 72 213N 1084W 0037 0028 -999 0037 
NHC  95L INVEST    20210627 0000 090N 0295W 270 062 1009 1012 0445 13 371 -999 -999 -999 -999 S -999 -999 -999 -999 -9 -99N -999W -999 -999 -999 -999 
NHC  05E ENRIQUE   20210627 0000 171N 1059W 305 021 0980 1005 0278 39 037 0222 0167 0056 0111 D 0074 0056 0037 0074 72 218N 1087W 0037 0028 -999 0037 
NHC  95L INVEST    20210627 0600 103N 0312W 285 077 1009 1011 0371 13 278 -999 -999 -999 -999 S -999 -999 -999 -999 -9 -99N -999W -999 -999 -999 -999 
NHC  05E ENRIQUE   20210627 0600 174N 1059W 330 015 0977 1006 0241 41 037 0204 0167 0111 0185 D 0074 0074 0037 0074 72 219N 1090W 0037 0037 -999 0037 
NHC  96L INVEST    20210627 1200 290N 0711W 280 072 1014 1018 0222 15 074 -999 -999 -999 -999 M -999 -999 -999 -999 -9 -99N -999W -999 -999 -999 -999 
NHC  95L INVEST    20210627 1200 101N 0328W 285 088 1009 1012 0371 13 185 -999 -999 -999 -999 S -999 -999 -999 -999 -9 -99N -999W -999 -999 -999 -999 
NHC  05E ENRIQUE   20210627 1200 179N 1059W 345 015 0977 1006 0241 41 037 0204 0167 0111 0185 D 0074 0074 0037 0074 72 221N 1090W 0037 0037 -999 0037 
NHC  96L INVEST    20210627 1800 298N 0728W 285 072 1013 1018 0222 15 074 -999 -999 -999 -999 M -999 -999 -999 -999 -9 -99N -999W -999 -999 -999 -999 
NHC  95L INVEST    20210627 1800 108N 0345W 290 088 1009 1012 0371 13 185 -999 -999 -999 -999 M -999 -999 -999 -999 -9 -99N -999W -999 -999 -999 -999 
NHC  05E ENRIQUE   20210627 1800 187N 1056W 010 026 0977 1006 0241 41 037 0204 0167 0148 0185 D 0074 0093 0074 0074 72 226N 1094W 0037 0037 -999 0037 
NHC  96L INVEST    20210628 0000 301N 0745W 285 077 1013 1017 0222 15 074 -999 -999 -999 -999 M -999 -999 -999 -999 -9 -99N -999W -999 -999 -999 -999 
NHC  95L INVEST    20210628 0000 113N 0364W 290 098 1009 1012 0371 13 185 -999 -999 -999 -999 M -999 -999 -999 -999 -9 -99N -999W -999 -999 -999 -999 
NHC  05E ENRIQUE   20210628 0000 194N 1058W 360 036 0975 1004 0204 41 037 0167 0167 0148 0167 D 0074 0093 0074 0074 72 236N 1095W 0037 0037 -999 0037 
NHC  96L INVEST    20210628 0600 306N 0763W 290 077 1013 1017 0222 15 074 -999 -999 -999 -999 M -999 -999 -999 -999 -9 -99N -999W -999 -999 -999 -999 
NHC  95L INVEST    20210628 0600 116N 0381W 285 093 1009 1012 0371 13 185 -999 -999 -999 -999 M -999 -999 -999 -999 -9 -99N -999W -999 -999 -999 -999 
NHC  05E ENRIQUE   20210628 0600 198N 1062W 340 031 0975 1004 0185 41 037 0148 0167 0148 0167 D 0074 0093 0074 0074 72 244N 1100W 0037 0037 -999 0037 
NHC  96L INVEST    20210628 1200 315N 0776W 295 077 1013 1017 0222 15 056 -999 -999 -999 -999 M -999 -999 -999 -999 -9 -99N -999W -999 -999 -999 -999 
NHC  95L INVEST    20210628 1200 117N 0395W 280 082 1009 1012 0371 13 185 -999 -999 -999 -999 M -999 -999 -999 -999 -9 -99N -999W -999 -999 -999 -999 
NHC  05E ENRIQUE   20210628 1200 202N 1066W 325 031 0977 1004 0185 39 028 0130 0148 0130 0130 D 0056 0074 0074 0074 72 245N 1104W 0028 0028 -999 0028 
NHC  04L FOUR      20210628 1200 315N 0776W 295 077 1013 1017 0222 15 056 -999 -999 -999 -999 M -999 -999 -999 -999 -9 -99N -999W -999 -999 -999 -999 
NHC  95L INVEST    20210628 1800 121N 0433W 280 113 1009 1012 0222 15 111 -999 -999 -999 -999 S -999 -999 -999 -999 -9 -99N -999W -999 -999 -999 -999 
NHC  05E ENRIQUE   20210628 1800 206N 1071W 315 031 0979 1004 0185 33 019 0130 0148 0130 0130 D 0056 0074 0056 0056 72 245N 1108W 0019 0019 -999 0019 
NHC  04L FOUR      20210628 1800 321N 0794W 290 082 1014 1019 0222 18 056 -999 -999 0056 0056 M -999 -999 -999 -999 36 352N  856W -999 -999 -999 -999 
NHC  04L DANNY     20210628 1800 321N 0794W 290 082 1011 1019 0222 18 056 -999 -999 0056 0056 M -999 -999 -999 -999 36 352N  856W -999 -999 -999 -999 
NHC  95L INVEST    20210629 0000 118N 0450W 275 103 1009 1012 0222 15 111 -999 -999 -999 -999 S -999 -999 -999 -999 -9 -99N -999W -999 -999 -999 -999 
NHC  05E ENRIQUE   20210629 0000 209N 1073W 320 026 0992 1005 0167 26 028 0111 0111 0111 0111 D 0056 0056 0037 0037 72 247N 1119W -999 -999 -999 -999 
NHC  04L DANNY     20210629 0000 323N 0807W 285 072 1013 1019 0222 18 056 0074 -999 -999 -999 M -999 -999 -999 -999 24 343N  852W -999 -999 -999 -999 
NHC  95L INVEST    20210629 0600 121N 0470W 275 098 1009 1013 0222 15 111 -999 -999 -999 -999 S -999 -999 -999 -999 -9 -99N -999W -999 -999 -999 -999 
NHC  05E ENRIQUE   20210629 0600 214N 1075W 325 026 0995 1009 0167 23 028 0111 0111 0074 0074 D -999 -999 -999 -999 48 245N 1110W -999 -999 -999 -999 
NHC  04L DANNY     20210629 0600 330N 0830W 290 082 1019 1020 0111 10 074 -999 -999 -999 -999 S -999 -999 -999 -999 12 333N  838W -999 -999 -999 -999 
NHC  04L DANNY     20210629 0600 329N 0827W 290 077 1019 1020 0111 10 074 -999 -999 -999 -999 S -999 -999 -999 -999 12 333N  838W -999 -999 -999 -999 
NHC  97L INVEST    20210629 1200 080N 0348W 270 082 1009 1011 0222 13 130 -999 -999 -999 -999 S -999 -999 -999 -999 -9 -99N -999W -999 -999 -999 -999 
NHC  95L INVEST    20210629 1200 123N 0489W 275 098 1009 1013 0222 15 111 -999 -999 -999 -999 S -999 -999 -999 -999 -9 -99N -999W -999 -999 -999 -999 
NHC  05E ENRIQUE   20210629 1200 222N 1075W 345 031 0999 1009 0167 21 028 0074 0074 -999 -999 M -999 -999 -999 -999 48 252N 1117W -999 -999 -999 -999 
NHC  97L INVEST    20210629 1800 080N 0360W 270 072 1009 1011 0222 13 130 -999 -999 -999 -999 S -999 -999 -999 -999 -9 -99N -999W -999 -999 -999 -999 
NHC  95L INVEST    20210629 1800 124N 0503W 275 082 1011 1014 0222 15 111 -999 -999 -999 -999 S -999 -999 -999 -999 -9 -99N -999W -999 -999 -999 -999 
NHC  05E ENRIQUE   20210629 1800 229N 1080W 330 036 1003 1009 0167 18 028 0056 0056 -999 -999 M -999 -999 -999 -999 48 258N 1119W -999 -999 -999 -999 
NHC  97L INVEST    20210630 0000 081N 0375W 270 072 1009 1011 0222 13 130 -999 -999 -999 -999 S -999 -999 -999 -999 -9 -99N -999W -999 -999 -999 -999 
NHC  95L INVEST    20210630 0000 128N 0524W 280 093 1011 1014 0222 15 111 -999 -999 -999 -999 S -999 -999 -999 -999 -9 -99N -999W -999 -999 -999 -999 
NHC  05E ENRIQUE   20210630 0000 236N 1088W 330 041 1003 1009 0167 18 028 0056 -999 -999 -999 S -999 -999 -999 -999 48 260N 1121W -999 -999 -999 -999 
NHC  97L INVEST    20210630 0600 086N 0393W 280 082 1009 1012 0259 13 130 -999 -999 -999 -999 M -999 -999 -999 -999 -9 -99N -999W -999 -999 -999 -999 
NHC  95L INVEST    20210630 0600 132N 0549W 280 103 1011 1014 0222 15 111 -999 -999 -999 -999 S -999 -999 -999 -999 -9 -99N -999W -999 -999 -999 -999 
NHC  05E ENRIQUE   20210630 0600 241N 1094W 315 046 1003 1011 0148 18 028 0056 -999 -999 -999 M -999 -999 -999 -999 36 255N 1117W -999 -999 -999 -999 
NHC  05E ENRIQUE   20210630 0600 240N 1094W 315 041 1003 1011 0148 18 028 0056 -999 -999 -999 M -999 -999 -999 -999 36 255N 1117W -999 -999 -999 -999 
NHC  97L INVEST    20210630 1200 091N 0411W 285 088 1008 1012 0259 15 130 -999 -999 -999 -999 M -999 -999 -999 -999 -9 -99N -999W -999 -999 -999 -999 
NHC  95L INVEST    20210630 1200 132N 0590W 275 129 1011 1014 0222 15 111 -999 -999 -999 -999 S -999 -999 -999 -999 -9 -99N -999W -999 -999 -999 -999 
NHC  05E ENRIQUE   20210630 1200 244N 1098W 315 036 1005 1011 0148 15 037 -999 -999 -999 -999 S -999 -999 -999 -999 36 258N 1121W -999 -999 -999 -999 
NHC  97L INVEST    20210630 1800 094N 0428W 285 093 1008 1012 0259 15 130 -999 -999 -999 -999 M -999 -999 -999 -999 -9 -99N -999W -999 -999 -999 -999 
NHC  05L INVEST    20210630 1800 094N 0428W 285 093 1008 1012 0259 15 130 -999 -999 -999 -999 M -999 -999 -999 -999 -9 -99N -999W -999 -999 -999 -999 
NHC  05E ENRIQUE   20210630 1800 245N 1102W 305 031 1009 1012 0167 13 046 -999 -999 -999 -999 S -999 -999 -999 -999 24 254N 1117W -999 -999 -999 -999 
NHC  05E ENRIQUE   20210630 1800 244N 1101W 305 026 1009 1012 0167 13 046 -999 -999 -999 -999 S -999 -999 -999 -999 24 254N 1117W -999 -999 -999 -999 
NHC  05L FIVE      20210701 0000 096N 0456W 280 129 1008 1012 0259 15 056 -999 -999 -999 -999 M -999 -999 -999 -999 72 170N  709W -999 -999 -999 -999 
NHC  05L FIVE      20210701 0000 096N 0454W 280 103 1008 1012 0259 15 056 -999 -999 -999 -999 M -999 -999 -999 -999 72 170N  709W -999 -999 -999 -999 
NHC  05L FIVE      20210701 0600 093N 0477W 270 113 1006 1012 0334 18 093 0167 -999 -999 0167 M -999 -999 -999 -999 72 183N  738W -999 -999 -999 -999 
NHC  05L ELSA      20210701 0600 093N 0477W 270 113 1006 1012 0334 18 093 0167 -999 -999 0167 M -999 -999 -999 -999 72 183N  738W -999 -999 -999 -999 
NHC  05L ELSA      20210701 1200 099N 0502W 280 124 1006 1012 0334 18 093 0167 -999 -999 0167 M -999 -999 -999 -999 72 180N  745W -999 -999 -999 -999 
NHC  05L ELSA      20210701 1800 107N 0526W 285 129 1005 1011 0334 21 111 0148 0130 -999 0148 M -999 -999 -999 -999 72 193N  765W -999 -999 -999 -999 
NHC  05L ELSA      20210702 0000 114N 0547W 290 113 1003 1012 0334 23 093 0222 0185 -999 0204 M -999 -999 -999 -999 72 198N  779W -999 -999 -999 -999 
NHC  05L ELSA      20210702 0600 123N 0573W 290 124 1001 1012 0334 26 074 0222 0185 -999 0204 M 0074 -999 -999 -999 72 212N  788W -999 -999 -999 -999 
NHC  05L ELSA      20210702 1200 130N 0598W 290 134 0995 1012 0259 33 037 0222 0185 -999 0204 M 0074 -999 -999 0056 72 217N  797W 0037 -999 -999 0037 
NHC  05L ELSA      20210702 1800 138N 0624W 290 134 0991 1012 0259 39 028 0222 0185 0056 0204 M 0074 -999 -999 0056 72 221N  805W 0037 -999 -999 0037 
NHC  05L ELSA      20210703 0000 145N 0651W 285 139 0995 1012 0259 36 028 0241 0222 0056 0222 D 0111 -999 -999 0074 72 229N  811W 0037 -999 -999 0037 
NHC  05L ELSA      20210703 0600 158N 0679W 290 139 0998 1011 0259 33 028 0204 0185 0056 0185 D 0111 -999 -999 0074 72 237N  817W 0037 -999 -999 0037 
NHC  05L ELSA      20210703 1200 166N 0703W 295 139 0999 1011 0259 33 028 0204 0185 0056 0185 M 0111 -999 -999 0074 72 247N  822W 0037 -999 -999 -999 
NHC  05L ELSA      20210703 1800 173N 0728W 290 129 1002 1011 0259 31 056 0204 0185 0056 0185 M 0111 -999 -999 0074 72 259N  825W -999 -999 -999 -999 
NHC  05L ELSA      20210704 0000 178N 0747W 285 103 0998 1011 0259 31 056 0204 0185 0056 0185 D 0111 -999 -999 0074 72 269N  831W -999 -999 -999 -999 
NHC  05L ELSA      20210704 0000 177N 0747W 290 103 1004 1011 0259 28 046 0204 0185 0056 0185 D 0074 -999 -999 0074 72 269N  831W -999 -999 -999 -999 
NHC  05L ELSA      20210704 0600 179N 0751W 285 062 1006 1010 0185 28 037 0204 0148 0074 0185 D 0093 -999 -999 0074 72 280N  830W -999 -999 -999 -999 
NHC  05L ELSA      20210704 1200 183N 0762W 285 057 1007 1011 0167 26 037 0185 0148 0074 0185 D 0093 -999 -999 0074 72 278N  829W -999 -999 -999 -999 
NHC  05L ELSA      20210704 1800 193N 0774W 310 062 1009 1013 0167 26 037 0148 0148 0074 0148 D 0093 -999 -999 0074 72 286N  828W -999 -999 -999 -999 
NHC  05L ELSA      20210705 0000 202N 0787W 310 072 1005 1013 0167 28 028 0130 0093 0037 0130 D 0037 0037 -999 0037 72 305N  823W -999 -999 -999 -999 
NHC  05L ELSA      20210705 0000 202N 0787W 310 072 1005 1013 0167 26 037 0148 0148 0074 0148 D 0037 0037 -999 0037 72 305N  823W -999 -999 -999 -999 
NHC  05L ELSA      20210705 0600 207N 0796W 305 062 1004 1012 0204 28 028 0111 0111 -999 0093 D 0056 0056 -999 -999 72 315N  816W -999 -999 -999 -999 
NHC  05L ELSA      20210705 1200 215N 0808W 305 062 1006 1012 0185 28 028 0111 0111 -999 0093 D 0056 0056 -999 -999 72 325N  809W -999 -999 -999 -999 
NHC  05L ELSA      20210705 1800 222N 0816W 315 062 1007 1013 0167 26 028 0111 0111 -999 0093 D 0056 0056 -999 -999 72 337N  798W -999 -999 -999 -999 
NHC  05L ELSA      20210706 0000 230N 0820W 325 051 1008 1013 0167 23 028 0111 0056 -999 0093 D -999 -999 -999 -999 72 355N  785W -999 -999 -999 -999 
NHC  05L ELSA      20210706 0000 230N 0820W 325 051 1007 1013 0167 26 028 0111 0056 -999 0093 D 0037 -999 -999 -999 72 355N  785W -999 -999 -999 -999 
NHC  05L ELSA      20210706 0600 238N 0823W 340 051 1007 1013 0167 26 028 0111 0093 -999 0093 D 0037 -999 -999 -999 72 369N  761W -999 -999 -999 -999 
NHC  05L ELSA      20210706 1200 244N 0826W 340 046 1007 1013 0167 26 028 0111 0093 -999 0093 D 0037 -999 -999 -999 72 385N  743W -999 -999 -999 -999 
NHC  05L ELSA      20210706 1800 253N 0830W 340 046 1000 1013 0148 26 037 0130 0148 -999 0111 D 0056 0074 -999 0037 72 395N  725W -999 -999 -999 -999 
NHC  05L ELSA      20210706 1800 253N 0830W 340 046 1000 1013 0148 26 028 0130 0148 -999 0111 D 0056 0074 -999 0037 72 395N  725W -999 -999 -999 -999 
NHC  05L ELSA      20210706 1800 253N 0830W 340 046 0998 1013 0148 31 037 0130 0148 -999 0111 D 0056 0074 -999 0037 72 395N  725W -999 -999 -999 -999 
NHC  05L ELSA      20210707 0000 267N 0832W 355 067 0996 1013 0148 33 037 0130 0148 -999 0111 D 0056 0074 -999 0037 72 405N  710W 0037 -999 -999 -999 
NHC  05L ELSA      20210707 0600 278N 0835W 350 062 1004 1013 0167 28 037 0130 0148 -999 0111 D 0056 0056 -999 -999 72 428N  680W -999 -999 -999 -999 
NHC  05L ELSA      20210707 1200 292N 0836W 350 062 0999 1014 0185 28 037 0130 0148 -999 0093 D 0056 0056 -999 -999 72 456N  646W -999 -999 -999 -999 
NHC  05L ELSA      20210707 1800 303N 0835W 360 062 1002 1014 0185 23 037 0111 0111 -999 0056 D -999 -999 -999 -999 72 490N  609W -999 -999 -999 -999 
NHC  05L ELSA      20210708 0000 315N 0827W 015 067 1006 1013 0185 21 139 -999 0185 -999 -999 D -999 -999 -999 -999 72 500N  570W -999 -999 -999 -999 
NHC  05L ELSA      20210708 0600 327N 0820W 030 072 1007 1014 0222 21 148 -999 0185 -999 -999 D -999 -999 -999 -999 72 540N  500W -999 -999 -999 -999 
NHC  05L ELSA      20210708 1200 342N 0805W 035 082 1006 1014 0222 21 148 -999 0185 -999 -999 D -999 -999 -999 -999 72 566N  448W -999 -999 -999 -999 
NHC  05L ELSA      20210708 1800 355N 0791W 040 088 1007 1014 0222 21 148 -999 0185 -999 -999 D -999 -999 -999 -999 72 590N  400W -999 -999 -999 -999 
NHC  05L ELSA      20210709 0000 369N 0773W 040 093 1004 1013 0222 23 167 -999 0259 -999 -999 D -999 -999 -999 -999 48 515N  545W -999 -999 -999 -999 
NHC  05L ELSA      20210709 0600 384N 0755W 050 113 1002 1013 0222 23 111 0130 0259 -999 -999 D -999 -999 -999 -999 48 545N  485W -999 -999 -999 -999 
NHC  05L ELSA      20210709 1200 402N 0731W 045 134 1000 1010 0222 23 111 0130 0278 -999 -999 D -999 -999 -999 -999 48 554N  452W -999 -999 -999 -999 
NHC  05L ELSA      20210709 1800 420N 0710W 040 129 0999 1010 0259 23 111 0130 0222 -999 -999 D -999 -999 -999 -999 48 565N  410W -999 -999 -999 -999 
NHC  98L INVEST    20210710 1800 407N 0641W 045 129 1012 1014 0093 18 056 -999 0074 -999 -999 S -999 -999 -999 -999 -9 -99N -999W -999 -999 -999 -999 
NHC  98L INVEST    20210710 1800 407N 0641W 045 057 1012 1014 0093 18 056 -999 0074 -999 -999 S -999 -999 -999 -999 -9 -99N -999W -999 -999 -999 -999 
NHC  98L INVEST    20210711 0000 420N 0612W 050 129 1012 1014 0093 18 056 -999 0074 -999 -999 S -999 -999 -999 -999 -9 -99N -999W -999 -999 -999 -999 
NHC  96E INVEST    20210712 1800 104N 1038W 275 041 1008 1010 0278 10 148 -999 -999 -999 -999 S -999 -999 -999 -999 -9 -99N -999W -999 -999 -999 -999 
NHC  96E INVEST    20210713 0000 106N 1049W 280 046 1008 1010 0278 13 148 -999 -999 -999 -999 S -999 -999 -999 -999 -9 -99N -999W -999 -999 -999 -999 
NHC  96E INVEST    20210713 0600 114N 1064W 290 057 1008 1010 0278 13 148 -999 -999 -999 -999 S -999 -999 -999 -999 -9 -99N -999W -999 -999 -999 -999 
NHC  96E INVEST    20210713 1200 120N 1078W 295 072 1008 1010 0278 13 148 -999 -999 -999 -999 S -999 -999 -999 -999 -9 -99N -999W -999 -999 -999 -999 
NHC  96E INVEST    20210713 1800 126N 1091W 295 072 1008 1010 0278 15 111 -999 -999 -999 -999 S -999 -999 -999 -999 -9 -99N -999W -999 -999 -999 -999 
NHC  96E INVEST    20210714 0000 136N 1109W 295 082 1007 1010 0278 15 093 -999 -999 -999 -999 S -999 -999 -999 -999 -9 -99N -999W -999 -999 -999 -999 
NHC  06E SIX       20210714 0600 139N 1122W 290 082 1006 1010 0278 15 046 -999 -999 -999 -999 M -999 -999 -999 -999 -9 -99N -999W -999 -999 -999 -999 
NHC  06E SIX       20210714 1200 141N 1134W 285 072 1004 1010 0278 21 037 0074 0056 -999 0074 M -999 -999 -999 -999 72 155N 1233W -999 -999 -999 -999 
NHC  06E FELICIA   20210714 1200 141N 1134W 285 072 1004 1010 0278 23 037 0074 0056 -999 0074 M -999 -999 -999 -999 72 155N 1233W -999 -999 -999 -999 
NHC  06E FELICIA   20210714 1800 146N 1148W 285 067 0998 1010 0222 28 037 0111 0093 0056 0111 M 0037 0037 -999 0037 72 149N 1240W -999 -999 -999 -999 
NHC  06E FELICIA   20210715 0000 150N 1162W 285 067 0994 1012 0222 31 037 0111 0093 0056 0111 D 0037 0037 -999 0037 72 149N 1251W -999 -999 -999 -999 
NHC  99L INVEST    20210715 0600 371N 0590W 290 015 1017 1020 0222 15 111 -999 -999 -999 -999 S -999 -999 -999 -999 -9 -99N -999W -999 -999 -999 -999 
NHC  06E FELICIA   20210715 0600 151N 1171W 285 062 0992 1012 0185 33 037 0130 0093 0056 0130 D 0056 0037 0037 0056 72 147N 1265W 0037 -999 -999 0019 
NHC  99L INVEST    20210715 1200 371N 0590W 290 015 1017 1020 0222 15 111 -999 -999 -999 -999 S -999 -999 -999 -999 -9 -99N -999W -999 -999 -999 -999 
NHC  97E INVEST    20210715 1200 100N 0990W 275 051 1009 1012 0278 10 000 -999 -999 -999 -999 S -999 -999 -999 -999 -9 -99N -999W -999 -999 -999 -999 
NHC  06E FELICIA   20210715 1200 152N 1182W 280 057 0984 1012 0185 41 037 0111 0093 0056 0111 D 0056 0037 0037 0056 72 143N 1271W 0037 -999 -999 0019 
NHC  99L INVEST    20210715 1800 375N 0586W 010 010 1018 1020 0222 13 111 -999 -999 -999 -999 S -999 -999 -999 -999 -9 -99N -999W -999 -999 -999 -999 
NHC  97E INVEST    20210715 1800 100N 0969W 275 046 1009 1012 0278 10 000 -999 -999 -999 -999 S -999 -999 -999 -999 -9 -99N -999W -999 -999 -999 -999 
NHC  06E FELICIA   20210715 1800 152N 1190W 275 046 0979 1012 0185 44 037 0111 0093 0056 0111 D 0056 0037 0037 0056 72 144N 1282W 0037 -999 -999 0019 
NHC  99L INVEST    20210716 0000 382N 0580W 035 021 1018 1020 0222 13 111 -999 -999 -999 -999 S -999 -999 -999 -999 -9 -99N -999W -999 -999 -999 -999 
NHC  97E INVEST    20210716 0000 106N 0980W 290 051 1009 1012 0278 10 167 -999 -999 -999 -999 S -999 -999 -999 -999 -9 -99N -999W -999 -999 -999 -999 
NHC  06E FELICIA   20210716 0000 153N 1198W 275 046 0975 1012 0222 46 037 0130 0111 0074 0130 D 0074 0056 0037 0074 72 145N 1289W 0037 0019 -999 0037 
NHC  06E FELICIA   20210716 0000 153N 1198W 275 046 0971 1012 0222 49 037 0130 0111 0074 0130 D 0074 0056 0037 0074 72 145N 1289W 0037 0019 0019 0037 
NHC  99L INVEST    20210716 0600 392N 0575W 025 051 1018 1020 0222 13 111 -999 -999 -999 -999 S -999 -999 -999 -999 -9 -99N -999W -999 -999 -999 -999 
NHC  97E INVEST    20210716 0600 113N 1000W 295 082 1008 1011 0278 13 167 -999 -999 -999 -999 S -999 -999 -999 -999 -9 -99N -999W -999 -999 -999 -999 
NHC  97E INVEST    20210716 0600 113N 1000W 295 082 1008 1011 0278 13 167 -999 -999 -999 -999 M -999 -999 -999 -999 -9 -99N -999W -999 -999 -999 -999 
NHC  06E FELICIA   20210716 0600 152N 1206W 265 041 0968 1012 0222 51 028 0093 0074 0074 0093 D 0056 0056 0037 0056 72 150N 1297W 0037 0019 0019 0037 
NHC  97E INVEST    20210716 1200 135N 1030W 295 077 1008 1011 0278 13 167 -999 -999 -999 -999 M -999 -999 -999 -999 -9 -99N -999W -999 -999 -999 -999 
NHC  97E INVEST    20210716 1200 131N 1058W 290 113 1008 1011 0278 13 167 -999 -999 -999 -999 M -999 -999 -999 -999 -9 -99N -999W -999 -999 -999 -999 
NHC  97E INVEST    20210716 1200 124N 1020W 295 093 1008 1011 0278 13 167 -999 -999 -999 -999 M -999 -999 -999 -999 -9 -99N -999W -999 -999 -999 -999 
NHC  06E FELICIA   20210716 1200 151N 1212W 260 036 0962 1012 0222 57 019 0093 0074 0074 0093 D 0074 0056 0056 0074 72 148N 1305W 0037 0028 0028 0037 
NHC  97E INVEST    20210716 1800 138N 1039W 300 062 1008 1011 0278 13 167 -999 -999 -999 -999 M -999 -999 -999 -999 -9 -99N -999W -999 -999 -999 -999 
NHC  06E FELICIA   20210716 1800 150N 1220W 260 041 0958 1012 0222 59 019 0111 0093 0093 0111 D 0074 0056 0056 0074 72 148N 1314W 0037 0028 0028 0037 
NHC  06E FELICIA   20210716 1800 150N 1220W 260 041 0955 1012 0222 59 019 0111 0093 0093 0111 D 0074 0056 0056 0074 72 148N 1314W 0037 0028 0028 0037 
NHC  97E INVEST    20210717 0000 155N 1053W 305 077 1007 1011 0278 15 139 -999 -999 -999 -999 M -999 -999 -999 -999 -9 -99N -999W -999 -999 -999 -999 
NHC  06E FELICIA   20210717 0000 148N 1228W 260 041 0954 1012 0222 59 019 0093 0074 0074 0093 D 0056 0037 0037 0056 72 154N 1326W 0028 0019 0019 0028 
NHC  97E INVEST    20210717 0600 156N 1080W 290 088 1007 1011 0278 15 139 -999 -999 -999 -999 M -999 -999 -999 -999 -9 -99N -999W -999 -999 -999 -999 
NHC  06E FELICIA   20210717 0600 146N 1235W 255 041 0954 1012 0222 59 019 0093 0074 0074 0093 D 0056 0037 0037 0056 72 155N 1340W 0028 0019 0019 0028 
NHC  97E INVEST    20210717 1200 165N 1084W 300 077 1007 1011 0278 15 111 -999 -999 -999 -999 M -999 -999 -999 -999 -9 -99N -999W -999 -999 -999 -999 
NHC  07E SEVEN     20210717 1200 165N 1084W 300 077 1007 1011 0278 15 111 -999 -999 -999 -999 M -999 -999 -999 -999 -9 -99N -999W -999 -999 -999 -999 
NHC  06E FELICIA   20210717 1200 145N 1242W 260 036 0947 1011 0278 64 019 0074 0074 0074 0074 D 0056 0037 0037 0056 72 156N 1349W 0028 0019 0019 0028 
NHC  07E GUILLERMO 20210717 1800 169N 1095W 290 067 1004 1011 0278 18 111 0111 -999 -999 -999 D -999 -999 -999 -999 72 185N 1226W -999 -999 -999 -999 
NHC  06E FELICIA   20210717 1800 147N 1249W 275 036 0947 1011 0334 64 019 0074 0074 0074 0074 D 0056 0037 0037 0056 72 157N 1363W 0028 0019 0019 0028 
NHC  07E GUILLERMO 20210718 0000 173N 1106W 295 067 1004 1011 0278 18 111 0111 -999 -999 -999 D -999 -999 -999 -999 72 184N 1238W -999 -999 -999 -999 
NHC  06E FELICIA   20210718 0000 151N 1257W 285 036 0949 1010 0334 62 019 0074 0074 0074 0074 D 0056 0037 0037 0056 72 156N 1374W 0028 0019 0019 0028 
NHC  07E GUILLERMO 20210718 0600 175N 1111W 285 051 1000 1011 0241 23 111 0111 0111 -999 -999 D -999 -999 -999 -999 72 184N 1255W -999 -999 -999 -999 
NHC  06E FELICIA   20210718 0600 153N 1266W 290 041 0949 1012 0334 62 019 0093 0074 0074 0093 D 0056 0037 0037 0056 72 156N 1386W 0028 0019 0019 0028 
NHC  07E GUILLERMO 20210718 1200 178N 1120W 290 046 1000 1010 0278 23 111 0111 0111 -999 -999 D -999 -999 -999 -999 72 185N 1268W -999 -999 -999 -999 
NHC  06E FELICIA   20210718 1200 156N 1276W 290 046 0954 1011 0334 59 019 0093 0074 0074 0093 D 0056 0037 0037 0056 72 153N 1401W 0028 0019 0019 0028 
NHC  07E GUILLERMO 20210718 1800 184N 1131W 290 057 0999 1010 0278 26 074 0148 0185 -999 0093 D 0074 -999 -999 -999 72 184N 1284W -999 -999 -999 -999 
NHC  06E FELICIA   20210718 1800 159N 1285W 285 046 0959 1011 0334 57 019 0093 0074 0074 0093 D 0056 0037 0037 0056 72 152N 1416W 0028 0019 0019 0028 
NHC  07E GUILLERMO 20210719 0000 188N 1149W 285 088 1001 1010 0278 23 074 0148 0185 -999 0093 M -999 -999 -999 -999 72 186N 1298W -999 -999 -999 -999 
NHC  06E FELICIA   20210719 0000 162N 1296W 290 051 0971 1011 0334 49 019 0093 0074 0074 0093 D 0056 0037 0037 0056 72 150N 1426W 0028 0019 0019 0028 
NHC  07E GUILLERMO 20210719 0600 188N 1161W 270 062 1003 1011 0278 21 074 0185 0185 -999 0093 M -999 -999 -999 -999 72 186N 1316W -999 -999 -999 -999 
NHC  06E FELICIA   20210719 0600 163N 1305W 280 051 0979 1011 0334 44 019 0074 0056 0056 0074 D 0037 0037 0037 0037 72 149N 1441W 0019 0019 0019 0019 
NHC  07E GUILLERMO 20210719 1200 190N 1171W 280 067 1005 1011 0278 18 074 0185 0185 -999 0093 M -999 -999 -999 -999 72 182N 1328W -999 -999 -999 -999 
NHC  06E FELICIA   20210719 1200 163N 1317W 275 051 0990 1011 0334 36 019 0074 0056 0056 0074 D 0037 0037 0037 0037 72 144N 1460W 0019 -999 -999 0019 
NHC  07E GUILLERMO 20210719 1800 193N 1190W 280 072 1007 1011 0278 15 130 -999 -999 -999 -999 M -999 -999 -999 -999 72 179N 1341W -999 -999 -999 -999 
NHC  06E FELICIA   20210719 1800 161N 1328W 265 057 1000 1011 0334 28 019 0074 0056 0037 0074 D 0037 -999 -999 0037 72 140N 1476W -999 -999 -999 -999 
NHC  07E GUILLERMO 20210720 0000 194N 1211W 275 082 1007 1011 0278 15 130 -999 -999 -999 -999 M -999 -999 -999 -999 72 176N 1364W -999 -999 -999 -999 
NHC  06E FELICIA   20210720 0000 161N 1341W 265 062 1003 1011 0334 23 028 0074 0056 -999 0074 D -999 -999 -999 -999 72 131N 1487W -999 -999 -999 -999 
NHC  07E GUILLERMO 20210720 0600 191N 1226W 260 077 1007 1012 0222 15 130 -999 -999 -999 -999 M -999 -999 -999 -999 72 170N 1380W -999 -999 -999 -999 
NHC  06E FELICIA   20210720 0600 160N 1356W 265 067 1005 1011 0222 21 028 0056 -999 -999 0074 M -999 -999 -999 -999 72 130N 1501W -999 -999 -999 -999 
NHC  07E GUILLERMO 20210720 1200 193N 1242W 270 077 1007 1011 0222 15 130 -999 -999 -999 -999 M -999 -999 -999 -999 48 169N 1339W -999 -999 -999 -999 
NHC  06E FELICIA   20210720 1200 159N 1373W 265 077 1006 1011 0222 18 028 0037 -999 -999 0056 M -999 -999 -999 -999 48 137N 1467W -999 -999 -999 -999 
NHC  07E GUILLERMO 20210720 1800 188N 1257W 265 077 1007 1011 0222 15 130 -999 -999 -999 -999 S -999 -999 -999 -999 48 169N 1356W -999 -999 -999 -999 
NHC  06E FELICIA   20210720 1800 155N 1387W 260 077 1008 1011 0222 15 028 -999 -999 -999 -999 S -999 -999 -999 -999 48 136N 1487W -999 -999 -999 -999 
NHC  06E FELICIA   20210721 0000 151N 1402W 255 072 1008 1011 0130 15 074 -999 -999 -999 -999 S -999 -999 -999 -999 48 132N 1500W -999 -999 -999 -999 
NHC  06E FELICIA   20210721 0000 151N 1401W 260 072 1008 1011 0130 15 074 -999 -999 -999 -999 S -999 -999 -999 -999 48 132N 1500W -999 -999 -999 -999 
NHC  06E FELICIA   20210721 0600 149N 1416W 255 072 1008 1012 0204 15 074 -999 -999 -999 -999 S -999 -999 -999 -999 48 130N 1514W -999 -999 -999 -999 
NHC  06E FELICIA   20210721 1200 147N 1431W 260 072 1009 1011 0167 15 065 -999 -999 -999 -999 S -999 -999 -999 -999 -9 -99N -999W -999 -999 -999 -999 
NHC  06E FELICIA   20210721 1800 142N 1443W 260 072 1009 1012 0111 15 056 -999 -999 -999 -999 S -999 -999 -999 -999 -9 -99N -999W -999 -999 -999 -999 
NHC  06E FELICIA   20210722 0000 140N 1457W 260 072 1009 1012 0111 15 056 -999 -999 -999 -999 S -999 -999 -999 -999 -9 -99N -999W -999 -999 -999 -999 
NHC  06E FELICIA   20210722 0600 139N 1471W 260 067 1009 1012 0111 15 056 -999 -999 -999 -999 S -999 -999 -999 -999 -9 -99N -999W -999 -999 -999 -999 
NHC  06E FELICIA   20210722 1200 139N 1483W 265 067 1010 1012 0185 13 083 -999 -999 -999 -999 S -999 -999 -999 -999 -9 -99N -999W -999 -999 -999 -999 
NHC  98E INVEST    20210722 1800 109N 1207W 290 041 1009 1013 0334 10 111 -999 -999 -999 -999 S -999 -999 -999 -999 -9 -99N -999W -999 -999 -999 -999 
NHC  98E INVEST    20210723 0000 115N 1220W 300 051 1009 1013 0334 10 111 -999 -999 -999 -999 S -999 -999 -999 -999 -9 -99N -999W -999 -999 -999 -999 
NHC  98E INVEST    20210723 0600 120N 1231W 300 057 1009 1013 0334 10 111 -999 -999 -999 -999 S -999 -999 -999 -999 -9 -99N -999W -999 -999 -999 -999 
NHC  98E INVEST    20210723 1200 124N 1240W 295 057 1009 1013 0334 13 111 -999 -999 -999 -999 S -999 -999 -999 -999 -9 -99N -999W -999 -999 -999 -999 
NHC  90L INVEST    20210723 1200 313N 0793W 110 041 1017 1019 0278 10 167 -999 -999 -999 -999 S -999 -999 -999 -999 -9 -99N -999W -999 -999 -999 -999 
NHC  98E INVEST    20210723 1800 120N 1251W 280 051 1009 1013 0334 13 111 -999 -999 -999 -999 S -999 -999 -999 -999 -9 -99N -999W -999 -999 -999 -999 
NHC  90L INVEST    20210723 1800 308N 0789W 120 036 1016 1019 0278 13 139 -999 -999 -999 -999 S -999 -999 -999 -999 -9 -99N -999W -999 -999 -999 -999 
NHC  98E INVEST    20210724 0000 123N 1264W 280 057 1009 1013 0278 13 111 -999 -999 -999 -999 S -999 -999 -999 -999 -9 -99N -999W -999 -999 -999 -999 
NHC  90L INVEST    20210724 0000 296N 0787W 145 041 1015 1017 0278 13 139 -999 -999 -999 -999 S -999 -999 -999 -999 -9 -99N -999W -999 -999 -999 -999 
NHC  98E INVEST    20210724 0600 127N 1273W 285 057 1009 1013 0278 13 111 -999 -999 -999 -999 S -999 -999 -999 -999 -9 -99N -999W -999 -999 -999 -999 
NHC  90L INVEST    20210724 0600 293N 0785W 160 036 1015 1017 0278 13 185 -999 -999 -999 -999 S -999 -999 -999 -999 -9 -99N -999W -999 -999 -999 -999 
NHC  98E INVEST    20210724 1200 129N 1284W 285 057 1009 1013 0278 13 111 -999 -999 -999 -999 S -999 -999 -999 -999 -9 -99N -999W -999 -999 -999 -999 
NHC  90L INVEST    20210724 1200 292N 0774W 140 041 1013 1017 0278 13 185 -999 -999 -999 -999 S -999 -999 -999 -999 -9 -99N -999W -999 -999 -999 -999 
NHC  98E INVEST    20210724 1800 132N 1303W 285 067 1009 1013 0278 13 111 -999 -999 -999 -999 S -999 -999 -999 -999 -9 -99N -999W -999 -999 -999 -999 
NHC  90L INVEST    20210724 1800 290N 0774W 180 010 1013 1016 0278 15 185 -999 -999 -999 -999 S -999 -999 -999 -999 -9 -99N -999W -999 -999 -999 -999 
NHC  98E INVEST    20210725 0000 128N 1322W 270 082 1009 1013 0278 13 093 -999 -999 -999 -999 S -999 -999 -999 -999 -9 -99N -999W -999 -999 -999 -999 
NHC  90L INVEST    20210725 0000 290N 0776W 220 010 1011 1013 0259 15 130 -999 -999 -999 -999 S -999 -999 -999 -999 -9 -99N -999W -999 -999 -999 -999 
NHC  98E INVEST    20210725 0600 128N 1334W 270 067 1009 1012 0278 13 093 -999 -999 -999 -999 M -999 -999 -999 -999 -9 -99N -999W -999 -999 -999 -999 
NHC  90L INVEST    20210725 0600 289N 0782W 270 015 1011 1015 0259 15 093 -999 -999 -999 -999 M -999 -999 -999 -999 -9 -99N -999W -999 -999 -999 -999 
NHC  98E INVEST    20210725 1200 129N 1349W 270 072 1009 1012 0278 13 093 -999 -999 -999 -999 M -999 -999 -999 -999 72 136N 1487W -999 -999 -999 -999 
NHC  90L INVEST    20210725 1200 293N 0784W 280 021 1011 1014 0222 15 093 -999 -999 -999 -999 M -999 -999 -999 -999 48 306N  836W -999 -999 -999 -999 
NHC  98E INVEST    20210725 1800 132N 1365W 275 077 1009 1011 0222 13 093 -999 -999 -999 -999 M -999 -999 -999 -999 -9 -99N -999W -999 -999 -999 -999 
NHC  90L INVEST    20210725 1800 293N 0788W 280 021 1012 1014 0222 15 093 -999 -999 -999 -999 M -999 -999 -999 -999 -9 -99N -999W -999 -999 -999 -999 
NHC  98E INVEST    20210726 0000 131N 1377W 275 072 1009 1011 0222 15 111 -999 -999 -999 -999 M -999 -999 -999 -999 -9 -99N -999W -999 -999 -999 -999 
NHC  90L INVEST    20210726 0000 297N 0797W 290 031 1010 1011 0102 15 093 -999 -999 -999 -999 S -999 -999 -999 -999 -9 -99N -999W -999 -999 -999 -999 
NHC  98E INVEST    20210726 0600 130N 1390W 275 067 1009 1013 0222 15 130 -999 -999 -999 -999 M -999 -999 -999 -999 -9 -99N -999W -999 -999 -999 -999 
NHC  90L INVEST    20210726 0600 301N 0806W 295 046 1012 1015 0222 13 093 -999 -999 -999 -999 S -999 -999 -999 -999 -9 -99N -999W -999 -999 -999 -999 
NHC  90L INVEST    20210726 1200 305N 0810W 310 036 1010 1014 0222 13 093 -999 -999 -999 -999 S -999 -999 -999 -999 72 321N  776W -999 -999 -999 -999 
NHC  90C INVEST    20210726 1200 129N 1401W 270 067 1009 1012 0278 13 093 -999 -999 -999 -999 M -999 -999 -999 -999 -9 -99N -999W -999 -999 -999 -999 
NHC  90L INVEST    20210726 1800 308N 0810W 315 026 1011 1013 0222 10 093 -999 -999 -999 -999 S -999 -999 -999 -999 -9 -99N -999W -999 -999 -999 -999 
NHC  90C INVEST    20210726 1800 132N 1412W 275 067 1010 1012 0185 13 093 -999 -999 -999 -999 M -999 -999 -999 -999 -9 -99N -999W -999 -999 -999 -999 
NHC  99E INVEST    20210727 0000 131N 1155W 265 046 1008 1012 0334 10 056 -999 -999 -999 -999 S -999 -999 -999 -999 -9 -99N -999W -999 -999 -999 -999 
NHC  90L INVEST    20210727 0000 311N 0815W 315 026 1011 1013 0185 10 093 -999 -999 -999 -999 S -999 -999 -999 -999 -9 -99N -999W -999 -999 -999 -999 
NHC  99E INVEST    20210727 0600 130N 1162W 260 036 1008 1012 0334 10 056 -999 -999 -999 -999 S -999 -999 -999 -999 -9 -99N -999W -999 -999 -999 -999 
NHC  90L INVEST    20210727 0600 314N 0816W 325 021 1011 1013 0185 10 093 -999 -999 -999 -999 S -999 -999 -999 -999 -9 -99N -999W -999 -999 -999 -999 
NHC  99E INVEST    20210727 1200 128N 1166W 260 031 1008 1011 0334 10 056 -999 -999 -999 -999 S -999 -999 -999 -999 -9 -99N -999W -999 -999 -999 -999 
NHC  90L INVEST    20210727 1200 320N 0811W 020 021 1013 1015 0185 10 093 -999 -999 -999 -999 S -999 -999 -999 -999 -9 -99N -999W -999 -999 -999 -999 
NHC  99E INVEST    20210727 1800 125N 1169W 245 026 1008 1011 0334 10 037 -999 -999 -999 -999 S -999 -999 -999 -999 -9 -99N -999W -999 -999 -999 -999 
NHC  99E INVEST    20210728 0000 124N 1172W 240 021 1008 1011 0334 13 093 -999 -999 -999 -999 S -999 -999 -999 -999 -9 -99N -999W -999 -999 -999 -999 
NHC  99E INVEST    20210728 0600 128N 1182W 270 026 1008 1011 0334 13 093 -999 -999 -999 -999 S -999 -999 -999 -999 -9 -99N -999W -999 -999 -999 -999 
NHC  99E INVEST    20210728 1200 128N 1184W 280 026 1007 1011 0334 15 074 -999 -999 -999 -999 S -999 -999 -999 -999 -9 -99N -999W -999 -999 -999 -999 
NHC  99E INVEST    20210728 1800 135N 1194W 295 036 1008 1011 0334 13 074 -999 -999 -999 -999 S -999 -999 -999 -999 -9 -99N -999W -999 -999 -999 -999 
NHC  99E INVEST    20210729 0000 137N 1201W 290 041 1007 1011 0334 15 074 -999 -999 -999 -999 S -999 -999 -999 -999 -9 -99N -999W -999 -999 -999 -999 
NHC  90E INVEST    20210729 0000 117N 1050W 270 041 1007 1009 0334 13 111 -999 -999 -999 -999 S -999 -999 -999 -999 -9 -99N -999W -999 -999 -999 -999 
NHC  99E INVEST    20210729 1200 137N 1223W 270 051 1007 1011 0334 15 074 -999 -999 -999 -999 S -999 -999 -999 -999 -9 -99N -999W -999 -999 -999 -999 
NHC  90E INVEST    20210729 1200 117N 1069W 270 046 1007 1009 0334 13 111 -999 -999 -999 -999 S -999 -999 -999 -999 -9 -99N -999W -999 -999 -999 -999 
NHC  99E INVEST    20210729 1800 134N 1233W 265 051 1007 1011 0334 15 130 -999 -999 -999 -999 S -999 -999 -999 -999 -9 -99N -999W -999 -999 -999 -999 
NHC  90E INVEST    20210729 1800 118N 1075W 275 041 1007 1009 0334 15 130 -999 -999 -999 -999 S -999 -999 -999 -999 -9 -99N -999W -999 -999 -999 -999 
NHC  99E INVEST    20210730 0000 134N 1245W 270 057 1007 1011 0334 15 130 -999 -999 -999 -999 S -999 -999 -999 -999 -9 -99N -999W -999 -999 -999 -999 
NHC  90E INVEST    20210730 0000 118N 1084W 275 046 1006 1009 0334 15 130 -999 -999 -999 -999 S -999 -999 -999 -999 -9 -99N -999W -999 -999 -999 -999 
NHC  99E INVEST    20210730 0600 134N 1250W 265 046 1007 1011 0334 15 130 -999 -999 -999 -999 S -999 -999 -999 -999 -9 -99N -999W -999 -999 -999 -999 
NHC  90E INVEST    20210730 0600 118N 1100W 270 057 1006 1009 0334 15 167 -999 -999 -999 -999 S -999 -999 -999 -999 -9 -99N -999W -999 -999 -999 -999 
NHC  99E INVEST    20210730 1200 132N 1259W 265 041 1007 1011 0334 15 130 -999 -999 -999 -999 S -999 -999 -999 -999 -9 -99N -999W -999 -999 -999 -999 
NHC  90E INVEST    20210730 1200 117N 1117W 270 072 1006 1009 0334 15 167 -999 -999 -999 -999 S -999 -999 -999 -999 -9 -99N -999W -999 -999 -999 -999 
NHC  99E INVEST    20210730 1800 130N 1261W 260 031 1007 1011 0334 15 130 -999 -999 -999 -999 S -999 -999 -999 -999 -9 -99N -999W -999 -999 -999 -999 
NHC  99E INVEST    20210730 1800 124N 1256W 250 031 1007 1011 0334 15 130 -999 -999 -999 -999 S -999 -999 -999 -999 -9 -99N -999W -999 -999 -999 -999 
NHC  90E INVEST    20210730 1800 119N 1130W 270 072 1003 1009 0334 21 111 0167 0167 -999 -999 M -999 -999 -999 -999 -9 -99N -999W -999 -999 -999 -999 
NHC  09E NINE      20210730 1800 124N 1256W 250 031 1007 1011 0334 13 130 -999 -999 -999 -999 S -999 -999 -999 -999 -9 -99N -999W -999 -999 -999 -999 
NHC  08E HILDA     20210730 1800 119N 1130W 270 072 1003 1009 0334 21 111 0167 0167 -999 -999 M -999 -999 -999 -999 -9 -99N -999W -999 -999 -999 -999 
NHC  09E NINE      20210731 0000 125N 1260W 270 026 1007 1011 0334 13 130 -999 -999 -999 -999 S -999 -999 -999 -999 72 125N 1326W -999 -999 -999 -999 
NHC  08E HILDA     20210731 0000 129N 1140W 300 067 1003 1009 0334 21 111 0167 0167 -999 -999 M -999 -999 -999 -999 72 153N 1244W -999 -999 -999 -999 
NHC  91E INVEST    20210731 0600 117N 1040W 275 082 1010 1012 0278 10 130 -999 -999 -999 -999 S -999 -999 -999 -999 -9 -99N -999W -999 -999 -999 -999 
NHC  09E NINE      20210731 0600 124N 1268W 270 031 1008 1012 0334 13 130 -999 -999 -999 -999 S -999 -999 -999 -999 72 134N 1330W -999 -999 -999 -999 
NHC  08E HILDA     20210731 0600 132N 1152W 290 067 1002 1011 0278 23 111 0185 0185 -999 0148 M -999 -999 -999 -999 72 165N 1248W -999 -999 -999 -999 
NHC  91E INVEST    20210731 1200 119N 1052W 275 072 1010 1012 0278 10 130 -999 -999 -999 -999 S -999 -999 -999 -999 -9 -99N -999W -999 -999 -999 -999 
NHC  09E NINE      20210731 1200 122N 1274W 265 031 1008 1012 0334 13 130 -999 -999 -999 -999 S -999 -999 -999 -999 72 131N 1342W -999 -999 -999 -999 
NHC  08E HILDA     20210731 1200 136N 1162W 290 057 0997 1011 0278 28 093 0185 0185 0074 0148 D 0093 -999 -999 -999 72 163N 1248W -999 -999 -999 -999 
NHC  91E INVEST    20210731 1800 140N 1067W 300 082 1008 1011 0278 13 167 -999 -999 -999 -999 S -999 -999 -999 -999 -9 -99N -999W -999 -999 -999 -999 
NHC  09E NINE      20210731 1800 115N 1282W 245 036 1008 1012 0334 13 130 -999 -999 -999 -999 S -999 -999 -999 -999 72 131N 1350W -999 -999 -999 -999 
NHC  08E HILDA     20210731 1800 140N 1174W 290 062 0994 1010 0278 31 056 0167 0167 0074 0148 D 0093 0056 0037 0074 72 169N 1257W -999 -999 -999 -999 
NHC  91E INVEST    20210801 0000 150N 1085W 305 093 1008 1011 0278 13 167 -999 -999 -999 -999 S -999 -999 -999 -999 -9 -99N -999W -999 -999 -999 -999 
NHC  09E NINE      20210801 0000 115N 1275W 360 000 1008 1012 0334 13 130 -999 -999 -999 -999 S -999 -999 -999 -999 72 130N 1358W -999 -999 -999 -999 
NHC  08E HILDA     20210801 0000 142N 1183W 285 057 0985 1010 0278 39 037 0130 0148 0093 0130 D 0074 0074 0056 0074 72 178N 1267W 0037 0037 -999 0037 
NHC  91E INVEST    20210801 0600 160N 1090W 310 082 1008 1010 0278 15 130 -999 -999 -999 -999 S -999 -999 -999 -999 -9 -99N -999W -999 -999 -999 -999 
NHC  09E NINE      20210801 0600 114N 1273W 360 000 1008 1012 0389 13 130 -999 -999 -999 -999 S -999 -999 -999 -999 72 135N 1356W -999 -999 -999 -999 
NHC  08E HILDA     20210801 0600 144N 1192W 285 046 0985 1011 0278 39 037 0130 0148 0093 0130 D 0074 0074 0056 0074 72 183N 1268W 0037 0037 -999 0037 
NHC  91E INVEST    20210801 1200 167N 1100W 310 062 1008 1011 0278 13 130 -999 -999 -999 -999 S -999 -999 -999 -999 -9 -99N -999W -999 -999 -999 -999 
NHC  09E NINE      20210801 1200 124N 1271W 350 026 1008 1011 0389 13 130 -999 -999 -999 -999 S -999 -999 -999 -999 72 135N 1355W -999 -999 -999 -999 
NHC  08E HILDA     20210801 1200 145N 1198W 280 041 0985 1011 0278 39 037 0130 0148 0093 0130 D 0074 0074 0056 0074 72 187N 1269W 0037 0037 0028 0037 
NHC  91E INVEST    20210801 1800 171N 1114W 295 072 1007 1011 0278 15 093 -999 -999 -999 -999 M -999 -999 -999 -999 -9 -99N -999W -999 -999 -999 -999 
NHC  10E TEN       20210801 1800 171N 1114W 295 072 1007 1011 0278 15 093 -999 -999 -999 -999 M -999 -999 -999 -999 -9 -99N -999W -999 -999 -999 -999 
NHC  09E NINE      20210801 1800 127N 1276W 315 021 1008 1011 0389 13 130 -999 -999 -999 -999 S -999 -999 -999 -999 -9 -99N -999W -999 -999 -999 -999 
NHC  08E HILDA     20210801 1800 147N 1204W 285 036 0985 1011 0278 39 037 0130 0148 0093 0130 D 0074 0074 0056 0074 72 190N 1270W 0037 0037 0028 0037 
NHC  10E TEN       20210802 0000 174N 1124W 295 062 1006 1010 0222 15 093 -999 -999 -999 -999 M -999 -999 -999 -999 48 206N 1193W -999 -999 -999 -999 
NHC  09E NINE      20210802 0000 128N 1285W 290 031 1008 1010 0334 13 130 -999 -999 -999 -999 S -999 -999 -999 -999 -9 -99N -999W -999 -999 -999 -999 
NHC  08E HILDA     20210802 0000 149N 1213W 285 041 0988 1012 0278 36 037 0130 0130 0093 0130 D 0074 0056 0056 0074 72 196N 1275W 0037 0028 0019 0037 
NHC  10E TEN       20210802 0600 178N 1130W 295 046 1006 1012 0222 15 093 -999 -999 -999 -999 M -999 -999 -999 -999 48 204N 1183W -999 -999 -999 -999 
NHC  09E NINE      20210802 0600 129N 1293W 280 041 1008 1010 0334 13 130 -999 -999 -999 -999 S -999 -999 -999 -999 -9 -99N -999W -999 -999 -999 -999 
NHC  08E HILDA     20210802 0600 152N 1219W 290 041 0988 1011 0278 36 028 0111 0148 0093 0111 D 0056 0056 0056 0056 72 203N 1283W 0028 0028 0019 0028 
NHC  10E TEN       20210802 1200 181N 1136W 295 041 1005 1011 0222 18 093 0093 -999 -999 -999 M -999 -999 -999 -999 48 205N 1183W -999 -999 -999 -999 
NHC  10E IGNACIO   20210802 1200 181N 1136W 295 041 1005 1011 0222 18 074 0074 -999 -999 -999 M -999 -999 -999 -999 48 205N 1183W -999 -999 -999 -999 
NHC  09E NINE      20210802 1200 132N 1301W 280 041 1008 1010 0334 13 130 -999 -999 -999 -999 M -999 -999 -999 -999 -9 -99N -999W -999 -999 -999 -999 
NHC  08E HILDA     20210802 1200 152N 1224W 290 036 0988 1011 0278 36 028 0111 0148 0093 0111 D 0056 0056 0056 0056 72 205N 1288W 0028 0028 0019 0028 
NHC  10E IGNACIO   20210802 1800 185N 1144W 295 041 1004 1011 0222 18 074 0074 -999 -999 -999 M -999 -999 -999 -999 48 207N 1185W -999 -999 -999 -999 
NHC  09E NINE      20210802 1800 132N 1309W 290 041 1008 1010 0334 13 130 -999 -999 -999 -999 M -999 -999 -999 -999 -9 -99N -999W -999 -999 -999 -999 
NHC  08E HILDA     20210802 1800 156N 1226W 305 031 0988 1011 0278 36 028 0130 0148 0093 0130 D 0056 0074 0056 0056 72 204N 1293W 0028 0028 0019 0028 
NHC  10E IGNACIO   20210803 0000 193N 1154W 300 041 1005 1011 0222 18 074 0074 -999 -999 -999 M -999 -999 -999 -999 48 212N 1189W -999 -999 -999 -999 
NHC  09E NINE      20210803 0000 129N 1319W 285 041 1008 1010 0222 15 130 -999 -999 -999 -999 M -999 -999 -999 -999 -9 -99N -999W -999 -999 -999 -999 
NHC  08E HILDA     20210803 0000 162N 1230W 320 031 0990 1011 0278 33 028 0130 0148 0093 0130 D 0056 0074 0056 0056 72 211N 1299W 0019 0028 -999 0019 
NHC  10E IGNACIO   20210803 0600 200N 1162W 315 051 1007 1012 0222 15 111 -999 -999 -999 -999 M -999 -999 -999 -999 36 216N 1175W -999 -999 -999 -999 
NHC  09E NINE      20210803 0600 133N 1326W 290 041 1008 1010 0222 15 130 -999 -999 -999 -999 M -999 -999 -999 -999 -9 -99N -999W -999 -999 -999 -999 
NHC  08E HILDA     20210803 0600 170N 1236W 320 036 0992 1011 0278 31 037 0111 0130 0093 0111 D 0056 0056 0037 0056 72 216N 1309W -999 -999 -999 -999 
NHC  08E HILDA     20210803 0600 168N 1237W 315 036 0992 1011 0278 31 037 0111 0130 0093 0130 D 0056 0056 0037 0056 72 216N 1309W -999 -999 -999 -999 
NHC  91L INVEST    20210803 1200 129N 0239W 360 026 1011 1014 0222 10 056 -999 -999 -999 -999 S -999 -999 -999 -999 -9 -99N -999W -999 -999 -999 -999 
NHC  10E IGNACIO   20210803 1200 203N 1166W 310 041 1007 1012 0222 15 111 -999 -999 -999 -999 S -999 -999 -999 -999 24 212N 1166W -999 -999 -999 -999 
NHC  09E NINE      20210803 1200 138N 1332W 305 041 1008 1010 0222 15 130 -999 -999 -999 -999 M -999 -999 -999 -999 -9 -99N -999W -999 -999 -999 -999 
NHC  08E HILDA     20210803 1200 173N 1243W 315 041 0992 1011 0278 31 037 0111 0130 0093 0111 D 0056 0056 0037 0056 72 217N 1320W -999 -999 -999 -999 
NHC  91L INVEST    20210803 1800 137N 0232W 025 031 1010 1012 0185 10 056 -999 -999 -999 -999 S -999 -999 -999 -999 -9 -99N -999W -999 -999 -999 -999 
NHC  10E IGNACIO   20210803 1800 204N 1158W 060 021 1009 1012 0222 13 111 -999 -999 -999 -999 S -999 -999 -999 -999 24 206N 1160W -999 -999 -999 -999 
NHC  09E NINE      20210803 1800 136N 1336W 290 031 1007 1011 0222 15 130 -999 -999 -999 -999 M -999 -999 -999 -999 -9 -99N -999W -999 -999 -999 -999 
NHC  08E HILDA     20210803 1800 177N 1248W 315 036 0994 1011 0278 28 037 0111 0130 0093 0111 D 0056 0056 0037 0056 72 223N 1335W -999 -999 -999 -999 
NHC  91L INVEST    20210804 0000 147N 0230W 010 041 1011 1013 0167 10 056 -999 -999 -999 -999 S -999 -999 -999 -999 -9 -99N -999W -999 -999 -999 -999 
NHC  10E IGNACIO   20210804 0000 202N 1152W 110 031 1009 1012 0222 13 111 -999 -999 -999 -999 S -999 -999 -999 -999 24 199N 1145W -999 -999 -999 -999 
NHC  09E NINE      20210804 0000 141N 1342W 300 036 1007 1010 0259 15 130 -999 -999 -999 -999 M -999 -999 -999 -999 -9 -99N -999W -999 -999 -999 -999 
NHC  08E HILDA     20210804 0000 182N 1253W 315 036 1000 1011 0278 23 037 0148 0130 0093 0111 D -999 -999 -999 -999 72 225N 1355W -999 -999 -999 -999 
NHC  91L INVEST    20210804 0600 157N 0228W 015 051 1011 1013 0167 10 056 -999 -999 -999 -999 S -999 -999 -999 -999 -9 -99N -999W -999 -999 -999 -999 
NHC  09E NINE      20210804 0600 142N 1349W 295 036 1007 1010 0259 15 130 -999 -999 -999 -999 M -999 -999 -999 -999 -9 -99N -999W -999 -999 -999 -999 
NHC  08E HILDA     20210804 0600 187N 1262W 310 041 1003 1011 0278 21 056 0130 0130 0074 0111 M -999 -999 -999 -999 72 229N 1367W -999 -999 -999 -999 
NHC  91L INVEST    20210804 1200 161N 0225W 020 041 1011 1013 0167 10 056 -999 -999 -999 -999 S -999 -999 -999 -999 -9 -99N -999W -999 -999 -999 -999 
NHC  09E NINE      20210804 1200 140N 1352W 285 026 1007 1010 0259 15 130 -999 -999 -999 -999 M -999 -999 -999 -999 -9 -99N -999W -999 -999 -999 -999 
NHC  08E HILDA     20210804 1200 189N 1270W 290 041 1005 1011 0278 18 056 0111 0111 0074 0111 M -999 -999 -999 -999 48 221N 1336W -999 -999 -999 -999 
NHC  91L INVEST    20210804 1800 160N 0223W 095 010 1011 1013 0167 10 074 -999 -999 -999 -999 S -999 -999 -999 -999 -9 -99N -999W -999 -999 -999 -999 
NHC  09E NINE      20210804 1800 146N 1356W 310 026 1007 1010 0259 15 074 -999 -999 -999 -999 M -999 -999 -999 -999 -9 -99N -999W -999 -999 -999 -999 
NHC  09E NINE      20210804 1800 145N 1357W 305 026 1007 1010 0259 15 074 -999 -999 -999 -999 M -999 -999 -999 -999 -9 -99N -999W -999 -999 -999 -999 
NHC  08E HILDA     20210804 1800 192N 1276W 295 036 1005 1011 0278 18 065 -999 0074 0074 -999 M -999 -999 -999 -999 48 222N 1350W -999 -999 -999 -999 
NHC  08E HILDA     20210804 1800 192N 1276W 295 036 1005 1011 0278 18 065 0093 0093 0074 0093 M -999 -999 -999 -999 48 222N 1350W -999 -999 -999 -999 
NHC  09E NINE      20210805 0000 150N 1360W 320 031 1007 1010 0222 15 074 -999 -999 -999 -999 M -999 -999 -999 -999 72 205N 1425W -999 -999 -999 -999 
NHC  08E HILDA     20210805 0000 194N 1282W 290 036 1005 1011 0278 18 056 0074 0074 -999 0074 M -999 -999 -999 -999 48 224N 1361W -999 -999 -999 -999 
NHC  09E NINE      20210805 0600 153N 1364W 315 026 1006 1010 0222 15 074 -999 -999 -999 -999 M -999 -999 -999 -999 72 205N 1435W -999 -999 -999 -999 
NHC  08E HILDA     20210805 0600 199N 1288W 300 036 1005 1011 0278 18 074 0093 0074 -999 -999 M -999 -999 -999 -999 48 226N 1370W -999 -999 -999 -999 
NHC  92L INVEST    20210805 1200 115N 0105W 275 103 1013 1016 0371 10 185 -999 -999 -999 -999 S -999 -999 -999 -999 -9 -99N -999W -999 -999 -999 -999 
NHC  09E JIMENA    20210805 1200 159N 1361W 335 026 1005 1010 0222 18 074 0074 -999 -999 -999 M -999 -999 -999 -999 72 210N 1439W -999 -999 -999 -999 
NHC  09E JIMENA    20210805 1200 157N 1367W 320 031 1005 1010 0222 18 074 0074 -999 -999 -999 M -999 -999 -999 -999 72 210N 1439W -999 -999 -999 -999 
NHC  08E HILDA     20210805 1200 207N 1297W 310 057 1006 1010 0278 15 074 -999 -999 -999 -999 M -999 -999 -999 -999 48 232N 1373W -999 -999 -999 -999 
NHC  92L INVEST    20210805 1800 115N 0125W 270 103 1012 1016 0371 10 185 -999 -999 -999 -999 M -999 -999 -999 -999 -9 -99N -999W -999 -999 -999 -999 
NHC  09E JIMENA    20210805 1800 162N 1373W 315 031 1005 1010 0222 18 074 0074 0037 -999 -999 M -999 -999 -999 -999 72 209N 1443W -999 -999 -999 -999 
NHC  08E HILDA     20210805 1800 213N 1307W 305 057 1006 1010 0278 15 056 -999 -999 -999 -999 M -999 -999 -999 -999 48 239N 1383W -999 -999 -999 -999 
NHC  92L INVEST    20210806 0000 115N 0150W 270 108 1012 1016 0371 10 185 -999 -999 -999 -999 M -999 -999 -999 -999 -9 -99N -999W -999 -999 -999 -999 
NHC  09E JIMENA    20210806 0000 167N 1375W 325 031 1005 1010 0222 18 056 0056 0056 -999 -999 M -999 -999 -999 -999 48 197N 1425W -999 -999 -999 -999 
NHC  08E HILDA     20210806 0000 220N 1317W 305 057 1006 1010 0278 15 037 -999 -999 -999 -999 M -999 -999 -999 -999 48 244N 1393W -999 -999 -999 -999 
NHC  92L INVEST    20210806 0600 111N 0220W 270 072 1011 1016 0371 13 167 -999 -999 -999 -999 M -999 -999 -999 -999 -9 -99N -999W -999 -999 -999 -999 
NHC  09E JIMENA    20210806 0600 171N 1380W 320 031 1006 1010 0222 18 056 0056 0056 -999 -999 M -999 -999 -999 -999 48 190N 1434W -999 -999 -999 -999 
NHC  08E HILDA     20210806 0600 224N 1328W 300 057 1006 1010 0278 15 037 -999 -999 -999 -999 M -999 -999 -999 -999 36 240N 1373W -999 -999 -999 -999 
NHC  92L INVEST    20210806 1200 102N 0238W 260 088 1011 1014 0334 13 167 -999 -999 -999 -999 M -999 -999 -999 -999 -9 -99N -999W -999 -999 -999 -999 
NHC  09E JIMENA    20210806 1200 173N 1390W 300 041 1006 1012 0222 18 056 -999 -999 -999 0056 M -999 -999 -999 -999 48 193N 1438W -999 -999 -999 -999 
NHC  09E JIMENA    20210806 1200 173N 1386W 300 031 1006 1012 0222 18 056 -999 -999 -999 0056 M -999 -999 -999 -999 48 193N 1438W -999 -999 -999 -999 
NHC  08E HILDA     20210806 1200 229N 1337W 300 057 1008 1012 0278 13 037 -999 -999 -999 -999 M -999 -999 -999 -999 36 241N 1377W -999 -999 -999 -999 
NHC  08E HILDA     20210806 1200 227N 1337W 295 051 1008 1012 0278 13 037 -999 -999 -999 -999 M -999 -999 -999 -999 36 241N 1377W -999 -999 -999 -999 
NHC  92L INVEST    20210806 1800 102N 0244W 260 062 1011 1013 0334 13 167 -999 -999 -999 -999 S -999 -999 -999 -999 -9 -99N -999W -999 -999 -999 -999 
NHC  92E INVEST    20210806 1800 140N 1030W 280 041 1009 1012 0241 10 056 -999 -999 -999 -999 S -999 -999 -999 -999 -9 -99N -999W -999 -999 -999 -999 
NHC  09E JIMENA    20210806 1800 175N 1397W 290 036 1008 1012 0167 15 056 -999 -999 -999 -999 S -999 -999 -999 -999 48 195N 1449W -999 -999 -999 -999 
NHC  92L INVEST    20210807 0000 100N 0254W 255 046 1011 1014 0334 13 167 -999 -999 -999 -999 S -999 -999 -999 -999 -9 -99N -999W -999 -999 -999 -999 
NHC  92E INVEST    20210807 0000 150N 1040W 300 051 1009 1012 0241 13 056 -999 -999 -999 -999 S -999 -999 -999 -999 -9 -99N -999W -999 -999 -999 -999 
NHC  09E JIMENA    20210807 0000 178N 1405W 295 041 1009 1012 0167 15 056 -999 -999 -999 -999 S -999 -999 -999 -999 48 192N 1455W -999 -999 -999 -999 
NHC  92L INVEST    20210807 0600 110N 0246W 360 021 1011 1014 0334 13 167 -999 -999 -999 -999 S -999 -999 -999 -999 -9 -99N -999W -999 -999 -999 -999 
NHC  92E INVEST    20210807 0600 155N 1043W 300 036 1009 1012 0241 13 056 -999 -999 -999 -999 S -999 -999 -999 -999 -9 -99N -999W -999 -999 -999 -999 
NHC  09E JIMENA    20210807 0600 182N 1411W 295 036 1012 1015 0093 15 056 -999 -999 -999 -999 S -999 -999 -999 -999 36 192N 1448W -999 -999 -999 -999 
NHC  92L INVEST    20210807 1200 122N 0247W 005 036 1012 1014 0334 13 167 -999 -999 -999 -999 S -999 -999 -999 -999 -9 -99N -999W -999 -999 -999 -999 
NHC  92E INVEST    20210807 1200 158N 1051W 295 036 1008 1012 0241 15 056 -999 -999 -999 -999 S -999 -999 -999 -999 -9 -99N -999W -999 -999 -999 -999 
NHC  11E ELEVEN    20210807 1200 158N 1051W 295 036 1007 1012 0241 15 056 -999 -999 -999 -999 S -999 -999 -999 -999 -9 -99N -999W -999 -999 -999 -999 
NHC  09E JIMENA    20210807 1200 187N 1418W 300 041 1013 1014 0093 13 074 -999 -999 -999 -999 S -999 -999 -999 -999 -9 -99N -999W -999 -999 -999 -999 
NHC  93L INVEST    20210807 1800 133N 0403W 265 021 1011 1013 0167 10 000 -999 -999 -999 -999 S -999 -999 -999 -999 -9 -99N -999W -999 -999 -999 -999 
NHC  92L INVEST    20210807 1800 134N 0250W 360 051 1012 1014 0334 13 167 -999 -999 -999 -999 S -999 -999 -999 -999 -9 -99N -999W -999 -999 -999 -999 
NHC  91C INVEST    20210807 1800 085N 1692W 305 057 1011 1013 0111 13 074 -999 -999 -999 -999 S -999 -999 -999 -999 -9 -99N -999W -999 -999 -999 -999 
NHC  11E ELEVEN    20210807 1800 158N 1063W 270 051 1005 1012 0278 18 056 0074 -999 -999 0074 M -999 -999 -999 -999 72 180N 1137W -999 -999 -999 -999 
NHC  09E JIMENA    20210807 1800 190N 1421W 310 031 1013 1014 0093 13 074 -999 -999 -999 -999 S -999 -999 -999 -999 -9 -99N -999W -999 -999 -999 -999 
NHC  93L INVEST    20210808 0000 136N 0406W 295 021 1011 1013 0167 10 056 -999 -999 -999 -999 S -999 -999 -999 -999 -9 -99N -999W -999 -999 -999 -999 
NHC  92L INVEST    20210808 0000 136N 0255W 330 041 1012 1014 0334 10 278 -999 -999 -999 -999 S -999 -999 -999 -999 -9 -99N -999W -999 -999 -999 -999 
NHC  91C INVEST    20210808 0000 087N 1697W 295 036 1011 1013 0111 13 074 -999 -999 -999 -999 S -999 -999 -999 -999 -9 -99N -999W -999 -999 -999 -999 
NHC  11E KEVIN     20210808 0000 158N 1073W 275 051 1003 1011 0371 21 056 0093 0056 -999 0074 M -999 -999 -999 -999 72 182N 1140W -999 -999 -999 -999 
NHC  09E JIMENA    20210808 0000 193N 1429W 305 036 1013 1014 0093 10 074 -999 -999 -999 -999 S -999 -999 -999 -999 -9 -99N -999W -999 -999 -999 -999 
NHC  93L INVEST    20210808 0600 139N 0415W 285 031 1011 1013 0167 10 056 -999 -999 -999 -999 S -999 -999 -999 -999 -9 -99N -999W -999 -999 -999 -999 
NHC  92L INVEST    20210808 0600 140N 0260W 310 036 1012 1014 0334 10 278 -999 -999 -999 -999 S -999 -999 -999 -999 -9 -99N -999W -999 -999 -999 -999 
NHC  91C INVEST    20210808 0600 103N 1703W 320 051 1010 1012 0111 13 056 -999 -999 -999 -999 S -999 -999 -999 -999 -9 -99N -999W -999 -999 -999 -999 
NHC  11E KEVIN     20210808 0600 158N 1082W 270 051 1003 1011 0371 21 056 0093 0056 -999 0074 M -999 -999 -999 -999 72 186N 1152W -999 -999 -999 -999 
NHC  94L INVEST    20210808 1200 119N 0529W 270 072 1009 1012 0222 13 074 -999 -999 -999 -999 S -999 -999 -999 -999 -9 -99N -999W -999 -999 -999 -999 
NHC  93L INVEST    20210808 1200 141N 0427W 285 041 1010 1013 0167 13 111 -999 -999 -999 -999 S -999 -999 -999 -999 -9 -99N -999W -999 -999 -999 -999 
NHC  93E INVEST    20210808 1200 124N 0941W 270 072 1010 1012 0222 10 093 -999 -999 -999 -999 S -999 -999 -999 -999 -9 -99N -999W -999 -999 -999 -999 
NHC  91C INVEST    20210808 1200 100N 1719W 290 057 1011 1012 0093 10 056 -999 -999 -999 -999 S -999 -999 -999 -999 -9 -99N -999W -999 -999 -999 -999 
NHC  11E KEVIN     20210808 1200 157N 1087W 270 036 0999 1010 0445 26 056 0093 0056 -999 0093 M 0056 -999 -999 0056 72 191N 1165W -999 -999 -999 -999 
NHC  94L INVEST    20210808 1800 131N 0533W 285 046 1011 1012 0222 13 111 -999 -999 -999 -999 S -999 -999 -999 -999 -9 -99N -999W -999 -999 -999 -999 
NHC  93L INVEST    20210808 1800 143N 0447W 280 067 1012 1013 0222 13 111 -999 -999 -999 -999 S -999 -999 -999 -999 -9 -99N -999W -999 -999 -999 -999 
NHC  93E INVEST    20210808 1800 103N 0937W 270 046 1010 1011 0278 10 111 -999 -999 -999 -999 S -999 -999 -999 -999 -9 -99N -999W -999 -999 -999 -999 
NHC  11E KEVIN     20210808 1800 157N 1094W 270 036 0999 1010 0445 26 056 0093 0056 -999 0093 M 0056 -999 -999 0056 72 194N 1173W -999 -999 -999 -999 
NHC  94L INVEST    20210809 0000 126N 0551W 285 067 1010 1013 0222 13 111 -999 -999 -999 -999 M -999 -999 -999 -999 -9 -99N -999W -999 -999 -999 -999 
NHC  93L INVEST    20210809 0000 146N 0457W 280 072 1012 1013 0222 13 111 -999 -999 -999 -999 S -999 -999 -999 -999 -9 -99N -999W -999 -999 -999 -999 
NHC  93E INVEST    20210809 0000 110N 0955W 280 057 1010 1011 0278 10 111 -999 -999 -999 -999 S -999 -999 -999 -999 -9 -99N -999W -999 -999 -999 -999 
NHC  11E KEVIN     20210809 0000 159N 1100W 280 036 0999 1010 0445 26 037 0093 0056 -999 0093 M 0037 -999 -999 0037 72 198N 1184W -999 -999 -999 -999 
NHC  94L INVEST    20210809 0600 128N 0562W 285 062 1010 1013 0222 13 111 -999 -999 -999 -999 M -999 -999 -999 -999 -9 -99N -999W -999 -999 -999 -999 
NHC  93L INVEST    20210809 0600 148N 0467W 280 051 1012 1013 0222 13 111 -999 -999 -999 -999 S -999 -999 -999 -999 -9 -99N -999W -999 -999 -999 -999 
NHC  93E INVEST    20210809 0600 112N 0965W 285 057 1010 1011 0278 10 074 -999 -999 -999 -999 S -999 -999 -999 -999 -9 -99N -999W -999 -999 -999 -999 
NHC  91C INVEST    20210809 0600 115N 1751W 295 062 1011 1012 0093 10 056 -999 -999 -999 -999 S -999 -999 -999 -999 -9 -99N -999W -999 -999 -999 -999 
NHC  11E KEVIN     20210809 0600 161N 1106W 285 031 1001 1010 0445 23 074 -999 -999 0111 0056 M -999 -999 -999 -999 72 206N 1196W -999 -999 -999 -999 
NHC  94L INVEST    20210809 1200 133N 0577W 285 067 1010 1013 0222 13 111 -999 -999 -999 -999 M -999 -999 -999 -999 -9 -99N -999W -999 -999 -999 -999 
NHC  93L INVEST    20210809 1200 151N 0481W 280 062 1012 1013 0222 13 111 -999 -999 -999 -999 S -999 -999 -999 -999 -9 -99N -999W -999 -999 -999 -999 
NHC  93E INVEST    20210809 1200 116N 0976W 290 057 1010 1011 0278 10 074 -999 -999 -999 -999 S -999 -999 -999 -999 -9 -99N -999W -999 -999 -999 -999 
NHC  91C INVEST    20210809 1200 117N 1764W 290 062 1011 1012 0093 10 056 -999 -999 -999 -999 S -999 -999 -999 -999 -9 -99N -999W -999 -999 -999 -999 
NHC  11E KEVIN     20210809 1200 164N 1112W 290 031 1001 1010 0445 23 074 -999 -999 0111 0056 M -999 -999 -999 -999 72 210N 1202W -999 -999 -999 -999 
NHC  94L INVEST    20210809 1800 138N 0586W 290 062 1010 1012 0185 15 111 -999 -999 -999 -999 M -999 -999 -999 -999 -9 -99N -999W -999 -999 -999 -999 
NHC  93E INVEST    20210809 1800 122N 0994W 290 067 1009 1011 0278 13 148 -999 -999 -999 -999 S -999 -999 -999 -999 -9 -99N -999W -999 -999 -999 -999 
NHC  11E KEVIN     20210809 1800 168N 1118W 300 031 1001 1010 0445 23 074 -999 0111 0185 -999 M -999 -999 -999 -999 72 214N 1210W -999 -999 -999 -999 
NHC  06L SIX       20210809 1800 138N 0586W 290 062 1010 1012 0185 15 111 -999 -999 -999 -999 M -999 -999 -999 -999 -9 -99N -999W -999 -999 -999 -999 
NHC  93E INVEST    20210810 0000 126N 1004W 290 057 1008 1012 0334 15 130 -999 -999 -999 -999 M -999 -999 -999 -999 -9 -99N -999W -999 -999 -999 -999 
NHC  11E KEVIN     20210810 0000 172N 1125W 300 036 1003 1010 0445 21 074 -999 0111 0167 -999 M -999 -999 -999 -999 72 220N 1219W -999 -999 -999 -999 
NHC  06L SIX       20210810 0000 147N 0601W 295 072 1010 1012 0185 15 111 -999 -999 -999 -999 M -999 -999 -999 -999 72 211N  750W -999 -999 -999 -999 
NHC  93E INVEST    20210810 0600 128N 1004W 290 036 1008 1012 0334 15 093 -999 -999 -999 -999 M -999 -999 -999 -999 -9 -99N -999W -999 -999 -999 -999 
NHC  12E TWELVE    20210810 0600 128N 1004W 290 036 1008 1012 0334 15 093 -999 -999 -999 -999 M -999 -999 -999 -999 -9 -99N -999W -999 -999 -999 -999 
NHC  11E KEVIN     20210810 0600 179N 1131W 300 041 1003 1010 0445 21 074 -999 0167 0278 -999 M -999 -999 -999 -999 72 227N 1230W -999 -999 -999 -999 
NHC  06L SIX       20210810 0600 153N 0615W 295 077 1010 1012 0185 15 111 -999 -999 -999 -999 M -999 -999 -999 -999 72 217N  761W -999 -999 -999 -999 
NHC  12E TWELVE    20210810 1200 132N 1011W 295 036 1008 1012 0334 15 093 -999 -999 -999 -999 M -999 -999 -999 -999 72 163N 1094W -999 -999 -999 -999 
NHC  11E KEVIN     20210810 1200 188N 1140W 310 051 1003 1010 0445 21 074 -999 0167 0278 -999 M -999 -999 -999 -999 72 239N 1236W -999 -999 -999 -999 
NHC  06L SIX       20210810 1200 160N 0631W 295 082 1011 1013 0185 15 111 -999 -999 -999 -999 M -999 -999 -999 -999 72 220N  770W -999 -999 -999 -999 
NHC  95L INVEST    20210810 1800 115N 0280W 270 093 1009 1010 0278 13 000 -999 -999 -999 -999 S -999 -999 -999 -999 -9 -99N -999W -999 -999 -999 -999 
NHC  12E LINDA     20210810 1800 142N 1024W 305 051 1003 1012 0334 21 093 0148 0148 -999 0093 M -999 -999 -999 -999 72 168N 1104W -999 -999 -999 -999 
NHC  11E KEVIN     20210810 1800 188N 1152W 300 051 1003 1010 0445 21 074 -999 0167 0278 -999 M -999 -999 -999 -999 72 252N 1250W -999 -999 -999 -999 
NHC  11E KEVIN     20210810 1800 188N 1152W 300 051 1000 1010 0445 23 167 -999 0259 0278 -999 M -999 -999 -999 -999 72 252N 1250W -999 -999 -999 -999 
NHC  06L SIX       20210810 1800 166N 0648W 295 088 1012 1014 0185 15 130 -999 -999 -999 -999 M -999 -999 -999 -999 72 227N  781W -999 -999 -999 -999 
NHC  12E LINDA     20210811 0000 143N 1031W 300 046 1001 1012 0334 23 093 0148 0148 -999 0093 M -999 -999 -999 -999 72 178N 1120W -999 -999 -999 -999 
NHC  11E KEVIN     20210811 0000 193N 1152W 310 041 0999 1010 0445 23 167 0130 0241 0297 -999 M -999 -999 -999 -999 72 253N 1266W -999 -999 -999 -999 
NHC  06L SIX       20210811 0000 174N 0661W 295 082 1009 1014 0185 18 074 0074 -999 -999 -999 M -999 -999 -999 -999 72 231N  791W -999 -999 -999 -999 
NHC  12E LINDA     20210811 0600 142N 1040W 275 041 1001 1012 0334 23 093 0148 0148 0167 0130 M -999 -999 -999 -999 72 180N 1127W -999 -999 -999 -999 
NHC  11E KEVIN     20210811 0600 197N 1159W 310 036 1001 1010 0445 21 167 0111 0222 0278 -999 M -999 -999 -999 -999 72 263N 1268W -999 -999 -999 -999 
NHC  06L FRED      20210811 0600 177N 0676W 285 077 1009 1013 0185 18 074 0074 -999 -999 -999 M -999 -999 -999 -999 72 238N  799W -999 -999 -999 -999 
NHC  95L INVEST    20210811 1200 122N 0323W 275 077 1010 1012 0185 13 093 -999 -999 -999 -999 S -999 -999 -999 -999 -9 -99N -999W -999 -999 -999 -999 
NHC  12E LINDA     20210811 1200 138N 1056W 260 062 1001 1012 0278 26 074 0148 0148 0167 0130 M 0074 -999 -999 -999 72 181N 1143W -999 -999 -999 -999 
NHC  11E KEVIN     20210811 1200 207N 1164W 325 046 1002 1011 0556 21 167 0111 0222 0278 -999 M -999 -999 -999 -999 72 270N 1278W -999 -999 -999 -999 
NHC  06L FRED      20210811 1200 180N 0691W 285 077 1006 1012 0185 21 056 0093 -999 -999 -999 M -999 -999 -999 -999 72 241N  807W -999 -999 -999 -999 
NHC  06L FRED      20210811 1200 180N 0691W 285 077 1006 1012 0185 18 074 0074 -999 -999 -999 M -999 -999 -999 -999 72 241N  807W -999 -999 -999 -999 
NHC  95L INVEST    20210811 1800 121N 0350W 275 103 1010 1012 0185 13 093 -999 -999 -999 -999 S -999 -999 -999 -999 -9 -99N -999W -999 -999 -999 -999 
NHC  12E LINDA     20210811 1800 136N 1059W 255 041 0995 1011 0278 31 056 0148 0148 0167 0130 D 0074 -999 -999 0056 72 179N 1162W -999 -999 -999 -999 
NHC  11E KEVIN     20210811 1800 210N 1173W 310 041 1002 1012 0612 21 167 0111 0222 0278 -999 M -999 -999 -999 -999 72 283N 1284W -999 -999 -999 -999 
NHC  06L FRED      20210811 1800 185N 0704W 290 072 1007 1012 0185 18 056 0093 -999 -999 -999 M -999 -999 -999 -999 72 246N  814W -999 -999 -999 -999 
NHC  95L INVEST    20210812 0000 120N 0377W 270 113 1010 1013 0222 13 093 -999 -999 -999 -999 S -999 -999 -999 -999 -9 -99N -999W -999 -999 -999 -999 
NHC  12E LINDA     20210812 0000 136N 1064W 265 031 0995 1011 0278 31 056 0148 0148 0167 0130 D 0074 -999 -999 0056 72 181N 1170W -999 -999 -999 -999 
NHC  12E LINDA     20210812 0000 136N 1063W 260 031 0995 1011 0278 31 056 0148 0148 0167 0130 D 0074 -999 -999 0056 72 181N 1170W -999 -999 -999 -999 
NHC  11E KEVIN     20210812 0000 217N 1177W 315 041 1004 1012 0612 18 148 0148 0185 0185 -999 M -999 -999 -999 -999 72 295N 1294W -999 -999 -999 -999 
NHC  06L FRED      20210812 0000 192N 0716W 300 067 1009 1013 0185 15 074 -999 -999 -999 -999 M -999 -999 -999 -999 72 253N  820W -999 -999 -999 -999 
NHC  95L INVEST    20210812 0600 120N 0394W 270 103 1010 1013 0222 13 093 -999 -999 -999 -999 S -999 -999 -999 -999 -9 -99N -999W -999 -999 -999 -999 
NHC  12E LINDA     20210812 0600 139N 1067W 280 026 0993 1012 0278 31 037 0167 0148 0167 0074 D 0074 0056 -999 -999 72 185N 1181W -999 -999 -999 -999 
NHC  11E KEVIN     20210812 0600 220N 1187W 295 046 1007 1012 0556 15 111 -999 -999 -999 -999 M -999 -999 -999 -999 48 271N 1267W -999 -999 -999 -999 
NHC  06L FRED      20210812 0600 199N 0730W 300 072 1010 1013 0185 15 074 -999 -999 -999 -999 M -999 -999 -999 -999 72 262N  824W -999 -999 -999 -999 
NHC  95L INVEST    20210812 1200 142N 0412W 285 098 1010 1013 0222 15 028 -999 -999 -999 -999 S -999 -999 -999 -999 -9 -99N -999W -999 -999 -999 -999 
NHC  95L INVEST    20210812 1200 126N 0418W 280 108 1010 1013 0222 13 093 -999 -999 -999 -999 S -999 -999 -999 -999 -9 -99N -999W -999 -999 -999 -999 
NHC  12E LINDA     20210812 1200 146N 1073W 310 031 0993 1012 0278 31 037 0167 0148 0167 0093 D 0074 0056 -999 -999 72 190N 1188W -999 -999 -999 -999 
NHC  11E KEVIN     20210812 1200 229N 1200W 300 062 1007 1011 0445 15 130 -999 -999 -999 -999 S -999 -999 -999 -999 48 274N 1276W -999 -999 -999 -999 
NHC  11E KEVIN     20210812 1200 229N 1200W 300 057 1007 1011 0445 13 130 -999 -999 -999 -999 S -999 -999 -999 -999 48 274N 1276W -999 -999 -999 -999 
NHC  06L FRED      20210812 1200 208N 0741W 300 072 1012 1013 0185 15 130 -999 -999 -999 -999 M -999 -999 -999 -999 72 266N  826W -999 -999 -999 -999 
NHC  95L INVEST    20210812 1800 144N 0430W 280 093 1010 1014 0222 15 028 -999 -999 -999 -999 S -999 -999 -999 -999 -9 -99N -999W -999 -999 -999 -999 
NHC  12E LINDA     20210812 1800 150N 1082W 300 041 0990 1011 0278 33 037 0167 0167 0167 0111 D 0074 0074 -999 0056 72 194N 1196W 0037 -999 -999 -999 
NHC  06L FRED      20210812 1800 211N 0750W 295 062 1014 1015 0167 15 130 -999 -999 -999 -999 M -999 -999 -999 -999 72 275N  836W -999 -999 -999 -999 
NHC  95L INVEST    20210813 0000 145N 0450W 275 098 1010 1014 0222 15 037 -999 -999 -999 -999 M -999 -999 -999 -999 -9 -99N -999W -999 -999 -999 -999 
NHC  12E LINDA     20210813 0000 156N 1091W 300 051 0987 1011 0278 39 037 0185 0185 0185 0148 D 0074 0074 0037 0056 72 190N 1208W 0046 0037 -999 -999 
NHC  12E LINDA     20210813 0000 156N 1091W 300 051 0987 1011 0278 36 037 0185 0185 0185 0148 D 0074 0074 0037 0056 72 190N 1208W 0046 0037 -999 -999 
NHC  06L FRED      20210813 0000 213N 0751W 295 036 1013 1017 0185 15 074 -999 -999 -999 -999 M -999 -999 -999 -999 72 281N  841W -999 -999 -999 -999 
NHC  95L INVEST    20210813 0600 152N 0465W 280 088 1010 1014 0222 15 037 -999 -999 -999 -999 M -999 -999 -999 -999 -9 -99N -999W -999 -999 -999 -999 
NHC  12E LINDA     20210813 0600 161N 1101W 300 051 0987 1011 0278 39 028 0185 0241 0278 0130 D 0074 0056 0037 0056 72 189N 1219W 0037 0028 -999 0028 
NHC  12E LINDA     20210813 0600 161N 1101W 300 051 0980 1011 0278 41 028 0185 0241 0278 0130 D 0074 0056 0037 0056 72 189N 1219W 0037 0028 -999 0028 
NHC  06L FRED      20210813 0600 218N 0762W 300 046 1013 1016 0185 15 074 -999 -999 -999 -999 M -999 -999 -999 -999 72 291N  842W -999 -999 -999 -999 
NHC  95L INVEST    20210813 1200 152N 0484W 280 093 1010 1014 0222 15 037 -999 -999 -999 -999 M -999 -999 -999 -999 -9 -99N -999W -999 -999 -999 -999 
NHC  12E LINDA     20210813 1200 166N 1112W 300 057 0971 1011 0278 46 028 0185 0241 0278 0130 D 0074 0056 0056 0056 72 185N 1231W 0037 0028 0028 0028 
NHC  12E LINDA     20210813 1200 166N 1111W 300 057 0980 1011 0278 41 028 0185 0241 0278 0130 D 0074 0056 0037 0056 72 185N 1231W 0037 0028 -999 0028 
NHC  07L SEVEN     20210813 1200 152N 0484W 280 093 1010 1014 0222 15 037 -999 -999 -999 -999 M -999 -999 -999 -999 -9 -99N -999W -999 -999 -999 -999 
NHC  06L FRED      20210813 1200 222N 0777W 295 057 1013 1015 0167 15 074 -999 -999 -999 -999 M -999 -999 -999 -999 72 296N  846W -999 -999 -999 -999 
NHC  12E LINDA     20210813 1800 172N 1123W 300 062 0965 1011 0278 51 037 0185 0204 0130 0185 D 0093 0111 0056 0074 72 182N 1242W 0037 0028 0028 0037 
NHC  07L SEVEN     20210813 1800 153N 0508W 275 103 1010 1014 0222 15 037 -999 -999 -999 -999 M -999 -999 -999 -999 72 184N  687W -999 -999 -999 -999 
NHC  06L FRED      20210813 1800 221N 0791W 275 067 1013 1015 0167 15 074 -999 -999 -999 -999 M -999 -999 -999 -999 72 302N  854W -999 -999 -999 -999 
NHC  12E LINDA     20210814 0000 177N 1133W 300 062 0962 1011 0278 54 037 0185 0204 0111 0185 D 0074 0093 0056 0074 72 182N 1252W 0037 0019 0019 0037 
NHC  07L SEVEN     20210814 0000 156N 0531W 275 108 1010 1014 0222 15 037 -999 -999 -999 -999 M -999 -999 -999 -999 72 190N  703W -999 -999 -999 -999 
NHC  07L SEVEN     20210814 0000 154N 0527W 275 098 1010 1014 0222 15 037 -999 -999 -999 -999 M -999 -999 -999 -999 72 190N  703W -999 -999 -999 -999 
NHC  06L FRED      20210814 0000 225N 0802W 280 062 1013 1014 0167 15 111 -999 -999 -999 -999 M -999 -999 -999 -999 72 302N  862W -999 -999 -999 -999 
NHC  12E LINDA     20210814 0600 182N 1143W 300 057 0964 1011 0278 49 037 0185 0204 0111 0185 D 0074 0093 0056 0074 72 181N 1256W 0037 0019 0019 0037 
NHC  12E LINDA     20210814 0600 182N 1143W 300 057 0963 1011 0278 51 037 0185 0204 0111 0185 D 0074 0093 0056 0074 72 181N 1256W 0037 0019 0019 0037 
NHC  07L SEVEN     20210814 0600 156N 0547W 275 098 1010 1014 0222 15 037 -999 -999 -999 -999 M -999 -999 -999 -999 72 196N  704W -999 -999 -999 -999 
NHC  07L SEVEN     20210814 0600 156N 0547W 275 098 1007 1014 0222 18 037 0037 -999 -999 0037 M -999 -999 -999 -999 72 196N  704W -999 -999 -999 -999 
NHC  07L GRACE     20210814 0600 156N 0547W 275 098 1007 1014 0222 18 037 0037 -999 -999 0037 M -999 -999 -999 -999 72 196N  704W -999 -999 -999 -999 
NHC  06L FRED      20210814 0600 230N 0813W 295 057 1013 1014 0167 15 111 -999 -999 -999 -999 M -999 -999 -999 -999 72 306N  868W -999 -999 -999 -999 
NHC  12E LINDA     20210814 1200 186N 1155W 295 057 0950 1011 0278 59 037 0185 0204 0111 0185 D 0074 0093 0056 0074 72 180N 1264W 0037 0019 0019 0037 
NHC  07L GRACE     20210814 1200 160N 0570W 280 108 1005 1015 0222 21 037 0056 -999 -999 0056 M -999 -999 -999 -999 72 198N  715W -999 -999 -999 -999 
NHC  06L FRED      20210814 1200 230N 0826W 280 057 1013 1014 0167 15 111 -999 -999 -999 -999 M -999 -999 -999 -999 72 309N  874W -999 -999 -999 -999 
NHC  12E LINDA     20210814 1800 190N 1165W 295 057 0950 1014 0278 59 037 0185 0185 0130 0185 D 0093 0093 0056 0093 72 179N 1275W 0037 0019 0019 0037 
NHC  07L GRACE     20210814 1800 158N 0599W 275 129 1010 1014 0222 21 056 0056 -999 -999 0056 M -999 -999 -999 -999 72 205N  728W -999 -999 -999 -999 
NHC  06L FRED      20210814 1800 235N 0841W 290 062 1013 1014 0167 15 130 -999 -999 -999 -999 M -999 -999 -999 -999 72 315N  875W -999 -999 -999 -999 
NHC  96L INVEST    20210815 0000 360N 0635W 170 026 1015 1018 0185 13 074 -999 -999 -999 -999 S -999 -999 -999 -999 -9 -99N -999W -999 -999 -999 -999 
NHC  12E LINDA     20210815 0000 193N 1177W 290 057 0955 1014 0278 57 037 0185 0185 0130 0185 D 0093 0093 0056 0093 72 180N 1282W 0037 0037 0028 0037 
NHC  07L GRACE     20210815 0000 166N 0615W 280 113 1010 1014 0222 18 056 0056 -999 -999 0056 M -999 -999 -999 -999 72 202N  753W -999 -999 -999 -999 
NHC  06L FRED      20210815 0000 236N 0841W 295 041 1012 1013 0185 15 148 -999 -999 -999 -999 M -999 -999 -999 -999 72 324N  882W -999 -999 -999 -999 
NHC  96L INVEST    20210815 0600 356N 0630W 125 021 1014 1017 0185 13 037 -999 -999 -999 -999 S -999 -999 -999 -999 -9 -99N -999W -999 -999 -999 -999 
NHC  12E LINDA     20210815 0600 193N 1187W 285 051 0959 1014 0278 51 037 0167 0130 0130 0167 D 0093 0074 0056 0074 72 182N 1289W 0037 0019 -999 0019 
NHC  07L GRACE     20210815 0600 167N 0637W 280 108 1010 1014 0222 18 056 0056 -999 -999 0056 M -999 -999 -999 -999 72 212N  758W -999 -999 -999 -999 
NHC  06L FRED      20210815 0600 239N 0843W 325 021 1011 1016 0278 18 185 0185 -999 -999 -999 M -999 -999 -999 -999 72 331N  876W -999 -999 -999 -999 
NHC  96L INVEST    20210815 1200 351N 0631W 160 021 1014 1019 0185 13 037 -999 -999 -999 -999 S -999 -999 -999 -999 -9 -99N -999W -999 -999 -999 -999 
NHC  12E LINDA     20210815 1200 191N 1197W 265 046 0962 1013 0297 51 037 0167 0130 0130 0167 D 0093 0074 0056 0074 72 184N 1296W 0046 0037 0028 0037 
NHC  12E LINDA     20210815 1200 191N 1197W 265 046 0962 1013 0297 51 037 0167 0130 0130 0167 D 0093 0074 0056 0074 72 184N 1296W 0037 0019 -999 0019 
NHC  07L GRACE     20210815 1200 170N 0653W 285 077 1010 1014 0222 18 056 0056 -999 -999 0056 M -999 -999 -999 -999 72 220N  780W -999 -999 -999 -999 
NHC  06L FRED      20210815 1200 258N 0847W 330 046 1008 1014 0278 18 130 0130 -999 -999 -999 M -999 -999 -999 -999 72 350N  858W -999 -999 -999 -999 
NHC  96L INVEST    20210815 1800 341N 0628W 170 036 1014 1018 0185 13 037 -999 -999 -999 -999 M -999 -999 -999 -999 -9 -99N -999W -999 -999 -999 -999 
NHC  12E LINDA     20210815 1800 189N 1207W 260 051 0969 1012 0334 49 037 0167 0111 0111 0167 D 0093 0074 0056 0074 72 186N 1309W 0046 0037 0028 0037 
NHC  07L GRACE     20210815 1800 170N 0667W 275 082 1011 1013 0222 15 056 -999 -999 -999 -999 M -999 -999 -999 -999 72 223N  794W -999 -999 -999 -999 
NHC  06L FRED      20210815 1800 263N 0851W 335 046 1007 1014 0278 21 130 0148 0111 -999 -999 M -999 -999 -999 -999 48 325N  864W -999 -999 -999 -999 
NHC  06L FRED      20210815 1800 263N 0851W 335 046 1007 1014 0278 18 130 0148 -999 -999 -999 M -999 -999 -999 -999 48 325N  864W -999 -999 -999 -999 
NHC  96L INVEST    20210816 0000 335N 0628W 170 031 1013 1018 0278 15 037 -999 -999 -999 -999 M -999 -999 -999 -999 -9 -99N -999W -999 -999 -999 -999 
NHC  12E LINDA     20210816 0000 187N 1216W 260 046 0969 1012 0334 49 037 0167 0111 0111 0167 D 0093 0074 0056 0074 72 189N 1320W 0046 0037 0028 0037 
NHC  08L EIGHT     20210816 0000 335N 0627W 170 031 1013 1018 0278 15 037 -999 -999 -999 -999 M -999 -999 -999 -999 -9 -99N -999W -999 -999 -999 -999 
NHC  07L GRACE     20210816 0000 171N 0681W 275 072 1011 1013 0222 15 056 -999 -999 -999 -999 M -999 -999 -999 -999 72 221N  818W -999 -999 -999 -999 
NHC  06L FRED      20210816 0000 271N 0857W 325 041 1000 1011 0259 23 111 0148 0111 -999 -999 M -999 -999 -999 -999 48 333N  855W -999 -999 -999 -999 
NHC  12E LINDA     20210816 0600 183N 1225W 255 046 0972 1012 0334 46 037 0148 0130 0148 0167 D 0074 0074 0074 0093 72 195N 1334W 0046 0046 0037 0056 
NHC  08L EIGHT     20210816 0600 326N 0628W 185 041 1012 1016 0278 15 046 -999 -999 -999 -999 M -999 -999 -999 -999 72 312N  674W -999 -999 -999 -999 
NHC  07L GRACE     20210816 0600 173N 0696W 275 072 1011 1013 0222 15 056 -999 -999 -999 -999 M -999 -999 -999 -999 72 222N  840W -999 -999 -999 -999 
NHC  07L GRACE     20210816 0600 172N 0696W 275 072 1010 1013 0222 15 056 -999 -999 -999 -999 M -999 -999 -999 -999 72 222N  840W -999 -999 -999 -999 
NHC  06L FRED      20210816 0600 275N 0859W 335 031 1003 1011 0259 23 111 0148 0111 -999 -999 M -999 -999 -999 -999 48 344N  849W -999 -999 -999 -999 
NHC  12E LINDA     20210816 1200 180N 1233W 250 046 0972 1012 0334 46 037 0148 0130 0148 0167 D 0074 0074 0074 0093 72 199N 1347W 0046 0046 0037 0056 
NHC  08L EIGHT     20210816 1200 315N 0627W 180 046 1012 1018 0278 15 046 -999 -999 -999 -999 M -999 -999 -999 -999 72 311N  680W -999 -999 -999 -999 
NHC  07L GRACE     20210816 1200 176N 0708W 280 067 1008 1012 0222 15 056 -999 -999 -999 -999 M -999 -999 -999 -999 72 216N  863W -999 -999 -999 -999 
NHC  06L FRED      20210816 1200 287N 0857W 010 046 0993 1010 0185 26 037 0148 0111 -999 -999 M 0056 0056 -999 -999 48 356N  842W -999 -999 -999 -999 
NHC  12E LINDA     20210816 1800 178N 1242W 250 046 0972 1012 0334 46 046 0167 0148 0130 0167 D 0074 0093 0056 0074 72 201N 1360W 0056 0046 0037 0046 
NHC  08L EIGHT     20210816 1800 311N 0629W 195 031 1010 1016 0185 18 046 0037 0056 0037 -999 M -999 -999 -999 -999 72 301N  687W -999 -999 -999 -999 
NHC  07L GRACE     20210816 1800 178N 0718W 285 057 1007 1012 0222 15 056 -999 -999 -999 -999 M -999 -999 -999 -999 72 216N  884W -999 -999 -999 -999 
NHC  06L FRED      20210816 1800 295N 0854W 020 041 0994 1010 0185 28 028 0185 0185 0056 0074 M 0093 0093 -999 0037 48 380N  825W -999 -999 -999 -999 
NHC  12E LINDA     20210817 0000 177N 1250W 255 041 0970 1012 0334 44 046 0167 0148 0130 0167 D 0074 0093 0056 0074 72 207N 1375W 0056 0046 0037 0046 
NHC  08L HENRI     20210817 0000 308N 0631W 205 021 1008 1016 0185 21 046 0037 0056 0037 -999 M -999 -999 -999 -999 72 305N  699W -999 -999 -999 -999 
NHC  07L GRACE     20210817 0000 180N 0730W 280 057 1007 1012 0222 15 056 -999 -999 -999 -999 M -999 -999 -999 -999 72 216N  899W -999 -999 -999 -999 
NHC  06L FRED      20210817 0000 306N 0853W 010 051 0999 1010 0185 23 046 0111 0148 0037 0074 M -999 -999 -999 -999 48 395N  800W -999 -999 -999 -999 
NHC  12E LINDA     20210817 0600 176N 1260W 260 046 0975 1012 0334 41 046 0167 0148 0130 0167 D 0074 0093 0056 0074 72 211N 1390W 0056 0046 0037 0046 
NHC  12E LINDA     20210817 0600 176N 1260W 260 046 0975 1012 0334 41 046 0167 0148 0130 0167 D 0074 0093 0056 0074 72 211N 1390W 0046 0046 0037 0046 
NHC  08L HENRI     20210817 0600 306N 0635W 215 021 1004 1016 0185 23 046 0037 0056 0037 -999 M -999 -999 -999 -999 72 313N  701W -999 -999 -999 -999 
NHC  07L GRACE     20210817 0600 180N 0747W 280 067 1005 1012 0222 18 056 0056 0074 -999 -999 M -999 -999 -999 -999 72 216N  913W -999 -999 -999 -999 
NHC  06L FRED      20210817 0600 317N 0852W 005 057 1004 1010 0185 18 074 0074 0056 -999 -999 M -999 -999 -999 -999 36 385N  814W -999 -999 -999 -999 
NHC  12E LINDA     20210817 1200 175N 1269W 265 046 0981 1012 0334 39 046 0148 0130 0130 0130 D 0074 0074 0056 0074 72 213N 1405W 0046 0046 0037 0046 
NHC  08L HENRI     20210817 1200 305N 0640W 255 026 1004 1017 0278 23 046 0056 0056 0037 -999 M -999 -999 -999 -999 72 316N  706W -999 -999 -999 -999 
NHC  07L GRACE     20210817 1200 182N 0761W 280 067 1005 1011 0222 23 056 0111 0111 -999 -999 M -999 -999 -999 -999 72 214N  927W -999 -999 -999 -999 
NHC  06L FRED      20210817 1200 327N 0850W 005 057 1007 1012 0195 13 185 -999 -999 -999 -999 M -999 -999 -999 -999 36 396N  804W -999 -999 -999 -999 
NHC  12E LINDA     20210817 1800 176N 1278W 270 046 0981 1012 0463 39 046 0148 0130 0130 0130 D 0074 0074 0056 0074 72 213N 1421W 0046 0046 0037 0046 
NHC  08L HENRI     20210817 1800 304N 0642W 255 021 1000 1017 0278 26 046 0111 0111 -999 0074 M 0056 -999 -999 -999 72 316N  713W -999 -999 -999 -999 
NHC  07L GRACE     20210817 1800 184N 0775W 280 067 1004 1011 0222 23 056 0130 0111 -999 0111 M -999 -999 -999 -999 72 211N  940W -999 -999 -999 -999 
NHC  06L FRED      20210817 1800 338N 0844W 015 057 1009 1012 0195 13 185 -999 -999 -999 -999 M -999 -999 -999 -999 72 426N  710W -999 -999 -999 -999 
NHC  12E LINDA     20210818 0000 178N 1290W 280 051 0975 1012 0463 46 046 0148 0130 0111 0148 D 0074 0074 0056 0074 72 215N 1439W 0046 0046 0037 0046 
NHC  08L HENRI     20210818 0000 302N 0645W 255 031 0998 1018 0315 28 037 0093 0130 -999 0093 M 0056 -999 -999 -999 72 320N  715W -999 -999 -999 -999 
NHC  07L GRACE     20210818 0000 183N 0786W 275 062 1000 1010 0222 26 093 0185 0167 -999 0111 M 0093 -999 -999 -999 72 212N  948W -999 -999 -999 -999 
NHC  06L FRED      20210818 0000 358N 0832W 020 077 1009 1013 0195 13 185 -999 -999 -999 -999 M -999 -999 -999 -999 48 424N  733W -999 -999 -999 -999 
NHC  12E LINDA     20210818 0600 179N 1301W 280 051 0975 1012 0463 46 046 0148 0130 0111 0148 D 0074 0074 0056 0074 72 216N 1456W 0046 0046 0037 0046 
NHC  08L HENRI     20210818 0600 301N 0653W 255 026 0998 1018 0315 28 037 0093 0130 -999 0093 M 0056 -999 -999 -999 72 320N  719W -999 -999 -999 -999 
NHC  07L GRACE     20210818 0600 187N 0801W 280 067 1000 1010 0222 26 093 0185 0167 -999 0111 M 0093 -999 -999 -999 72 208N  956W -999 -999 -999 -999 
NHC  06L FRED      20210818 0600 378N 0823W 025 098 1011 1015 0195 10 185 -999 -999 -999 -999 M -999 -999 -999 -999 48 429N  724W -999 -999 -999 -999 
NHC  12E LINDA     20210818 1200 181N 1313W 280 057 0975 1011 0371 46 037 0148 0130 0111 0148 D 0074 0074 0056 0074 72 216N 1468W 0046 0046 0037 0046 
NHC  08L HENRI     20210818 1200 300N 0661W 260 036 0998 1018 0334 28 037 0093 0130 -999 0093 M 0056 -999 -999 -999 72 330N  719W -999 -999 -999 -999 
NHC  07L GRACE     20210818 1200 191N 0814W 285 067 0993 1010 0204 31 074 0185 0167 -999 0111 D 0093 0074 -999 -999 72 207N  968W -999 -999 -999 -999 
NHC  06L FRED      20210818 1200 389N 0815W 025 098 1013 1016 0278 13 185 -999 -999 -999 -999 M -999 -999 -999 -999 48 433N  708W -999 -999 -999 -999 
NHC  12E LINDA     20210818 1800 185N 1325W 285 062 0977 1012 0417 44 037 0148 0130 0111 0148 D 0074 0074 0056 0074 72 216N 1480W 0046 0046 0037 0046 
NHC  08L HENRI     20210818 1800 299N 0671W 265 041 0998 1018 0334 31 037 0093 0130 0074 0093 M 0056 0037 -999 0056 72 342N  715W -999 -999 -999 -999 
NHC  07L GRACE     20210818 1800 196N 0830W 285 072 0993 1011 0204 36 028 0222 0167 -999 0148 D 0093 0056 -999 0037 72 205N  977W 0028 0028 -999 0019 
NHC  06L FRED      20210818 1800 404N 0797W 030 093 1014 1016 0195 10 185 -999 -999 -999 -999 M -999 -999 -999 -999 48 432N  693W -999 -999 -999 -999 
NHC  12E LINDA     20210819 0000 190N 1340W 285 067 0980 1012 0371 41 037 0130 0111 0093 0130 D 0074 0074 0056 0074 72 218N 1490W 0046 0046 0037 0046 
NHC  08L HENRI     20210819 0000 298N 0680W 265 041 0995 1018 0334 31 046 0093 0130 0074 0093 M 0056 0037 -999 0056 72 352N  717W -999 -999 -999 -999 
NHC  07L GRACE     20210819 0000 198N 0848W 280 082 0988 1010 0204 36 037 0222 0167 0111 0148 D 0130 0056 0037 0056 72 200N  999W 0056 0037 -999 0037 
NHC  06L FRED      20210819 0000 412N 0776W 045 088 1013 1016 0278 10 232 -999 -999 -999 -999 M -999 -999 -999 -999 36 436N  702W -999 -999 -999 -999 
NHC  12E LINDA     20210819 0600 195N 1355W 290 077 0983 1012 0371 39 037 0130 0111 0093 0130 D 0074 0074 0056 0074 72 219N 1504W 0046 0046 -999 0046 
NHC  08L HENRI     20210819 0600 295N 0690W 255 046 0995 1017 0278 31 046 0130 0111 0074 0130 M 0074 0074 -999 0037 72 369N  707W -999 -999 -999 -999 
NHC  07L GRACE     20210819 0600 199N 0864W 280 082 0986 1010 0204 36 037 0222 0167 0111 0148 D 0130 0056 0037 0056 72 197N 1016W 0056 0037 -999 0037 
NHC  06L FRED      20210819 0600 418N 0767W 050 082 1011 1018 0343 10 315 -999 -999 -999 -999 M -999 -999 -999 -999 36 439N  686W -999 -999 -999 -999 
NHC  12E LINDA     20210819 1200 198N 1368W 290 072 0996 1012 0371 31 037 0130 0111 0093 0130 D 0074 0074 0056 0074 72 221N 1516W -999 -999 -999 -999 
NHC  08L HENRI     20210819 1200 295N 0700W 265 046 0995 1017 0278 31 046 0130 0111 0074 0130 M 0074 0074 -999 0037 72 382N  702W -999 -999 -999 -999 
NHC  07L GRACE     20210819 1200 201N 0881W 280 082 0994 1010 0204 31 037 0222 0130 0093 0111 D 0074 0056 -999 0056 48 201N  973W -999 -999 -999 -999 
NHC  12E LINDA     20210819 1800 196N 1387W 275 077 1005 1012 0371 23 037 0130 0093 0093 0130 D -999 -999 -999 -999 72 220N 1524W -999 -999 -999 -999 
NHC  08L HENRI     20210819 1800 296N 0710W 270 046 0999 1017 0278 28 046 0148 0111 0074 0111 M 0074 0074 -999 -999 72 396N  700W -999 -999 -999 -999 
NHC  07L GRACE     20210819 1800 205N 0895W 280 077 0997 1010 0204 26 037 0259 0093 0074 0241 D 0056 -999 -999 0056 48 200N  987W -999 -999 -999 -999 
NHC  06L FRED      20210819 1800 428N 0735W 060 057 1010 1016 0371 13 278 -999 -999 -999 -999 M -999 -999 -999 -999 24 445N  689W -999 -999 -999 -999 
NHC  12E LINDA     20210820 0000 198N 1403W 275 077 1006 1012 0371 21 037 0111 0074 0074 0111 D -999 -999 -999 -999 72 215N 1539W -999 -999 -999 -999 
NHC  08L HENRI     20210820 0000 297N 0720W 275 046 0997 1016 0278 28 056 0148 0111 0074 0111 M 0093 0074 -999 -999 72 408N  701W -999 -999 -999 -999 
NHC  07L GRACE     20210820 0000 208N 0910W 285 072 0994 1010 0204 28 037 0259 0093 0074 0241 D 0056 -999 -999 0037 48 196N  994W -999 -999 -999 -999 
NHC  06L FRED      20210820 0000 427N 0725W 070 057 1009 1012 0232 13 185 -999 -999 -999 -999 M -999 -999 -999 -999 24 442N  686W -999 -999 -999 -999 
NHC  12E LINDA     20210820 0600 199N 1419W 275 077 1006 1013 0278 18 074 0111 0037 0037 0111 M -999 -999 -999 -999 72 218N 1554W -999 -999 -999 -999 
NHC  12E LINDA     20210820 0600 198N 1419W 270 077 1006 1013 0278 21 074 0130 -999 -999 0130 M -999 -999 -999 -999 72 218N 1554W -999 -999 -999 -999 
NHC  08L HENRI     20210820 0600 300N 0728W 290 041 0995 1014 0334 28 056 0148 0111 0074 0111 M 0093 0074 -999 -999 72 417N  708W -999 -999 -999 -999 
NHC  07L GRACE     20210820 0600 207N 0927W 270 077 0994 1010 0278 31 037 0241 0148 0074 0204 D 0056 0056 -999 0056 48 196N 1005W -999 -999 -999 -999 
NHC  12E LINDA     20210820 1200 202N 1433W 280 077 1006 1011 0241 18 093 0130 -999 -999 0130 M -999 -999 -999 -999 72 214N 1561W -999 -999 -999 -999 
NHC  08L HENRI     20210820 1200 300N 0736W 280 036 0996 1014 0334 28 056 0148 0148 0074 0111 M 0093 0093 -999 -999 72 422N  716W -999 -999 -999 -999 
NHC  07L GRACE     20210820 1200 206N 0937W 265 067 0983 1010 0278 39 037 0315 0167 0148 0222 D 0093 0056 0056 0074 48 194N 1022W 0046 -999 -999 0037 
NHC  12E LINDA     20210820 1800 199N 1447W 270 072 1007 1012 0232 18 083 0083 -999 -999 0083 M -999 -999 -999 -999 72 213N 1569W -999 -999 -999 -999 
NHC  08L HENRI     20210820 1800 308N 0738W 335 031 0994 1014 0334 31 056 0167 0185 0093 0130 M 0093 0093 -999 -999 72 424N  718W -999 -999 -999 -999 
NHC  07L GRACE     20210820 1800 206N 0945W 265 046 0979 1012 0334 41 037 0297 0167 0148 0185 D 0111 0056 0056 0093 36 194N 1011W 0037 -999 -999 0037 
NHC  12E LINDA     20210821 0000 199N 1461W 270 067 1007 1012 0232 18 093 0093 -999 -999 0093 M -999 -999 -999 -999 -9 -99N -999W -999 -999 -999 -999 
NHC  08L HENRI     20210821 0000 316N 0737W 360 031 0994 1013 0334 31 056 0167 0185 0093 0130 M 0093 0093 -999 -999 72 429N  726W -999 -999 -999 -999 
NHC  07L GRACE     20210821 0000 207N 0957W 270 046 0967 1012 0334 54 037 0241 0167 0130 0185 D 0093 0056 0056 0093 36 195N 1019W 0046 0037 0037 0046 
NHC  07L GRACE     20210821 0000 207N 0957W 270 046 0967 1012 0334 44 037 0241 0167 0130 0185 D 0093 0056 0056 0093 36 195N 1019W 0046 0037 0037 0046 
NHC  12E LINDA     20210821 0600 198N 1473W 270 067 1007 1012 0232 18 093 0111 -999 -999 0093 M -999 -999 -999 -999 -9 -99N -999W -999 -999 -999 -999 
NHC  08L HENRI     20210821 0600 325N 0734W 010 046 0996 1010 0389 31 056 0167 0185 0093 0130 M 0093 0093 -999 -999 72 427N  723W -999 -999 -999 -999 
NHC  07L GRACE     20210821 0600 206N 0972W 270 057 0962 1012 0334 57 037 0241 0167 0130 0185 D 0093 0056 0056 0093 24 200N 1009W 0046 0037 0037 0046 
NHC  12E LINDA     20210821 1200 200N 1481W 275 041 1006 1011 0222 18 093 0111 -999 -999 0093 M -999 -999 -999 -999 -9 -99N -999W -999 -999 -999 -999 
NHC  08L HENRI     20210821 1200 336N 0727W 020 057 0993 1010 0334 31 056 0167 0185 0093 0130 M 0093 0093 -999 -999 72 433N  715W -999 -999 -999 -999 
NHC  07L GRACE     20210821 1200 199N 0983W 250 057 0980 1008 0334 41 037 0241 0167 0130 0185 D 0093 0056 0056 0093 24 201N 1016W 0046 0037 0037 0046 
NHC  12E LINDA     20210821 1800 202N 1490W 275 046 1006 1011 0222 18 093 0111 -999 -999 0093 M -999 -999 -999 -999 -9 -99N -999W -999 -999 -999 -999 
NHC  08L HENRI     20210821 1800 354N 0718W 020 082 0991 1010 0334 33 074 0185 0241 0185 0074 D 0111 0148 -999 -999 72 438N  692W -999 -999 -999 -999 
NHC  07L GRACE     20210821 1800 197N 0995W 260 057 0998 1008 0278 21 037 0241 0167 0130 0185 D -999 -999 -999 -999 24 190N 1025W -999 -999 -999 -999 
NHC  12E LINDA     20210822 0000 206N 1497W 290 041 1004 1010 0204 21 111 0111 -999 -999 0093 M -999 -999 -999 -999 -9 -99N -999W -999 -999 -999 -999 
NHC  08L HENRI     20210822 0000 376N 0709W 020 103 0988 1010 0334 33 037 0185 0241 0185 0074 D 0111 0148 0056 -999 72 443N  681W -999 0056 -999 -999 
NHC  94E INVEST    20210822 0600 189N 1043W 265 072 1004 1006 0185 15 074 -999 -999 -999 -999 S -999 -999 -999 -999 -9 -99N -999W -999 -999 -999 -999 
NHC  12E LINDA     20210822 0600 207N 1507W 285 046 1005 1011 0167 21 093 0130 -999 -999 0111 S -999 -999 -999 -999 -9 -99N -999W -999 -999 -999 -999 
NHC  08L HENRI     20210822 0600 394N 0710W 355 093 0987 1012 0445 33 037 0148 0204 0148 0074 D 0093 0130 -999 -999 72 448N  635W -999 0056 -999 -999 
NHC  94E INVEST    20210822 1200 189N 1058W 270 072 1004 1006 0185 15 074 -999 -999 -999 -999 S -999 -999 -999 -999 -9 -99N -999W -999 -999 -999 -999 
NHC  12E LINDA     20210822 1200 208N 1517W 280 046 1007 1011 0167 18 074 0111 -999 -999 0111 S -999 -999 -999 -999 -9 -99N -999W -999 -999 -999 -999 
NHC  08L HENRI     20210822 1200 407N 0713W 345 072 0986 1012 0445 28 046 0148 0204 0148 0074 D 0093 0130 -999 -999 48 438N  705W -999 -999 -999 -999 
NHC  94E INVEST    20210822 1800 193N 1076W 275 077 1004 1006 0185 15 074 -999 -999 -999 -999 S -999 -999 -999 -999 -9 -99N -999W -999 -999 -999 -999 
NHC  94E INVEST    20210822 1800 192N 1070W 275 067 1004 1006 0185 15 074 -999 -999 -999 -999 S -999 -999 -999 -999 -9 -99N -999W -999 -999 -999 -999 
NHC  12E LINDA     20210822 1800 210N 1527W 280 046 1006 1012 0167 18 074 0130 -999 -999 0130 M -999 -999 -999 -999 -9 -99N -999W -999 -999 -999 -999 
NHC  08L HENRI     20210822 1800 415N 0719W 320 041 0991 1012 0445 21 046 0111 0111 0056 0037 D -999 -999 -999 -999 48 437N  687W -999 -999 -999 -999 
NHC  94E INVEST    20210823 0000 199N 1094W 285 088 1002 1006 0185 15 093 -999 -999 -999 -999 S -999 -999 -999 -999 -9 -99N -999W -999 -999 -999 -999 
NHC  12E LINDA     20210823 0000 210N 1538W 275 051 1006 1011 0185 21 074 0130 -999 -999 0130 M -999 -999 -999 -999 -9 -99N -999W -999 -999 -999 -999 
NHC  08L HENRI     20210823 0000 418N 0729W 290 036 1000 1010 0278 15 056 -999 -999 -999 -999 D -999 -999 -999 -999 48 436N  665W -999 -999 -999 -999 
NHC  94E INVEST    20210823 0600 199N 1103W 280 072 1000 1008 0371 18 074 0074 -999 0111 0111 M -999 -999 -999 -999 -9 -99N -999W -999 -999 -999 -999 
NHC  13E MARTY     20210823 0600 199N 1103W 280 072 1000 1008 0371 18 074 0074 -999 0111 0111 M -999 -999 -999 -999 -9 -99N -999W -999 -999 -999 -999 
NHC  12E LINDA     20210823 0600 210N 1548W 270 051 1006 1012 0167 21 074 0130 -999 -999 0130 M -999 -999 -999 -999 -9 -99N -999W -999 -999 -999 -999 
NHC  08L HENRI     20210823 0600 417N 0744W 295 041 1005 1010 0278 13 056 -999 -999 -999 -999 M -999 -999 -999 -999 48 434N  655W -999 -999 -999 -999 
NHC  98L INVEST    20210823 1200 074N 0209W 270 067 1009 1012 0222 13 111 -999 -999 -999 -999 M -999 -999 -999 -999 -9 -99N -999W -999 -999 -999 -999 
NHC  97L INVEST    20210823 1200 169N 0380W 310 103 1009 1012 0278 13 148 -999 -999 -999 -999 M -999 -999 -999 -999 -9 -99N -999W -999 -999 -999 -999 
NHC  13E MARTY     20210823 1200 204N 1117W 285 067 1003 1008 0371 18 074 0074 -999 0111 0111 M -999 -999 -999 -999 72 198N 1243W -999 -999 -999 -999 
NHC  12E LINDA     20210823 1200 210N 1555W 270 046 1006 1012 0167 21 074 0111 -999 -999 0111 S -999 -999 -999 -999 -9 -99N -999W -999 -999 -999 -999 
NHC  08L HENRI     20210823 1200 414N 0740W 265 026 1005 1012 0371 13 056 -999 -999 -999 -999 M -999 -999 -999 -999 36 423N  682W -999 -999 -999 -999 
NHC  98L INVEST    20210823 1800 074N 0221W 270 067 1009 1012 0222 13 111 -999 -999 -999 -999 M -999 -999 -999 -999 -9 -99N -999W -999 -999 -999 -999 
NHC  97L INVEST    20210823 1800 185N 0398W 315 108 1009 1012 0278 13 148 -999 -999 -999 -999 M -999 -999 -999 -999 -9 -99N -999W -999 -999 -999 -999 
NHC  13E MARTY     20210823 1800 208N 1134W 285 077 1001 1008 0371 21 074 0056 0037 0074 0093 M -999 -999 -999 -999 72 202N 1255W -999 -999 -999 -999 
NHC  12E LINDA     20210823 1800 211N 1562W 275 036 1006 1012 0167 18 074 0111 -999 -999 0111 S -999 -999 -999 -999 -9 -99N -999W -999 -999 -999 -999 
NHC  08L HENRI     20210823 1800 415N 0741W 250 015 1005 1012 0556 13 056 -999 -999 -999 -999 M -999 -999 -999 -999 36 429N  656W -999 -999 -999 -999 
NHC  98L INVEST    20210824 0000 076N 0233W 275 067 1009 1011 0222 13 111 -999 -999 -999 -999 M -999 -999 -999 -999 -9 -99N -999W -999 -999 -999 -999 
NHC  97L INVEST    20210824 0000 195N 0413W 315 093 1010 1012 0278 13 148 -999 -999 -999 -999 M -999 -999 -999 -999 -9 -99N -999W -999 -999 -999 -999 
NHC  13E MARTY     20210824 0000 207N 1151W 270 082 1002 1008 0334 21 056 0056 0037 0074 0093 M -999 -999 -999 -999 72 208N 1270W -999 -999 -999 -999 
NHC  12E LINDA     20210824 0000 212N 1574W 275 041 1007 1012 0167 15 074 -999 -999 -999 -999 S -999 -999 -999 -999 -9 -99N -999W -999 -999 -999 -999 
NHC  08L HENRI     20210824 0000 412N 0727W 110 026 1006 1008 0204 10 056 -999 -999 -999 -999 M -999 -999 -999 -999 24 424N  682W -999 -999 -999 -999 
NHC  98L INVEST    20210824 0600 083N 0247W 285 067 1009 1011 0222 13 111 -999 -999 -999 -999 S -999 -999 -999 -999 -9 -99N -999W -999 -999 -999 -999 
NHC  97L INVEST    20210824 0600 213N 0446W 305 129 1010 1012 0278 18 074 0074 -999 -999 -999 M -999 -999 -999 -999 -9 -99N -999W -999 -999 -999 -999 
NHC  95E INVEST    20210824 0600 125N 0940W 290 026 1007 1010 0334 10 148 -999 -999 -999 -999 S -999 -999 -999 -999 -9 -99N -999W -999 -999 -999 -999 
NHC  13E MARTY     20210824 0600 206N 1164W 265 072 1003 1008 0334 18 056 0056 0037 0074 0093 M -999 -999 -999 -999 72 201N 1285W -999 -999 -999 -999 
NHC  12E LINDA     20210824 0600 208N 1587W 265 051 1012 1013 0278 13 093 -999 -999 -999 -999 S -999 -999 -999 -999 -9 -99N -999W -999 -999 -999 -999 
NHC  08L HENRI     20210824 0600 416N 0713W 085 036 1007 1010 0204 10 056 -999 -999 -999 -999 M -999 -999 -999 -999 12 416N  697W -999 -999 -999 -999 
NHC  98L INVEST    20210824 1200 090N 0267W 290 088 1008 1010 0334 13 111 -999 -999 -999 -999 S -999 -999 -999 -999 -9 -99N -999W -999 -999 -999 -999 
NHC  97L INVEST    20210824 1200 220N 0468W 295 113 1010 1013 0278 15 074 -999 -999 -999 -999 M -999 -999 -999 -999 -9 -99N -999W -999 -999 -999 -999 
NHC  97L INVEST    20210824 1200 220N 0468W 295 113 1009 1013 0278 18 074 0074 -999 -999 -999 M -999 -999 -999 -999 -9 -99N -999W -999 -999 -999 -999 
NHC  95E INVEST    20210824 1200 128N 0945W 290 026 1007 1010 0334 10 148 -999 -999 -999 -999 M -999 -999 -999 -999 -9 -99N -999W -999 -999 -999 -999 
NHC  13E MARTY     20210824 1200 206N 1177W 270 062 1006 1010 0334 15 056 -999 -999 -999 -999 S -999 -999 -999 -999 72 198N 1295W -999 -999 -999 -999 
NHC  98L INVEST    20210824 1800 094N 0283W 290 088 1008 1010 0334 13 111 -999 -999 -999 -999 S -999 -999 -999 -999 -9 -99N -999W -999 -999 -999 -999 
NHC  97L INVEST    20210824 1800 239N 0494W 300 124 1010 1013 0278 15 074 -999 -999 -999 -999 M -999 -999 -999 -999 -9 -99N -999W -999 -999 -999 -999 
NHC  95E INVEST    20210824 1800 128N 0959W 280 046 1006 1010 0334 15 148 -999 -999 -999 -999 M -999 -999 -999 -999 -9 -99N -999W -999 -999 -999 -999 
NHC  13E MARTY     20210824 1800 205N 1186W 265 051 1007 1010 0334 15 065 -999 -999 -999 -999 S -999 -999 -999 -999 72 196N 1309W -999 -999 -999 -999 
NHC  99L INVEST    20210825 0000 119N 0690W 280 088 1006 1008 0222 10 167 -999 -999 -999 -999 S -999 -999 -999 -999 -9 -99N -999W -999 -999 -999 -999 
NHC  98L INVEST    20210825 0000 099N 0302W 285 093 1008 1010 0334 13 111 -999 -999 -999 -999 S -999 -999 -999 -999 -9 -99N -999W -999 -999 -999 -999 
NHC  97L INVEST    20210825 0000 244N 0513W 310 093 1012 1014 0222 15 074 -999 -999 -999 -999 M -999 -999 -999 -999 -9 -99N -999W -999 -999 -999 -999 
NHC  95E INVEST    20210825 0000 129N 0972W 275 051 1006 1010 0334 15 148 -999 -999 -999 -999 M -999 -999 -999 -999 -9 -99N -999W -999 -999 -999 -999 
NHC  13E MARTY     20210825 0000 205N 1196W 270 051 1007 1010 0334 15 065 -999 -999 -999 -999 S -999 -999 -999 -999 48 202N 1272W -999 -999 -999 -999 
NHC  99L INVEST    20210825 0600 130N 0717W 285 103 1006 1008 0222 13 204 -999 -999 -999 -999 S -999 -999 -999 -999 -9 -99N -999W -999 -999 -999 -999 
NHC  98L INVEST    20210825 0600 104N 0317W 285 088 1008 1010 0334 13 148 -999 -999 -999 -999 S -999 -999 -999 -999 -9 -99N -999W -999 -999 -999 -999 
NHC  97L INVEST    20210825 0600 256N 0526W 300 098 1012 1014 0222 15 074 -999 -999 -999 -999 M -999 -999 -999 -999 -9 -99N -999W -999 -999 -999 -999 
NHC  95E INVEST    20210825 0600 129N 0986W 275 067 1006 1010 0334 15 148 -999 -999 -999 -999 M -999 -999 -999 -999 -9 -99N -999W -999 -999 -999 -999 
NHC  99L INVEST    20210825 1200 125N 0754W 275 113 1006 1009 0241 13 167 -999 -999 -999 -999 M -999 -999 -999 -999 -9 -99N -999W -999 -999 -999 -999 
NHC  99L INVEST    20210825 1200 121N 0749W 270 108 1006 1009 0241 13 167 -999 -999 -999 -999 M -999 -999 -999 -999 -9 -99N -999W -999 -999 -999 -999 
NHC  98L INVEST    20210825 1200 108N 0338W 285 093 1008 1010 0334 13 148 -999 -999 -999 -999 S -999 -999 -999 -999 -9 -99N -999W -999 -999 -999 -999 
NHC  97L INVEST    20210825 1200 259N 0544W 295 077 1012 1014 0222 15 074 -999 -999 -999 -999 M -999 -999 -999 -999 -9 -99N -999W -999 -999 -999 -999 
NHC  95E INVEST    20210825 1200 124N 0985W 265 041 1006 1009 0371 15 074 -999 -999 -999 -999 M -999 -999 -999 -999 -9 -99N -999W -999 -999 -999 -999 
NHC  99L INVEST    20210825 1800 130N 0773W 275 098 1006 1010 0278 15 148 -999 -999 -999 -999 M -999 -999 -999 -999 -9 -99N -999W -999 -999 -999 -999 
NHC  98L INVEST    20210825 1800 115N 0355W 290 093 1008 1010 0334 13 148 -999 -999 -999 -999 S -999 -999 -999 -999 -9 -99N -999W -999 -999 -999 -999 
NHC  97L INVEST    20210825 1800 268N 0557W 300 077 1012 1016 0222 15 074 -999 -999 -999 -999 M -999 -999 -999 -999 -9 -99N -999W -999 -999 -999 -999 
NHC  14E FOURTEEN  20210825 1800 116N 0991W 270 036 1005 1009 0222 15 056 -999 -999 -999 -999 M -999 -999 -999 -999 -9 -99N -999W -999 -999 -999 -999 
NHC  99L INVEST    20210826 0000 140N 0770W 290 072 1006 1009 0278 15 148 -999 -999 -999 -999 M -999 -999 -999 -999 -9 -99N -999W -999 -999 -999 -999 
NHC  98L INVEST    20210826 0000 116N 0367W 285 072 1008 1010 0278 13 148 -999 -999 -999 -999 S -999 -999 -999 -999 -9 -99N -999W -999 -999 -999 -999 
NHC  97L INVEST    20210826 0000 274N 0561W 300 057 1014 1017 0222 15 074 -999 -999 -999 -999 M -999 -999 -999 -999 -9 -99N -999W -999 -999 -999 -999 
NHC  14E FOURTEEN  20210826 0000 118N 0998W 280 031 1005 1009 0222 15 056 -999 -999 -999 -999 M -999 -999 -999 -999 72 180N 1069W -999 -999 -999 -999 
NHC  99L INVEST    20210826 0600 151N 0778W 295 057 1006 1009 0278 15 148 -999 -999 -999 -999 M -999 -999 -999 -999 -9 -99N -999W -999 -999 -999 -999 
NHC  98L INVEST    20210826 0600 118N 0383W 285 077 1008 1010 0278 13 148 -999 -999 -999 -999 S -999 -999 -999 -999 -9 -99N -999W -999 -999 -999 -999 
NHC  97L INVEST    20210826 0600 295N 0553W 350 057 1014 1017 0222 13 074 -999 -999 -999 -999 M -999 -999 -999 -999 -9 -99N -999W -999 -999 -999 -999 
NHC  14E FOURTEEN  20210826 0600 119N 1005W 285 036 1005 1009 0222 15 056 -999 -999 -999 -999 M -999 -999 -999 -999 72 188N 1065W -999 -999 -999 -999 
NHC  99L INVEST    20210826 1200 164N 0790W 320 072 1005 1008 0278 15 111 -999 -999 -999 -999 M -999 -999 -999 -999 -9 -99N -999W -999 -999 -999 -999 
NHC  98L INVEST    20210826 1200 127N 0405W 285 098 1008 1010 0278 13 148 -999 -999 -999 -999 S -999 -999 -999 -999 -9 -99N -999W -999 -999 -999 -999 
NHC  97L INVEST    20210826 1200 307N 0554W 360 072 1014 1017 0222 13 074 -999 -999 -999 -999 S -999 -999 -999 -999 -9 -99N -999W -999 -999 -999 -999 
NHC  14E NORA      20210826 1200 123N 1004W 295 026 1003 1008 0371 18 056 0074 -999 -999 0056 M -999 -999 -999 -999 72 195N 1063W -999 -999 -999 -999 
NHC  09L NINE      20210826 1200 164N 0790W 320 072 1005 1008 0278 15 111 -999 -999 -999 -999 M -999 -999 -999 -999 -9 -99N -999W -999 -999 -999 -999 
NHC  98L INVEST    20210826 1800 124N 0421W 275 088 1008 1010 0278 13 148 -999 -999 -999 -999 S -999 -999 -999 -999 -9 -99N -999W -999 -999 -999 -999 
NHC  97L INVEST    20210826 1800 316N 0545W 015 051 1014 1017 0222 13 093 -999 -999 -999 -999 S -999 -999 -999 -999 -9 -99N -999W -999 -999 -999 -999 
NHC  14E NORA      20210826 1800 131N 1011W 275 041 1003 1007 0389 18 167 0334 0167 0167 0167 M -999 -999 -999 -999 72 202N 1063W -999 -999 -999 -999 
NHC  09L NINE      20210826 1800 177N 0794W 330 072 1004 1009 0278 18 093 0111 0074 -999 -999 M -999 -999 -999 -999 72 277N  900W -999 -999 -999 -999 
NHC  98L INVEST    20210827 0000 124N 0438W 275 088 1008 1010 0278 13 148 -999 -999 -999 -999 S -999 -999 -999 -999 -9 -99N -999W -999 -999 -999 -999 
NHC  97L INVEST    20210827 0000 319N 0540W 045 041 1014 1017 0222 13 093 -999 -999 -999 -999 S -999 -999 -999 -999 -9 -99N -999W -999 -999 -999 -999 
NHC  14E NORA      20210827 0000 138N 1022W 290 051 1001 1007 0389 21 130 0334 0167 0167 0167 M -999 -999 -999 -999 72 216N 1079W -999 -999 -999 -999 
NHC  09L IDA       20210827 0000 180N 0801W 320 051 1006 1009 0278 18 093 0111 -999 -999 -999 M -999 -999 -999 -999 72 289N  904W -999 -999 -999 -999 
NHC  98L INVEST    20210827 0600 124N 0458W 270 088 1008 1010 0278 13 148 -999 -999 -999 -999 S -999 -999 -999 -999 -9 -99N -999W -999 -999 -999 -999 
NHC  97L INVEST    20210827 0600 334N 0527W 040 062 1014 1017 0222 13 111 -999 -999 -999 -999 S -999 -999 -999 -999 -9 -99N -999W -999 -999 -999 -999 
NHC  14E NORA      20210827 0600 142N 1030W 295 051 0999 1007 0389 23 093 0371 0185 0167 0167 M -999 -999 -999 -999 72 227N 1087W -999 -999 -999 -999 
NHC  09L IDA       20210827 0600 195N 0809W 320 062 1003 1008 0259 21 074 0130 -999 -999 -999 M -999 -999 -999 -999 72 290N  906W -999 -999 -999 -999 
NHC  98L INVEST    20210827 1200 133N 0475W 280 088 1008 1010 0278 13 148 -999 -999 -999 -999 S -999 -999 -999 -999 -9 -99N -999W -999 -999 -999 -999 
NHC  97L INVEST    20210827 1200 334N 0525W 045 041 1014 1017 0222 13 111 -999 -999 -999 -999 S -999 -999 -999 -999 -9 -99N -999W -999 -999 -999 -999 
NHC  14E NORA      20210827 1200 152N 1040W 310 057 0997 1006 0389 23 093 0371 0185 0167 0167 M -999 -999 -999 -999 72 232N 1089W -999 -999 -999 -999 
NHC  09L IDA       20210827 1200 203N 0817W 320 062 0996 1008 0278 26 056 0148 0111 -999 0111 D 0056 -999 -999 -999 72 301N  911W -999 -999 -999 -999 
NHC  98L INVEST    20210827 1800 134N 0485W 280 067 1008 1010 0278 13 148 -999 -999 -999 -999 S -999 -999 -999 -999 -9 -99N -999W -999 -999 -999 -999 
NHC  97L INVEST    20210827 1800 334N 0523W 060 021 1014 1017 0222 13 111 -999 -999 -999 -999 S -999 -999 -999 -999 -9 -99N -999W -999 -999 -999 -999 
NHC  14E NORA      20210827 1800 152N 1047W 300 051 0991 1006 0445 28 065 0445 0222 0278 0241 M 0093 0130 -999 -999 72 242N 1091W -999 -999 -999 -999 
NHC  09L IDA       20210827 1800 216N 0827W 325 072 0987 1010 0278 36 037 0148 0111 0074 0111 D 0074 0056 -999 0037 72 303N  913W 0037 -999 -999 -999 
NHC  98L INVEST    20210828 0000 138N 0495W 285 057 1008 1010 0278 13 148 -999 -999 -999 -999 S -999 -999 -999 -999 -9 -99N -999W -999 -999 -999 -999 
NHC  97L INVEST    20210828 0000 335N 0518W 075 021 1014 1017 0222 10 111 -999 -999 -999 -999 S -999 -999 -999 -999 -9 -99N -999W -999 -999 -999 -999 
NHC  14E NORA      20210828 0000 159N 1049W 315 046 0991 1006 0371 28 065 0445 0222 0278 0241 M 0093 0130 -999 -999 72 239N 1094W -999 -999 -999 -999 
NHC  09L IDA       20210828 0000 225N 0835W 320 067 0985 1010 0278 36 037 0185 0111 0074 0130 D 0093 0056 -999 0056 72 315N  911W 0037 -999 -999 -999 
NHC  98L INVEST    20210828 0600 137N 0498W 300 031 1007 1011 0278 15 093 -999 -999 -999 -999 M -999 -999 -999 -999 -9 -99N -999W -999 -999 -999 -999 
NHC  97L INVEST    20210828 0600 322N 0518W 155 026 1014 1017 0222 10 093 -999 -999 -999 -999 M -999 -999 -999 -999 -9 -99N -999W -999 -999 -999 -999 
NHC  14E NORA      20210828 0600 167N 1050W 330 041 0983 1006 0371 33 056 0334 0278 0222 0259 M 0093 0130 -999 0093 72 245N 1093W 0056 -999 -999 -999 
NHC  10L TEN       20210828 0600 137N 0498W 300 031 1007 1011 0278 15 093 -999 -999 -999 -999 M -999 -999 -999 -999 -9 -99N -999W -999 -999 -999 -999 
NHC  09L IDA       20210828 0600 235N 0847W 315 067 0987 1011 0278 36 037 0185 0111 0074 0130 D 0093 0056 -999 0056 72 323N  906W 0037 -999 -999 -999 
NHC  97L INVEST    20210828 1200 323N 0516W 145 015 1012 1017 0222 13 093 -999 -999 -999 -999 M -999 -999 -999 -999 -9 -99N -999W -999 -999 -999 -999 
NHC  14E NORA      20210828 1200 178N 1053W 350 051 0981 1006 0278 36 056 0278 0278 0222 0259 M 0093 0130 0056 0093 72 249N 1094W 0056 0056 -999 -999 
NHC  10L TEN       20210828 1200 145N 0500W 310 036 1007 1011 0278 15 093 -999 -999 -999 -999 M -999 -999 -999 -999 72 219N  497W -999 -999 -999 -999 
NHC  09L IDA       20210828 1200 244N 0857W 315 072 0985 1011 0278 39 037 0204 0148 0111 0185 D 0093 0074 0037 0056 72 332N  905W 0046 0037 -999 -999 
NHC  97L INVEST    20210828 1800 323N 0508W 105 031 1010 1017 0222 15 093 -999 -999 -999 -999 M -999 -999 -999 -999 -9 -99N -999W -999 -999 -999 -999 
NHC  14E NORA      20210828 1800 191N 1053W 355 057 0977 1006 0222 39 056 0222 0259 0167 0167 D 0093 0130 0056 0093 72 252N 1096W 0056 0056 -999 -999 
NHC  10L TEN       20210828 1800 152N 0500W 345 031 1007 1011 0278 15 093 -999 -999 -999 -999 M -999 -999 -999 -999 72 227N  494W -999 -999 -999 -999 
NHC  09L IDA       20210828 1800 256N 0866W 320 072 0976 1012 0278 46 037 0204 0185 0130 0185 D 0093 0074 0037 0074 72 344N  898W 0046 0037 0019 0037 
NHC  97L INVEST    20210829 0000 327N 0501W 080 036 1010 1017 0222 15 093 -999 -999 -999 -999 M -999 -999 -999 -999 -9 -99N -999W -999 -999 -999 -999 
NHC  14E NORA      20210829 0000 208N 1055W 355 077 0984 1004 0222 33 037 0167 0111 0111 0167 D 0056 0037 0056 0111 72 256N 1095W 0037 -999 0037 0037 
NHC  14E NORA      20210829 0000 207N 1055W 355 077 0984 1004 0222 33 037 0167 0111 0111 0167 D 0056 0037 0056 0111 72 256N 1095W 0037 -999 0037 0037 
NHC  11L INVEST    20210829 0000 327N 0501W 080 036 1010 1017 0222 15 093 -999 -999 -999 -999 M -999 -999 -999 -999 -9 -99N -999W -999 -999 -999 -999 
NHC  11L ELEVEN    20210829 0000 327N 0501W 080 036 1010 1017 0222 15 093 -999 -999 -999 -999 M -999 -999 -999 -999 -9 -99N -999W -999 -999 -999 -999 
NHC  10L TEN       20210829 0000 162N 0499W 360 041 1007 1011 0278 15 093 -999 -999 -999 -999 M -999 -999 -999 -999 72 238N  490W -999 -999 -999 -999 
NHC  09L IDA       20210829 0000 267N 0875W 320 072 0969 1012 0278 46 037 0222 0185 0148 0204 D 0130 0111 0074 0111 72 357N  881W 0065 0056 0037 0056 
NHC  14E NORA      20210829 0600 221N 1058W 350 072 0985 1006 0222 33 037 0111 0111 0111 0167 D 0056 0037 0056 0111 72 268N 1101W 0028 0028 0028 0037 
NHC  11L ELEVEN    20210829 0600 336N 0492W 060 046 1009 1017 0222 15 056 -999 -999 -999 -999 M -999 -999 -999 -999 48 434N  364W -999 -999 -999 -999 
NHC  10L TEN       20210829 0600 168N 0498W 005 041 1007 1011 0278 15 056 -999 -999 -999 -999 M -999 -999 -999 -999 72 250N  492W -999 -999 -999 -999 
NHC  09L IDA       20210829 0600 276N 0887W 315 067 0954 1012 0278 54 028 0222 0185 0148 0204 D 0130 0111 0074 0111 72 363N  867W 0065 0056 0037 0056 
NHC  09L IDA       20210829 0600 276N 0887W 315 067 0949 1012 0278 59 028 0222 0185 0148 0204 D 0130 0111 0074 0111 72 363N  867W 0065 0056 0037 0056 
NHC  14E NORA      20210829 1200 228N 1061W 345 051 0985 1006 0222 33 037 0074 0111 0111 0167 D 0037 0037 0056 0111 72 270N 1102W 0019 0019 0028 0037 
NHC  11L JULIAN    20210829 1200 345N 0478W 045 067 1004 1010 0222 18 093 0093 0111 -999 -999 M -999 -999 -999 -999 48 459N  360W -999 -999 -999 -999 
NHC  11L JULIAN    20210829 1200 345N 0478W 045 067 0998 1010 0222 23 056 0056 0148 0074 -999 M -999 -999 -999 -999 48 459N  360W -999 -999 -999 -999 
NHC  11L ELEVEN    20210829 1200 345N 0478W 045 067 1004 1010 0222 18 093 0093 0111 -999 -999 M -999 -999 -999 -999 48 459N  360W -999 -999 -999 -999 
NHC  10L TEN       20210829 1200 184N 0502W 350 057 1008 1013 0278 15 056 -999 -999 -999 -999 S -999 -999 -999 -999 72 256N  493W -999 -999 -999 -999 
NHC  09L IDA       20210829 1200 285N 0896W 320 067 0929 1012 0334 67 019 0241 0204 0148 0204 D 0130 0111 0074 0111 72 367N  852W 0083 0065 0037 0056 
NHC  14E NORA      20210829 1800 241N 1073W 330 067 0992 1006 0222 28 037 0056 0111 0111 0074 D 0019 0037 0037 0037 72 275N 1100W -999 -999 -999 -999 
NHC  11L JULIAN    20210829 1800 360N 0456W 045 088 0998 1010 0222 23 056 0074 0148 0074 -999 M -999 -999 -999 -999 48 480N  368W -999 -999 -999 -999 
NHC  11L JULIAN    20210829 1800 360N 0456W 045 088 0995 1010 0222 26 046 0130 0167 0074 -999 M -999 0074 -999 -999 48 480N  368W -999 -999 -999 -999 
NHC  10L TEN       20210829 1800 193N 0503W 350 051 1008 1013 0278 15 056 -999 -999 -999 -999 S -999 -999 -999 -999 72 274N  498W -999 -999 -999 -999 
NHC  10L TEN       20210829 1800 193N 0502W 355 051 1008 1013 0278 15 056 -999 -999 -999 -999 S -999 -999 -999 -999 72 274N  498W -999 -999 -999 -999 
NHC  09L IDA       20210829 1800 292N 0903W 320 051 0932 1011 0334 64 019 0241 0222 0148 0148 D 0130 0111 0074 0074 72 378N  825W 0083 0065 0037 0046 
NHC  14E NORA      20210830 0000 246N 1078W 325 051 1000 1006 0222 21 037 -999 0056 0056 0056 D -999 -999 -999 -999 72 289N 1111W -999 -999 -999 -999 
NHC  11L JULIAN    20210830 0000 373N 0428W 055 108 0995 1010 0222 26 046 0130 0167 0074 -999 M -999 0074 -999 -999 48 510N  377W -999 -999 -999 -999 
NHC  10L TEN       20210830 0000 198N 0506W 345 046 1008 1013 0278 15 056 -999 -999 -999 -999 S -999 -999 -999 -999 72 274N  506W -999 -999 -999 -999 
NHC  09L IDA       20210830 0000 299N 0906W 340 041 0944 1010 0334 54 019 0148 0222 0148 0130 D 0093 0111 0074 0074 72 386N  805W 0056 0056 0037 0037 
NHC  14E NORA      20210830 0600 250N 1080W 340 041 1008 1010 0185 13 111 -999 -999 -999 -999 D -999 -999 -999 -999 36 270N 1096W -999 -999 -999 -999 
NHC  14E NORA      20210830 0600 250N 1080W 340 041 1006 1008 0185 13 111 -999 -999 -999 -999 D -999 -999 -999 -999 36 270N 1096W -999 -999 -999 -999 
NHC  10L TEN       20210830 0600 205N 0506W 350 036 1008 1013 0278 15 056 -999 -999 -999 -999 S -999 -999 -999 -999 72 270N  519W -999 -999 -999 -999 
NHC  09L IDA       20210830 0600 307N 0908W 350 041 0978 1010 0334 33 056 0148 0241 0148 0074 D 0093 0093 -999 -999 72 389N  788W 0056 0056 -999 -999 
NHC  09L IDA       20210830 0600 306N 0908W 345 036 0978 1010 0334 33 056 0148 0241 0148 0074 D 0093 0093 -999 -999 72 389N  788W 0056 0056 -999 -999 
NHC  10L TEN       20210830 1200 212N 0508W 355 036 1007 1012 0278 15 056 -999 -999 -999 -999 S -999 -999 -999 -999 72 276N  531W -999 -999 -999 -999 
NHC  10L KATE      20210830 1200 212N 0508W 355 036 1004 1012 0278 21 046 0093 0093 -999 -999 M -999 -999 -999 -999 72 276N  531W -999 -999 -999 -999 
NHC  09L IDA       20210830 1200 315N 0908W 350 041 0993 1009 0334 21 074 0093 0297 0111 0056 D -999 -999 -999 -999 72 390N  774W -999 -999 -999 -999 
NHC  90L INVEST    20210830 1800 087N 0153W 275 082 1007 1008 0278 13 111 -999 -999 -999 -999 S -999 -999 -999 -999 -9 -99N -999W -999 -999 -999 -999 
NHC  10L KATE      20210830 1800 223N 0509W 355 046 1006 1012 0278 18 046 0074 0074 -999 -999 M -999 -999 -999 -999 72 284N  542W -999 -999 -999 -999 
NHC  09L IDA       20210830 1800 322N 0905W 015 041 0997 1009 0334 18 148 -999 0297 -999 -999 D -999 -999 -999 -999 72 395N  757W -999 -999 -999 -999 
NHC  90L INVEST    20210831 0000 085N 0163W 275 072 1007 1008 0278 13 111 -999 -999 -999 -999 S -999 -999 -999 -999 -9 -99N -999W -999 -999 -999 -999 
NHC  10L KATE      20210831 0000 226N 0509W 350 036 1006 1012 0278 18 046 0074 0074 -999 -999 M -999 -999 -999 -999 72 301N  547W -999 -999 -999 -999 
NHC  09L IDA       20210831 0000 330N 0899W 015 041 0998 1009 0473 15 463 -999 -999 -999 -999 D -999 -999 -999 -999 72 395N  742W -999 -999 -999 -999 
NHC  90L INVEST    20210831 0600 090N 0169W 290 046 1006 1010 0204 15 102 -999 -999 -999 -999 M -999 -999 -999 -999 -9 -99N -999W -999 -999 -999 -999 
NHC  10L KATE      20210831 0600 228N 0509W 360 010 1006 1012 0222 18 056 0074 0074 -999 -999 M -999 -999 -999 -999 72 304N  548W -999 -999 -999 -999 
NHC  09L IDA       20210831 0600 338N 0894W 025 046 0998 1007 0398 13 389 -999 -999 -999 -999 D -999 -999 -999 -999 72 396N  722W -999 -999 -999 -999 
NHC  90L INVEST    20210831 1200 104N 0186W 295 067 1006 1010 0204 15 130 -999 -999 -999 -999 M -999 -999 -999 -999 -9 -99N -999W -999 -999 -999 -999 
NHC  10L KATE      20210831 1200 232N 0507W 010 021 1007 1012 0222 15 074 -999 -999 -999 -999 M -999 -999 -999 -999 72 315N  548W -999 -999 -999 -999 
NHC  09L IDA       20210831 1200 346N 0884W 035 051 0996 1008 0760 10 074 -999 -999 -999 -999 M -999 -999 -999 -999 72 404N  704W -999 -999 -999 -999 
NHC  90L INVEST    20210831 1800 108N 0202W 290 072 1006 1010 0204 15 130 -999 -999 -999 -999 M -999 -999 -999 -999 -9 -99N -999W -999 -999 -999 -999 
NHC  12L TWELVE    20210831 1800 108N 0202W 290 072 1006 1010 0204 15 130 -999 -999 -999 -999 M -999 -999 -999 -999 -9 -99N -999W -999 -999 -999 -999 
NHC  10L KATE      20210831 1800 241N 0508W 005 031 1007 1012 0222 15 074 -999 -999 -999 -999 M -999 -999 -999 -999 72 325N  539W -999 -999 -999 -999 
NHC  09L IDA       20210831 1800 351N 0871W 045 051 0999 1008 0760 10 074 -999 -999 -999 -999 M -999 -999 -999 -999 72 413N  687W -999 -999 -999 -999 
NHC  91L INVEST    20210901 0000 123N 0781W 290 046 1009 1011 0278 13 130 -999 -999 -999 -999 S -999 -999 -999 -999 -9 -99N -999W -999 -999 -999 -999 
NHC  12L TWELVE    20210901 0000 119N 0223W 290 088 1006 1011 0334 15 130 -999 -999 -999 -999 M -999 -999 -999 -999 72 143N  390W -999 -999 -999 -999 
NHC  10L KATE      20210901 0000 250N 0511W 350 046 1009 1014 0167 13 093 -999 -999 -999 -999 S -999 -999 -999 -999 72 337N  538W -999 -999 -999 -999 
NHC  10L KATE      20210901 0000 250N 0511W 350 046 1008 1014 0167 15 074 -999 -999 -999 -999 M -999 -999 -999 -999 72 337N  538W -999 -999 -999 -999 
NHC  09L IDA       20210901 0000 358N 0855W 055 067 1000 1005 0371 13 278 -999 -999 -999 -999 M -999 -999 -999 -999 48 438N  674W -999 -999 -999 -999 
NHC  91L INVEST    20210901 0600 127N 0800W 290 067 1008 1011 0278 15 093 -999 -999 -999 -999 S -999 -999 -999 -999 -9 -99N -999W -999 -999 -999 -999 
NHC  12L TWELVE    20210901 0600 122N 0239W 280 088 1004 1011 0334 21 074 -999 -999 0093 0093 M -999 -999 -999 -999 72 154N  401W -999 -999 -999 -999 
NHC  12L LARRY     20210901 0600 122N 0239W 280 088 1003 1011 0334 21 074 -999 -999 0093 0093 D -999 -999 -999 -999 72 154N  401W -999 -999 -999 -999 
NHC  10L KATE      20210901 0600 253N 0515W 345 041 1007 1013 0167 15 074 -999 -999 -999 -999 M -999 -999 -999 -999 48 316N  541W -999 -999 -999 -999 
NHC  09L IDA       20210901 0600 367N 0836W 060 077 1000 1006 0510 13 500 -999 -999 -999 -999 M -999 -999 -999 -999 48 447N  657W -999 -999 -999 -999 
NHC  91L INVEST    20210901 1200 133N 0811W 290 057 1008 1011 0278 15 093 -999 -999 -999 -999 S -999 -999 -999 -999 -9 -99N -999W -999 -999 -999 -999 
NHC  12L LARRY     20210901 1200 124N 0260W 280 098 1003 1011 0334 21 074 -999 -999 0093 0093 D -999 -999 -999 -999 72 155N  420W -999 -999 -999 -999 
NHC  12L LARRY     20210901 1200 123N 0267W 280 103 1003 1011 0334 21 074 0093 0093 0074 -999 D -999 -999 -999 -999 72 155N  420W -999 -999 -999 -999 
NHC  10L KATE      20210901 1200 261N 0518W 340 041 1007 1013 0167 15 074 -999 -999 -999 -999 M -999 -999 -999 -999 48 319N  535W -999 -999 -999 -999 
NHC  09L IDA       20210901 1200 377N 0815W 060 088 1000 1008 0788 13 556 -999 -999 -999 -999 M -999 -999 -999 -999 48 461N  651W -999 -999 -999 -999 
NHC  91L INVEST    20210901 1800 134N 0822W 290 051 1008 1011 0278 15 093 -999 -999 -999 -999 S -999 -999 -999 -999 -9 -99N -999W -999 -999 -999 -999 
NHC  12L LARRY     20210901 1800 124N 0284W 275 098 0994 1011 0334 28 037 0111 0093 0074 0111 D 0037 -999 -999 0037 72 162N  446W -999 -999 -999 -999 
NHC  10L KATE      20210901 1800 280N 0527W 340 062 1014 1017 0130 13 074 -999 -999 -999 -999 S -999 -999 -999 -999 48 324N  525W -999 -999 -999 -999 
NHC  10L KATE      20210901 1800 280N 0527W 340 062 1011 1013 0130 13 074 -999 -999 -999 -999 S -999 -999 -999 -999 48 324N  525W -999 -999 -999 -999 
NHC  09L IDA       20210901 1800 392N 0783W 055 113 0999 1008 0890 13 389 -999 -999 -999 -999 M -999 -999 -999 -999 36 449N  658W -999 -999 -999 -999 
NHC  91L INVEST    20210902 0000 135N 0832W 275 051 1008 1011 0278 15 056 -999 -999 -999 -999 S -999 -999 -999 -999 -9 -99N -999W -999 -999 -999 -999 
NHC  12L LARRY     20210902 0000 126N 0301W 275 093 0991 1012 0389 31 037 0111 0074 0056 0111 D 0037 -999 -999 0037 72 169N  462W -999 -999 -999 -999 
NHC  09L IDA       20210902 0000 398N 0756W 060 118 0998 1001 0241 18 232 -999 -999 -999 -999 M -999 -999 -999 -999 36 465N  629W -999 -999 -999 -999 
NHC  12L LARRY     20210902 0600 129N 0314W 280 088 0987 1010 0371 33 028 0130 0093 0056 0111 D 0056 0037 -999 0056 72 174N  473W 0037 0028 -999 0028 
NHC  09L IDA       20210902 0600 406N 0728W 065 124 0998 1002 0287 18 278 -999 -999 -999 -999 M -999 -999 -999 -999 24 453N  649W -999 -999 -999 -999 
NHC  91L INVEST    20210902 1200 137N 0839W 285 041 1008 1011 0278 15 056 -999 -999 -999 -999 S -999 -999 -999 -999 -9 -99N -999W -999 -999 -999 -999 
NHC  12L LARRY     20210902 1200 133N 0334W 280 077 0985 1010 0371 36 028 0185 0259 0148 0185 D 0056 0037 -999 0056 72 183N  483W 0028 0028 -999 0028 
NHC  92L INVEST    20210902 1800 130N 0205W 275 082 1009 1011 0222 13 111 -999 -999 -999 -999 S -999 -999 -999 -999 -9 -99N -999W -999 -999 -999 -999 
NHC  91L INVEST    20210902 1800 141N 0844W 290 031 1010 1012 0222 13 167 -999 -999 -999 -999 S -999 -999 -999 -999 -9 -99N -999W -999 -999 -999 -999 
NHC  12L LARRY     20210902 1800 135N 0351W 280 082 0985 1010 0371 36 037 0185 0259 0148 0185 D 0074 0056 0037 0074 72 192N  497W 0037 0028 -999 0037 
NHC  92L INVEST    20210903 0000 127N 0216W 270 072 1011 1012 0222 13 111 -999 -999 -999 -999 S -999 -999 -999 -999 -9 -99N -999W -999 -999 -999 -999 
NHC  91L INVEST    20210903 0000 148N 0851W 310 041 1010 1012 0222 10 167 -999 -999 -999 -999 S -999 -999 -999 -999 -9 -99N -999W -999 -999 -999 -999 
NHC  12L LARRY     20210903 0000 139N 0367W 280 088 0985 1012 0445 39 037 0241 0185 0074 0222 D 0074 0074 0037 0074 72 197N  506W 0037 0028 -999 0037 
NHC  12L LARRY     20210903 0000 139N 0366W 280 082 0985 1012 0445 39 037 0185 0259 0148 0185 D 0074 0056 0037 0074 72 197N  506W 0037 0028 -999 0037 
NHC  92L INVEST    20210903 0600 128N 0234W 270 077 1011 1012 0222 13 111 -999 -999 -999 -999 S -999 -999 -999 -999 -9 -99N -999W -999 -999 -999 -999 
NHC  91L INVEST    20210903 0600 152N 0860W 305 041 1010 1012 0222 10 167 -999 -999 -999 -999 S -999 -999 -999 -999 -9 -99N -999W -999 -999 -999 -999 
NHC  12L LARRY     20210903 0600 144N 0382W 285 088 0982 1012 0445 41 037 0241 0185 0074 0222 D 0074 0074 0037 0074 72 204N  518W 0037 0028 -999 0037 
NHC  91L INVEST    20210903 1200 165N 0885W 305 067 1010 1012 0222 10 167 -999 -999 -999 -999 S -999 -999 -999 -999 -9 -99N -999W -999 -999 -999 -999 
NHC  12L LARRY     20210903 1200 146N 0400W 280 082 0981 1012 0445 41 037 0241 0185 0074 0222 D 0074 0074 0037 0074 72 211N  525W 0037 0028 -999 0037 
NHC  91L INVEST    20210903 1800 176N 0893W 305 072 1010 1012 0222 10 167 -999 -999 -999 -999 S -999 -999 -999 -999 -9 -99N -999W -999 -999 -999 -999 
NHC  12L LARRY     20210903 1800 148N 0415W 285 077 0981 1012 0445 44 046 0241 0185 0130 0222 D 0111 0074 0056 0093 72 214N  536W 0056 0037 0028 0046 
NHC  12L LARRY     20210903 1800 148N 0415W 285 077 0981 1012 0445 41 046 0241 0185 0130 0222 D 0111 0074 0056 0093 72 214N  536W 0056 0037 0028 0046 
NHC  91L INVEST    20210904 0000 180N 0900W 305 072 1010 1012 0222 10 167 -999 -999 -999 -999 S -999 -999 -999 -999 -9 -99N -999W -999 -999 -999 -999 
NHC  12L LARRY     20210904 0000 152N 0427W 285 072 0965 1011 0389 51 037 0241 0204 0111 0222 D 0130 0111 0056 0111 72 219N  545W 0056 0046 0028 0046 
NHC  12L LARRY     20210904 0000 152N 0427W 285 072 0964 1011 0389 51 046 0241 0204 0130 0241 D 0093 0074 0056 0093 72 219N  545W 0046 0037 0028 0046 
NHC  91L INVEST    20210904 0600 187N 0906W 320 051 1010 1012 0222 10 167 -999 -999 -999 -999 S -999 -999 -999 -999 -9 -99N -999W -999 -999 -999 -999 
NHC  12L LARRY     20210904 0600 160N 0440W 295 072 0965 1011 0389 51 037 0241 0204 0111 0222 D 0130 0111 0056 0111 72 224N  553W 0056 0046 0028 0046 
NHC  91L INVEST    20210904 1200 190N 0910W 315 046 1011 1012 0222 10 167 -999 -999 -999 -999 S -999 -999 -999 -999 -9 -99N -999W -999 -999 -999 -999 
NHC  12L LARRY     20210904 1200 165N 0452W 295 072 0958 1012 0445 57 046 0241 0204 0111 0222 D 0130 0111 0056 0111 72 233N  560W 0065 0046 0037 0056 
NHC  12L LARRY     20210904 1800 171N 0465W 300 072 0958 1012 0445 57 056 0259 0222 0130 0241 D 0130 0111 0056 0111 72 238N  564W 0074 0056 0046 0065 
NHC  91L INVEST    20210905 0000 195N 0909W 335 026 1011 1012 0222 10 167 -999 -999 -999 -999 S -999 -999 -999 -999 -9 -99N -999W -999 -999 -999 -999 
NHC  12L LARRY     20210905 0000 177N 0475W 300 062 0958 1011 0445 54 056 0259 0241 0130 0241 D 0148 0130 0056 0130 72 247N  570W 0074 0056 0046 0065 
NHC  91L INVEST    20210905 0600 197N 0911W 335 021 1011 1012 0222 10 167 -999 -999 -999 -999 S -999 -999 -999 -999 -9 -99N -999W -999 -999 -999 -999 
NHC  12L LARRY     20210905 0600 184N 0485W 305 062 0958 1011 0445 54 056 0259 0241 0130 0241 D 0148 0130 0074 0130 72 258N  575W 0074 0056 0046 0065 
NHC  91L INVEST    20210905 1200 198N 0910W 340 010 1011 1012 0222 10 167 -999 -999 -999 -999 S -999 -999 -999 -999 -9 -99N -999W -999 -999 -999 -999 
NHC  12L LARRY     20210905 1200 191N 0493W 310 062 0955 1012 0445 57 056 0259 0241 0130 0241 D 0148 0130 0074 0130 72 265N  578W 0074 0056 0046 0065 
NHC  96E INVEST    20210905 1800 146N 1028W 300 041 1009 1011 0222 10 111 -999 -999 -999 -999 S -999 -999 -999 -999 -9 -99N -999W -999 -999 -999 -999 
NHC  96E INVES     20210905 1800 170N 1050W 360 000 9999 1000 0028 08 000 -999 -999 -999 -999   -999 -999 -999 -999 -9 -99N -999W -999 -999 -999 -999 
NHC  91L INVEST    20210905 1800 200N 0910W 345 010 1011 1012 0222 10 167 -999 -999 -999 -999 S -999 -999 -999 -999 -9 -99N -999W -999 -999 -999 -999 
NHC  12L LARRY     20210905 1800 201N 0502W 315 062 0955 1012 0445 57 056 0259 0278 0130 0241 D 0148 0148 0074 0130 72 273N  581W 0074 0056 0046 0065 
NHC  96E INVEST    20210906 0000 157N 1034W 310 046 1008 1011 0222 13 093 -999 -999 -999 -999 M -999 -999 -999 -999 -9 -99N -999W -999 -999 -999 -999 
NHC  91L INVEST    20210906 0000 200N 0912W 330 010 1010 1012 0222 10 167 -999 -999 -999 -999 S -999 -999 -999 -999 -9 -99N -999W -999 -999 -999 -999 
NHC  12L LARRY     20210906 0000 207N 0510W 315 057 0955 1012 0445 57 074 0278 0278 0148 0259 D 0167 0148 0093 0148 72 285N  591W 0093 0065 0056 0083 
NHC  96E INVEST    20210906 0600 162N 1044W 310 051 1008 1011 0222 13 093 -999 -999 -999 -999 M -999 -999 -999 -999 -9 -99N -999W -999 -999 -999 -999 
NHC  91L INVEST    20210906 0600 202N 0915W 315 010 1011 1013 0222 10 167 -999 -999 -999 -999 S -999 -999 -999 -999 -9 -99N -999W -999 -999 -999 -999 
NHC  12L LARRY     20210906 0600 213N 0520W 305 051 0956 1012 0445 54 074 0278 0278 0185 0278 D 0167 0148 0111 0148 72 294N  599W 0111 0093 0074 0093 
NHC  96E INVEST    20210906 1200 166N 1053W 305 051 1008 1011 0222 13 093 -999 -999 -999 -999 M -999 -999 -999 -999 -9 -99N -999W -999 -999 -999 -999 
NHC  91L INVEST    20210906 1200 204N 0916W 315 010 1011 1013 0222 10 167 -999 -999 -999 -999 S -999 -999 -999 -999 -9 -99N -999W -999 -999 -999 -999 
NHC  12L LARRY     20210906 1200 218N 0526W 310 046 0956 1013 0445 54 074 0278 0278 0185 0259 D 0167 0148 0111 0148 72 306N  606W 0111 0093 0074 0093 
NHC  96E INVEST    20210906 1800 170N 1062W 290 051 1009 1012 0278 13 111 -999 -999 -999 -999 M -999 -999 -999 -999 -9 -99N -999W -999 -999 -999 -999 
NHC  12L LARRY     20210906 1800 222N 0536W 300 046 0956 1013 0445 57 074 0297 0278 0185 0259 D 0167 0148 0130 0148 72 316N  612W 0111 0093 0074 0093 
NHC  12L LARRY     20210906 1800 222N 0536W 300 046 0956 1013 0445 54 074 0278 0278 0185 0259 D 0167 0148 0130 0148 72 316N  612W 0111 0093 0074 0093 
NHC  96E INVEST    20210907 0000 174N 1067W 295 041 1009 1012 0278 13 111 -999 -999 -999 -999 M -999 -999 -999 -999 -9 -99N -999W -999 -999 -999 -999 
NHC  91L INVEST    20210907 0000 220N 0924W 335 026 1011 1013 0222 10 167 -999 -999 -999 -999 S -999 -999 -999 -999 -9 -99N -999W -999 -999 -999 -999 
NHC  12L LARRY     20210907 0000 227N 0542W 300 041 0956 1013 0445 57 074 0297 0278 0185 0259 D 0167 0148 0130 0148 72 331N  617W 0111 0093 0074 0093 
NHC  96E INVEST    20210907 0600 176N 1074W 290 036 1009 1011 0278 13 148 -999 -999 -999 -999 M -999 -999 -999 -999 -9 -99N -999W -999 -999 -999 -999 
NHC  91L INVEST    20210907 0600 225N 0924W 355 026 1011 1013 0222 10 167 -999 -999 -999 -999 S -999 -999 -999 -999 -9 -99N -999W -999 -999 -999 -999 
NHC  12L LARRY     20210907 0600 234N 0548W 315 046 0958 1013 0445 54 074 0297 0278 0185 0259 D 0167 0148 0130 0148 72 346N  618W 0111 0093 0074 0093 
NHC  96E INVEST    20210907 1200 177N 1079W 290 036 1007 1011 0278 15 148 -999 -999 -999 -999 M -999 -999 -999 -999 -9 -99N -999W -999 -999 -999 -999 
NHC  91L INVEST    20210907 1200 232N 0923W 355 031 1011 1013 0222 10 167 -999 -999 -999 -999 S -999 -999 -999 -999 -9 -99N -999W -999 -999 -999 -999 
NHC  12L LARRY     20210907 1200 240N 0553W 315 041 0964 1014 0463 51 074 0297 0278 0185 0259 D 0167 0148 0130 0148 72 371N  610W 0111 0093 0074 0093 
NHC  96E INVEST    20210907 1800 181N 1078W 295 026 1007 1011 0278 15 148 -999 -999 -999 -999 M -999 -999 -999 -999 -9 -99N -999W -999 -999 -999 -999 
NHC  91L INVEST    20210907 1800 237N 0923W 005 031 1011 1013 0222 10 167 -999 -999 -999 -999 S -999 -999 -999 -999 -9 -99N -999W -999 -999 -999 -999 
NHC  15E FIFTEEN-E 20210907 1800 181N 1078W 295 026 1007 1011 0278 15 148 -999 -999 -999 -999 M -999 -999 -999 -999 -9 -99N -999W -999 -999 -999 -999 
NHC  15E FIFTEEN   20210907 1800 181N 1078W 295 026 1007 1011 0278 15 148 -999 -999 -999 -999 M -999 -999 -999 -999 -9 -99N -999W -999 -999 -999 -999 
NHC  12L LARRY     20210907 1800 248N 0558W 320 046 0968 1012 0463 49 074 0297 0297 0222 0259 D 0185 0167 0130 0148 72 390N  600W 0111 0093 0074 0093 
NHC  12L LARRY     20210907 1800 248N 0558W 320 046 0967 1012 0463 51 074 0297 0297 0222 0259 D 0185 0167 0130 0148 72 390N  600W 0111 0093 0074 0093 
NHC  91L INVEST    20210908 0000 249N 0914W 030 036 1010 1013 0222 13 148 -999 -999 -999 -999 M -999 -999 -999 -999 -9 -99N -999W -999 -999 -999 -999 
NHC  15E FIFTEEN   20210908 0000 181N 1073W 300 026 1007 1011 0278 15 148 -999 -999 -999 -999 M -999 -999 -999 -999 72 234N 1137W -999 -999 -999 -999 
NHC  12L LARRY     20210908 0000 254N 0565W 325 046 0967 1012 0463 51 074 0297 0297 0222 0259 D 0185 0167 0130 0148 72 417N  582W 0111 0093 0074 0093 
NHC  91L INVEST    20210908 0600 260N 0900W 040 057 1011 1012 0167 10 148 -999 -999 -999 -999 S -999 -999 -999 -999 -9 -99N -999W -999 -999 -999 -999 
NHC  15E FIFTEEN   20210908 0600 183N 1070W 340 010 1006 1010 0278 15 148 -999 -999 -999 -999 M -999 -999 -999 -999 72 237N 1137W -999 -999 -999 -999 
NHC  12L LARRY     20210908 0600 262N 0571W 325 046 0967 1012 0463 51 074 0297 0297 0222 0278 D 0185 0167 0130 0167 72 445N  557W 0111 0093 0074 0093 
NHC  91L INVEST    20210908 1200 272N 0884W 045 072 1011 1012 0167 10 148 -999 -999 -999 -999 S -999 -999 -999 -999 -9 -99N -999W -999 -999 -999 -999 
NHC  15E OLAF      20210908 1200 187N 1073W 040 015 1005 1010 0278 18 074 0074 -999 -999 -999 M -999 -999 -999 -999 72 239N 1145W -999 -999 -999 -999 
NHC  12L LARRY     20210908 1200 271N 0577W 325 051 0966 1014 0500 49 074 0297 0297 0222 0278 D 0185 0167 0130 0167 72 473N  524W 0111 0093 0074 0093 
NHC  91L INVEST    20210908 1800 284N 0868W 050 093 1009 1012 0167 15 056 -999 -999 -999 -999 S -999 -999 -999 -999 -9 -99N -999W -999 -999 -999 -999 
NHC  15E OLAF      20210908 1800 191N 1075W 350 015 1002 1010 0278 21 074 0111 -999 -999 0111 M -999 -999 -999 -999 72 238N 1154W -999 -999 -999 -999 
NHC  13L THIRTEEN  20210908 1800 284N 0868W 050 093 1009 1012 0167 15 056 -999 -999 -999 -999 M -999 -999 -999 -999 -9 -99N -999W -999 -999 -999 -999 
NHC  13L MINDY     20210908 1800 284N 0868W 050 093 1008 1012 0167 18 056 -999 0056 -999 -999 M -999 -999 -999 -999 -9 -99N -999W -999 -999 -999 -999 
NHC  12L LARRY     20210908 1800 283N 0588W 325 062 0966 1012 0463 49 074 0352 0389 0278 0278 D 0185 0185 0130 0167 72 505N  490W 0111 0093 0074 0093 
NHC  15E OLAF      20210909 0000 197N 1078W 335 031 1002 1010 0278 21 074 0111 -999 -999 0111 M -999 -999 -999 -999 72 235N 1155W -999 -999 -999 -999 
NHC  15E OLAF      20210909 0000 197N 1078W 335 031 1000 1010 0278 23 074 0111 0056 -999 0111 M -999 -999 -999 -999 72 235N 1155W -999 -999 -999 -999 
NHC  13L MINDY     20210909 0000 295N 0854W 050 093 1004 1011 0167 21 056 -999 0074 -999 -999 M -999 -999 -999 -999 72 333N  685W -999 -999 -999 -999 
NHC  12L LARRY     20210909 0000 291N 0599W 320 067 0969 1012 0463 44 130 0389 0389 0278 0278 D 0222 0185 0130 0167 72 540N  450W 0148 0093 0074 0093 
NHC  15E OLAF      20210909 0600 202N 1078W 345 026 0993 1010 0278 28 065 0185 0111 0074 0111 M 0074 -999 -999 -999 72 233N 1157W -999 -999 -999 -999 
NHC  13L MINDY     20210909 0600 305N 0839W 050 088 1004 1010 0167 18 056 -999 0074 -999 -999 M -999 -999 -999 -999 72 343N  663W -999 -999 -999 -999 
NHC  12L LARRY     20210909 0600 302N 0608W 320 067 0969 1012 0463 44 130 0352 0352 0259 0259 D 0204 0204 0130 0167 72 574N  416W 0148 0111 0056 0093 
NHC  15E OLAF      20210909 1200 209N 1081W 335 031 0990 1009 0278 31 056 0185 0111 0074 0111 D 0093 0074 -999 0074 72 231N 1157W -999 -999 -999 -999 
NHC  13L MINDY     20210909 1200 312N 0818W 065 093 1005 1010 0148 15 074 -999 -999 -999 -999 M -999 -999 -999 -999 48 344N  695W -999 -999 -999 -999 
NHC  12L LARRY     20210909 1200 313N 0615W 330 067 0968 1012 0463 41 130 0352 0352 0259 0259 D 0204 0204 0130 0167 72 592N  412W 0148 0111 0056 0093 
NHC  15E OLAF      20210909 1800 218N 1086W 335 046 0984 1009 0278 36 056 0167 0130 0093 0111 D 0093 0093 0056 0074 72 232N 1160W 0056 0056 -999 0056 
NHC  15E OLAF      20210909 1800 218N 1086W 335 046 0980 1009 0278 39 056 0167 0167 0093 0111 D 0074 0074 0056 0074 72 232N 1160W 0056 0056 -999 0056 
NHC  15E OLAF      20210909 1800 218N 1086W 335 046 0980 1009 0278 39 056 0167 0130 0093 0111 D 0093 0093 0056 0074 72 232N 1160W 0056 0056 -999 0056 
NHC  13L MINDY     20210909 1800 317N 0794W 075 103 1005 1009 0148 15 074 -999 -999 -999 -999 S -999 -999 -999 -999 36 343N  703W -999 -999 -999 -999 
NHC  12L LARRY     20210909 1800 330N 0621W 340 088 0966 1012 0463 41 111 0352 0352 0259 0259 D 0204 0204 0130 0167 72 610N  400W 0148 0111 0056 0093 
NHC  15E OLAF      20210910 0000 227N 1093W 330 057 0977 1008 0278 41 037 0167 0167 0093 0111 D 0074 0074 0056 0074 72 232N 1165W 0056 0056 -999 0056 
NHC  13L MINDY     20210910 0000 322N 0761W 075 118 1005 1009 0148 15 074 -999 -999 -999 -999 S -999 -999 -999 -999 24 338N  712W -999 -999 -999 -999 
NHC  12L LARRY     20210910 0000 344N 0623W 350 088 0966 1012 0463 41 111 0352 0352 0259 0259 D 0204 0204 0130 0167 72 615N  400W 0148 0111 0056 0093 
NHC  15E OLAF      20210910 0600 234N 1103W 315 057 0981 1010 0222 39 037 0111 0111 0130 0130 D 0056 0074 0074 0056 72 230N 1172W 0037 0037 0037 0037 
NHC  15E OLAF      20210910 0600 233N 1103W 315 057 0981 1010 0222 39 037 0093 0111 0130 0111 D 0056 0074 0074 0056 72 230N 1172W 0037 0037 0037 0037 
NHC  12L LARRY     20210910 0600 365N 0622W 360 103 0968 1006 0371 39 093 0389 0389 0259 0259 D 0222 0222 0130 0167 48 581N  440W 0148 0111 0056 0093 
NHC  15E OLAF      20210910 1200 239N 1109W 310 046 0988 1010 0222 33 019 0093 0093 0111 0093 D 0037 0056 0056 0037 72 221N 1182W 0019 0019 0019 0019 
NHC  12L LARRY     20210910 1200 390N 0610W 015 129 0971 1006 0371 36 093 0389 0389 0259 0259 D 0222 0222 0130 0167 48 600N  420W 0148 0111 0056 0093 
NHC  93L INVEST    20210910 1800 118N 0153W 278 088 1010 1013 0222 13 111 -999 -999 -999 -999 S -999 -999 -999 -999 -9 -99N -999W -999 -999 -999 -999 
NHC  15E OLAF      20210910 1800 245N 1122W 300 051 0997 1010 0222 23 028 0074 0093 0093 0074 M -999 -999 -999 -999 72 216N 1186W -999 -999 -999 -999 
NHC  12L LARRY     20210910 1800 419N 0595W 020 154 0969 1005 0371 36 130 0408 0408 0334 0222 D 0222 0222 0222 0148 48 611N  387W 0111 0167 -999 -999 
NHC  93L INVEST    20210911 0000 127N 0172W 290 093 1010 1013 0222 13 111 -999 -999 -999 -999 S -999 -999 -999 -999 -9 -99N -999W -999 -999 -999 -999 
NHC  15E OLAF      20210911 0000 247N 1130W 285 041 1003 1010 0167 18 028 0056 0056 0056 0056 S -999 -999 -999 -999 72 214N 1197W -999 -999 -999 -999 
NHC  12L LARRY     20210911 0000 450N 0564W 035 170 0958 1000 0371 36 130 0408 0408 0334 0222 D 0222 0222 0222 0148 36 586N  424W 0111 0167 -999 -999 
NHC  94L INVEST    20210911 0600 175N 0915W 280 041 1009 1010 0222 10 167 -999 -999 -999 -999 S -999 -999 -999 -999 -9 -99N -999W -999 -999 -999 -999 
NHC  93L INVEST    20210911 0600 134N 0192W 295 103 1010 1013 0222 13 111 -999 -999 -999 -999 S -999 -999 -999 -999 -9 -99N -999W -999 -999 -999 -999 
NHC  15E OLAF      20210911 0600 245N 1137W 260 036 1005 1011 0185 15 056 -999 -999 -999 -999 S -999 -999 -999 -999 72 210N 1201W -999 -999 -999 -999 
NHC  12L LARRY     20210911 0600 488N 0533W 025 206 0963 0998 0334 33 130 0334 0445 0278 0167 D 0167 0222 0130 -999 24 568N  447W 0111 0167 -999 -999 
NHC  94L INVEST    20210911 1200 179N 0921W 290 041 1009 1010 0222 10 167 -999 -999 -999 -999 S -999 -999 -999 -999 -9 -99N -999W -999 -999 -999 -999 
NHC  93L INVEST    20210911 1200 142N 0211W 290 098 1010 1013 0222 13 111 -999 -999 -999 -999 S -999 -999 -999 -999 -9 -99N -999W -999 -999 -999 -999 
NHC  12L LARRY     20210911 1200 525N 0495W 030 216 0963 0998 0334 31 130 0389 0500 0389 0278 D 0167 0222 0130 -999 12 560N  460W -999 -999 -999 -999 
NHC  97E INVEST    20210911 1800 115N 0977W 330 021 1010 1012 0167 10 111 -999 -999 -999 -999 S -999 -999 -999 -999 -9 -99N -999W -999 -999 -999 -999 
NHC  94L INVEST    20210911 1800 186N 0932W 300 046 1009 1011 0222 10 167 -999 -999 -999 -999 S -999 -999 -999 -999 -9 -99N -999W -999 -999 -999 -999 
NHC  93L INVEST    20210911 1800 153N 0224W 300 093 1010 1012 0222 13 111 -999 -999 -999 -999 S -999 -999 -999 -999 -9 -99N -999W -999 -999 -999 -999 
NHC  97E INVEST    20210912 0000 149N 0945W 340 031 1008 1012 0167 10 074 -999 -999 -999 -999 S -999 -999 -999 -999 -9 -99N -999W -999 -999 -999 -999 
NHC  94L INVEST    20210912 0000 190N 0941W 300 051 1009 1011 0222 13 167 -999 -999 -999 -999 S -999 -999 -999 -999 -9 -99N -999W -999 -999 -999 -999 
NHC  93L INVEST    20210912 0000 167N 0233W 300 088 1010 1012 0222 10 074 -999 -999 -999 -999 S -999 -999 -999 -999 -9 -99N -999W -999 -999 -999 -999 
NHC  97E INVEST    20210912 0600 155N 0950W 335 036 1008 1010 0130 15 056 -999 -999 -999 -999 S -999 -999 -999 -999 -9 -99N -999W -999 -999 -999 -999 
NHC  94L INVEST    20210912 0600 197N 0937W 325 036 1009 1011 0222 15 167 -999 -999 -999 -999 S -999 -999 -999 -999 -9 -99N -999W -999 -999 -999 -999 
NHC  93L INVEST    20210912 0600 172N 0245W 305 082 1010 1012 0222 10 074 -999 -999 -999 -999 S -999 -999 -999 -999 -9 -99N -999W -999 -999 -999 -999 
NHC  97E INVEST    20210912 1200 159N 0957W 305 041 1009 1012 0185 13 074 -999 -999 -999 -999 S -999 -999 -999 -999 -9 -99N -999W -999 -999 -999 -999 
NHC  94L INVEST    20210912 1200 199N 0944W 320 031 1008 1012 0222 15 148 -999 -999 -999 -999 M -999 -999 -999 -999 -9 -99N -999W -999 -999 -999 -999 
NHC  93L INVEST    20210912 1200 175N 0254W 300 062 1010 1012 0222 10 074 -999 -999 -999 -999 S -999 -999 -999 -999 -9 -99N -999W -999 -999 -999 -999 
NHC  14L FOURTEEN  20210912 1200 199N 0944W 320 031 1008 1012 0222 15 148 -999 -999 -999 -999 M -999 -999 -999 -999 -9 -99N -999W -999 -999 -999 -999 
NHC  97E INVEST    20210912 1800 159N 0965W 270 041 1009 1012 0185 13 074 -999 -999 -999 -999 S -999 -999 -999 -999 -9 -99N -999W -999 -999 -999 -999 
NHC  93L INVEST    20210912 1800 172N 0275W 270 072 1010 1012 0222 10 093 -999 -999 -999 -999 S -999 -999 -999 -999 -9 -99N -999W -999 -999 -999 -999 
NHC  14L NICHOLAS  20210912 1800 223N 0954W 330 067 1008 1012 0222 18 148 0167 -999 -999 -999 M -999 -999 -999 -999 72 303N  952W -999 -999 -999 -999 
NHC  97E INVEST    20210913 0000 153N 0979W 270 051 1009 1012 0185 13 074 -999 -999 -999 -999 S -999 -999 -999 -999 -9 -99N -999W -999 -999 -999 -999 
NHC  14L NICHOLAS  20210913 0000 240N 0960W 335 077 1008 1011 0222 21 111 0185 -999 -999 -999 M -999 -999 -999 -999 72 317N  952W -999 -999 -999 -999 
NHC  14L NICHOLAS  20210913 0000 225N 0958W 340 041 1008 1011 0222 18 148 0222 -999 -999 -999 M -999 -999 -999 -999 72 317N  952W -999 -999 -999 -999 
NHC  97E INVEST    20210913 0600 145N 1000W 270 057 1009 1012 0185 13 074 -999 -999 -999 -999 S -999 -999 -999 -999 -9 -99N -999W -999 -999 -999 -999 
NHC  95L INVEST    20210913 0600 091N 0122W 270 062 1010 1012 0222 10 148 -999 -999 -999 -999 S -999 -999 -999 -999 -9 -99N -999W -999 -999 -999 -999 
NHC  14L NICHOLAS  20210913 0600 251N 0965W 345 072 1001 1011 0222 26 056 0185 0148 -999 -999 M 0056 -999 -999 -999 72 313N  942W -999 -999 -999 -999 
NHC  97E INVEST    20210913 1200 162N 1012W 290 062 1009 1012 0185 13 074 -999 -999 -999 -999 S -999 -999 -999 -999 -9 -99N -999W -999 -999 -999 -999 
NHC  95L INVEST    20210913 1200 091N 0140W 270 072 1010 1012 0222 10 148 -999 -999 -999 -999 S -999 -999 -999 -999 -9 -99N -999W -999 -999 -999 -999 
NHC  14L NICHOLAS  20210913 1200 254N 0969W 360 026 1002 1011 0222 26 056 0185 0148 -999 -999 M 0056 -999 -999 -999 72 325N  915W -999 -999 -999 -999 
NHC  14L NICHOLAS  20210913 1200 254N 0969W 360 026 1000 1011 0222 26 056 0185 0148 -999 -999 M 0056 -999 -999 -999 72 325N  915W -999 -999 -999 -999 
NHC  97E INVEST    20210913 1800 170N 1030W 295 077 1010 1012 0185 10 093 -999 -999 -999 -999 S -999 -999 -999 -999 -9 -99N -999W -999 -999 -999 -999 
NHC  95L INVEST    20210913 1800 091N 0158W 270 082 1010 1011 0222 10 148 -999 -999 -999 -999 S -999 -999 -999 -999 -9 -99N -999W -999 -999 -999 -999 
NHC  14L NICHOLAS  20210913 1800 269N 0965W 010 051 1002 1011 0222 26 056 0185 0148 -999 -999 D 0056 -999 -999 -999 72 320N  911W -999 -999 -999 -999 
NHC  95L INVEST    20210914 0000 113N 0153W 270 082 1010 1011 0222 10 148 -999 -999 -999 -999 S -999 -999 -999 -999 -9 -99N -999W -999 -999 -999 -999 
NHC  14L NICHOLAS  20210914 0000 281N 0962W 015 057 0988 1010 0185 31 074 0185 0148 0074 0074 D 0093 0056 -999 -999 72 320N  906W -999 -999 -999 -999 
NHC  95L INVEST    20210914 0600 120N 0181W 277 108 1008 1011 0222 13 130 -999 -999 -999 -999 S -999 -999 -999 -999 -9 -99N -999W -999 -999 -999 -999 
NHC  14L NICHOLAS  20210914 0600 288N 0957W 020 046 0991 1010 0222 33 046 0204 0204 0074 0093 D 0111 0074 -999 0037 72 305N  925W 0046 0046 -999 -999 
NHC  96L INVEST    20210914 1200 235N 0715W 330 036 1014 1015 0176 10 167 -999 -999 -999 -999 S -999 -999 -999 -999 -9 -99N -999W -999 -999 -999 -999 
NHC  95L INVEST    20210914 1200 102N 0203W 270 103 1009 1011 0222 13 130 -999 -999 -999 -999 S -999 -999 -999 -999 -9 -99N -999W -999 -999 -999 -999 
NHC  14L NICHOLAS  20210914 1200 294N 0955W 020 036 0999 1010 0297 26 148 0222 0222 -999 0056 D 0148 0148 -999 -999 48 304N  928W -999 -999 -999 -999 
NHC  96L INVEST    20210914 1800 253N 0710W 345 057 1014 1015 0176 10 167 -999 -999 -999 -999 S -999 -999 -999 -999 -9 -99N -999W -999 -999 -999 -999 
NHC  95L INVEST    20210914 1800 105N 0220W 275 098 1009 1011 0222 13 130 -999 -999 -999 -999 S -999 -999 -999 -999 -9 -99N -999W -999 -999 -999 -999 
NHC  14L NICHOLAS  20210914 1800 295N 0949W 075 031 1003 1010 0297 18 148 0222 0297 -999 -999 D -999 -999 -999 -999 48 305N  928W -999 -999 -999 -999 
NHC  96L INVEST    20210915 0000 255N 0711W 325 041 1013 1015 0176 13 167 -999 -999 -999 -999 S -999 -999 -999 -999 -9 -99N -999W -999 -999 -999 -999 
NHC  96L INVEST    20210915 0000 255N 0705W 320 046 1013 1015 0176 13 167 -999 -999 -999 -999 S -999 -999 -999 -999 -9 -99N -999W -999 -999 -999 -999 
NHC  95L INVEST    20210915 0000 108N 0233W 275 088 1009 1011 0222 13 130 -999 -999 -999 -999 S -999 -999 -999 -999 -9 -99N -999W -999 -999 -999 -999 
NHC  95L INVEST    20210915 0000 107N 0231W 275 082 1009 1011 0222 13 130 -999 -999 -999 -999 S -999 -999 -999 -999 -9 -99N -999W -999 -999 -999 -999 
NHC  14L NICHOLAS  20210915 0000 299N 0944W 060 026 1003 1008 0297 15 148 -999 -999 -999 -999 M -999 -999 -999 -999 48 305N  924W -999 -999 -999 -999 
NHC  96L INVEST    20210915 0600 264N 0720W 320 046 1012 1015 0176 13 167 -999 -999 -999 -999 S -999 -999 -999 -999 -9 -99N -999W -999 -999 -999 -999 
NHC  95L INVEST    20210915 0600 101N 0246W 270 077 1009 1011 0222 15 074 -999 -999 -999 -999 S -999 -999 -999 -999 -9 -99N -999W -999 -999 -999 -999 
NHC  14L NICHOLAS  20210915 0600 301N 0940W 060 026 1005 1008 0287 13 278 -999 -999 -999 -999 M -999 -999 -999 -999 48 309N  926W -999 -999 -999 -999 
NHC  96L INVEST    20210915 1200 278N 0728W 325 062 1011 1015 0222 13 167 -999 -999 -999 -999 S -999 -999 -999 -999 -9 -99N -999W -999 -999 -999 -999 
NHC  96L INVEST    20210915 1200 278N 0725W 330 057 1011 1015 0222 15 167 -999 -999 -999 -999 S -999 -999 -999 -999 -9 -99N -999W -999 -999 -999 -999 
NHC  95L INVEST    20210915 1200 102N 0261W 270 077 1009 1011 0222 15 074 -999 -999 -999 -999 S -999 -999 -999 -999 -9 -99N -999W -999 -999 -999 -999 
NHC  14L NICHOLAS  20210915 1200 303N 0930W 065 031 1006 1008 0287 13 185 -999 -999 -999 -999 M -999 -999 -999 -999 48 306N  930W -999 -999 -999 -999 
NHC  96L INVEST    20210915 1800 287N 0731W 330 062 1010 1015 0278 15 167 -999 -999 -999 -999 S -999 -999 -999 -999 -9 -99N -999W -999 -999 -999 -999 
NHC  95L INVEST    20210915 1800 105N 0276W 275 077 1009 1011 0222 15 074 -999 -999 -999 -999 S -999 -999 -999 -999 12  99N  284W -999 -999 -999 -999 
NHC  14L NICHOLAS  20210915 1800 302N 0925W 080 031 1006 1008 0287 10 185 -999 -999 -999 -999 M -999 -999 -999 -999 48 313N  924W -999 -999 -999 -999 
NHC  96L INVEST    20210916 0000 293N 0740W 325 062 1010 1015 0278 15 222 -999 -999 -999 -999 S -999 -999 -999 -999 -9 -99N -999W -999 -999 -999 -999 
NHC  95L INVEST    20210916 0000 115N 0315W 270 118 1011 1012 0222 13 111 -999 -999 -999 -999 S -999 -999 -999 -999 -9 -99N -999W -999 -999 -999 -999 
NHC  14L NICHOLAS  20210916 0000 301N 0919W 090 031 1006 1008 0287 13 185 -999 -999 -999 -999 S -999 -999 -999 -999 48 319N  927W -999 -999 -999 -999 
NHC  96L INVEST    20210916 0600 303N 0743W 330 057 1010 1015 0278 15 222 -999 -999 -999 -999 S -999 -999 -999 -999 -9 -99N -999W -999 -999 -999 -999 
NHC  95L INVEST    20210916 0600 117N 0340W 280 129 1011 1013 0222 13 111 -999 -999 -999 -999 S -999 -999 -999 -999 -9 -99N -999W -999 -999 -999 -999 
NHC  14L NICHOLAS  20210916 0600 293N 0916W 130 026 1007 1009 0222 10 185 -999 -999 -999 -999 S -999 -999 -999 -999 48 323N  924W -999 -999 -999 -999 
NHC  96L INVEST    20210916 1200 317N 0741W 360 057 1010 1015 0278 15 222 -999 -999 -999 -999 S -999 -999 -999 -999 -9 -99N -999W -999 -999 -999 -999 
NHC  95L INVEST    20210916 1200 119N 0365W 275 124 1012 1015 0222 13 111 -999 -999 -999 -999 S -999 -999 -999 -999 -9 -99N -999W -999 -999 -999 -999 
NHC  14L NICHOLAS  20210916 1200 297N 0917W 125 015 1007 1009 0222 10 185 -999 -999 -999 -999 M -999 -999 -999 -999 48 322N  918W -999 -999 -999 -999 
NHC  96L INVEST    20210916 1800 326N 0753W 350 062 1011 1015 0334 15 278 -999 -999 -999 -999 S -999 -999 -999 -999 -9 -99N -999W -999 -999 -999 -999 
NHC  95L INVEST    20210916 1800 119N 0376W 275 093 1012 1015 0222 13 111 -999 -999 -999 -999 S -999 -999 -999 -999 -9 -99N -999W -999 -999 -999 -999 
NHC  96L INVEST    20210917 0000 335N 0753W 345 057 1011 1015 0334 15 278 -999 -999 -999 -999 S -999 -999 -999 -999 -9 -99N -999W -999 -999 -999 -999 
NHC  96L INVEST    20210917 0000 334N 0754W 345 051 1011 1015 0334 15 278 -999 -999 -999 -999 S -999 -999 -999 -999 -9 -99N -999W -999 -999 -999 -999 
NHC  95L INVEST    20210917 0000 122N 0392W 275 088 1012 1015 0222 13 111 -999 -999 -999 -999 S -999 -999 -999 -999 -9 -99N -999W -999 -999 -999 -999 
NHC  14L NICHOLAS  20210917 0000 305N 0924W 330 026 1009 1010 0195 08 185 -999 -999 -999 -999 S -999 -999 -999 -999 36 321N  919W -999 -999 -999 -999 
NHC  96L INVEST    20210917 0600 340N 0750W 360 036 1011 1015 0334 15 278 -999 -999 -999 -999 S -999 -999 -999 -999 -9 -99N -999W -999 -999 -999 -999 
NHC  95L INVEST    20210917 0600 106N 0407W 280 082 1010 1013 0222 13 111 -999 -999 -999 -999 S -999 -999 -999 -999 -9 -99N -999W -999 -999 -999 -999 
NHC  14L NICHOLAS  20210917 0600 308N 0930W 315 026 1010 1012 0195 08 185 -999 -999 -999 -999 S -999 -999 -999 -999 36 329N  917W -999 -999 -999 -999 
NHC  96L INVEST    20210917 1200 348N 0741W 035 041 1011 1017 0371 15 334 -999 -999 -999 -999 S -999 -999 -999 -999 -9 -99N -999W -999 -999 -999 -999 
NHC  95L INVEST    20210917 1200 118N 0436W 280 093 1011 1014 0334 13 111 -999 -999 -999 -999 S -999 -999 -999 -999 -9 -99N -999W -999 -999 -999 -999 
NHC  14L NICHOLAS  20210917 1200 314N 0932W 330 031 1012 1013 0195 08 185 -999 -999 -999 -999 M -999 -999 -999 -999 24 326N  932W -999 -999 -999 -999 
NHC  96L INVEST    20210917 1800 366N 0719W 045 093 1010 1017 0371 18 130 0185 -999 -999 0111 S -999 -999 -999 -999 -9 -99N -999W -999 -999 -999 -999 
NHC  95L INVEST    20210917 1800 134N 0454W 285 093 1011 1013 0222 13 111 -999 -999 -999 -999 S -999 -999 -999 -999 -9 -99N -999W -999 -999 -999 -999 
NHC  15L ODETTE    20210917 1800 366N 0719W 045 093 1010 1017 0371 18 130 0185 -999 -999 0111 S -999 -999 -999 -999 -9 -99N -999W -999 -999 -999 -999 
NHC  14L NICHOLAS  20210917 1800 319N 0927W 355 026 1014 1015 0195 08 185 -999 -999 -999 -999 M -999 -999 -999 -999 12 324N  931W -999 -999 -999 -999 
NHC  97L INVEST    20210918 0000 090N 0248W 260 026 1008 1012 0371 13 130 -999 -999 -999 -999 S -999 -999 -999 -999 -9 -99N -999W -999 -999 -999 -999 
NHC  95L INVEST    20210918 0000 141N 0473W 290 098 1011 1013 0222 13 111 -999 -999 -999 -999 S -999 -999 -999 -999 -9 -99N -999W -999 -999 -999 -999 
NHC  95L INVEST    20210918 0000 140N 0474W 290 098 1011 1013 0222 13 111 -999 -999 -999 -999 S -999 -999 -999 -999 -9 -99N -999W -999 -999 -999 -999 
NHC  15L ODETTE    20210918 0000 363N 0719W 050 051 1010 1017 0371 18 130 0185 -999 -999 0111 S -999 -999 -999 -999 72 460N  495W -999 -999 -999 -999 
NHC  97L INVEST    20210918 0600 092N 0252W 235 046 1008 1012 0371 13 130 -999 -999 -999 -999 S -999 -999 -999 -999 -9 -99N -999W -999 -999 -999 -999 
NHC  95L INVEST    20210918 0600 147N 0490W 295 093 1010 1013 0222 15 111 -999 -999 -999 -999 S -999 -999 -999 -999 -9 -99N -999W -999 -999 -999 -999 
NHC  95L INVEST    20210918 0600 147N 0490W 295 093 1009 1013 0222 15 111 -999 -999 -999 -999 S -999 -999 -999 -999 -9 -99N -999W -999 -999 -999 -999 
NHC  15L ODETTE    20210918 0600 376N 0700W 050 062 1008 1016 0371 21 167 0315 0278 -999 0111 S -999 -999 -999 -999 72 438N  500W -999 -999 -999 -999 
NHC  97L INVEST    20210918 1200 089N 0261W 265 031 1008 1012 0371 13 130 -999 -999 -999 -999 S -999 -999 -999 -999 -9 -99N -999W -999 -999 -999 -999 
NHC  95L INVEST    20210918 1200 147N 0510W 285 098 1008 1012 0222 15 111 -999 -999 -999 -999 M -999 -999 -999 -999 -9 -99N -999W -999 -999 -999 -999 
NHC  15L ODETTE    20210918 1200 386N 0678W 055 088 1002 1016 0500 21 167 0315 0278 -999 0111 S -999 -999 -999 -999 72 430N  484W -999 -999 -999 -999 
NHC  97L INVEST    20210918 1800 091N 0267W 275 031 1008 1012 0371 13 130 -999 -999 -999 -999 S -999 -999 -999 -999 -9 -99N -999W -999 -999 -999 -999 
NHC  95L INVEST    20210918 1800 155N 0520W 290 082 1008 1011 0278 15 111 -999 -999 -999 -999 M -999 -999 -999 -999 -9 -99N -999W -999 -999 -999 -999 
NHC  15L ODETTE    20210918 1800 387N 0661W 070 082 1001 1016 0556 21 222 0334 0278 0334 0222 S -999 -999 -999 -999 72 415N  491W -999 -999 -999 -999 
NHC  97L INVEST    20210919 0000 105N 0273W 325 046 1008 1012 0371 15 130 -999 -999 -999 -999 S -999 -999 -999 -999 -9 -99N -999W -999 -999 -999 -999 
NHC  95L INVEST    20210919 0000 161N 0525W 300 062 1008 1011 0278 15 111 -999 -999 -999 -999 M -999 -999 -999 -999 72 217N  660W -999 -999 -999 -999 
NHC  16L SIXTEEN   20210919 0000 161N 0525W 300 062 1008 1011 0278 15 074 -999 -999 -999 -999 M -999 -999 -999 -999 72 217N  660W -999 -999 -999 -999 
NHC  97L INVEST    20210919 0600 113N 0279W 325 051 1007 1012 0185 15 056 -999 -999 -999 -999 M -999 -999 -999 -999 -9 -99N -999W -999 -999 -999 -999 
NHC  17L SEVENTEEN 20210919 0600 113N 0279W 325 051 1007 1012 0185 15 056 -999 -999 -999 -999 M -999 -999 -999 -999 -9 -99N -999W -999 -999 -999 -999 
NHC  16L PETER     20210919 0600 176N 0529W 325 057 1005 1011 0278 18 074 0074 0074 -999 -999 D -999 -999 -999 -999 72 223N  655W -999 -999 -999 -999 
NHC  16L PETER     20210919 0600 170N 0538W 300 067 1005 1011 0278 18 074 0074 0074 -999 -999 D -999 -999 -999 -999 72 223N  655W -999 -999 -999 -999 
NHC  17L SEVENTEEN 20210919 1200 126N 0283W 335 062 1007 1012 0222 15 056 -999 -999 -999 -999 M -999 -999 -999 -999 72 232N  372W -999 -999 -999 -999 
NHC  16L PETER     20210919 1200 174N 0558W 295 077 1008 1011 0278 21 074 0185 0074 -999 -999 D -999 -999 -999 -999 72 243N  656W -999 -999 -999 -999 
NHC  17L ROSE      20210919 1800 138N 0294W 330 072 1005 1012 0241 18 046 0056 0056 -999 -999 M -999 -999 -999 -999 72 240N  376W -999 -999 -999 -999 
NHC  16L PETER     20210919 1800 182N 0572W 295 082 1007 1011 0278 21 074 0204 -999 -999 -999 D -999 -999 -999 -999 72 238N  670W -999 -999 -999 -999 
NHC  17L ROSE      20210920 0000 148N 0306W 320 077 1005 1012 0241 18 046 0056 0056 -999 -999 M -999 -999 -999 -999 72 247N  380W -999 -999 -999 -999 
NHC  16L PETER     20210920 0000 185N 0581W 295 067 1007 1011 0222 18 111 0204 -999 -999 -999 D -999 -999 -999 -999 72 241N  682W -999 -999 -999 -999 
NHC  16L PETER     20210920 0000 185N 0581W 295 067 1006 1011 0222 21 111 0222 -999 -999 -999 D -999 -999 -999 -999 72 241N  682W -999 -999 -999 -999 
NHC  98L INVEST    20210920 0600 095N 0193W 270 077 1009 1012 0222 13 111 -999 -999 -999 -999 M -999 -999 -999 -999 -9 -99N -999W -999 -999 -999 -999 
NHC  17L ROSE      20210920 0600 154N 0321W 300 077 1005 1012 0241 18 046 0056 0056 -999 -999 M -999 -999 -999 -999 72 250N  387W -999 -999 -999 -999 
NHC  16L PETER     20210920 0600 189N 0589W 295 051 1005 1011 0222 23 111 0204 -999 -999 -999 D -999 -999 -999 -999 72 239N  686W -999 -999 -999 -999 
NHC  98L INVEST    20210920 1200 095N 0210W 270 077 1009 1012 0222 13 111 -999 -999 -999 -999 M -999 -999 -999 -999 -9 -99N -999W -999 -999 -999 -999 
NHC  17L ROSE      20210920 1200 167N 0330W 310 077 1007 1012 0241 18 046 0056 0056 0056 -999 M -999 -999 -999 -999 72 252N  398W -999 -999 -999 -999 
NHC  16L PETER     20210920 1200 193N 0603W 295 057 1007 1011 0222 23 111 0204 -999 -999 -999 D -999 -999 -999 -999 72 242N  684W -999 -999 -999 -999 
NHC  98L INVEST    20210920 1800 092N 0228W 265 082 1009 1012 0222 13 111 -999 -999 -999 -999 M -999 -999 -999 -999 -9 -99N -999W -999 -999 -999 -999 
NHC  17L ROSE      20210920 1800 179N 0340W 315 077 1007 1012 0222 18 046 0056 0056 0056 -999 M -999 -999 -999 -999 72 267N  400W -999 -999 -999 -999 
NHC  16L PETER     20210920 1800 198N 0613W 295 057 1007 1011 0222 23 111 0204 -999 -999 -999 D -999 -999 -999 -999 72 245N  687W -999 -999 -999 -999 
NHC  98L INVEST    20210921 0000 095N 0247W 270 093 1010 1012 0222 13 111 -999 -999 -999 -999 M -999 -999 -999 -999 -9 -99N -999W -999 -999 -999 -999 
NHC  17L ROSE      20210921 0000 186N 0352W 315 072 1004 1014 0371 23 056 0148 0148 0074 -999 M -999 -999 -999 -999 72 273N  402W -999 -999 -999 -999 
NHC  16L PETER     20210921 0000 198N 0621W 285 046 1007 1012 0222 23 111 0204 -999 -999 -999 D -999 -999 -999 -999 72 251N  680W -999 -999 -999 -999 
NHC  15L ODETTE    20210921 0000 432N 0465W 115 067 0993 1016 0556 26 111 0334 0352 0315 0334 M -999 -999 0148 0093 -9 -99N -999W -999 -999 -999 -999 
NHC  98L INVEST    20210921 0600 098N 0263W 275 093 1010 1012 0222 13 111 -999 -999 -999 -999 M -999 -999 -999 -999 -9 -99N -999W -999 -999 -999 -999 
NHC  17L ROSE      20210921 0600 205N 0362W 325 088 1006 1012 0371 21 056 0148 0148 0074 -999 M -999 -999 -999 -999 72 273N  408W -999 -999 -999 -999 
NHC  15L ODETTE    20210921 0600 416N 0453W 130 072 0993 1016 0556 26 111 0334 0352 0315 0334 M -999 -999 0148 0093 -9 -99N -999W -999 -999 -999 -999 
NHC  98L INVEST    20210921 1200 095N 0275W 270 077 1010 1012 0222 13 111 -999 -999 -999 -999 M -999 -999 -999 -999 -9 -99N -999W -999 -999 -999 -999 
NHC  17L ROSE      20210921 1200 212N 0366W 325 072 1008 1012 0334 18 130 0148 0148 -999 -999 M -999 -999 -999 -999 72 290N  404W -999 -999 -999 -999 
NHC  16L PETER     20210921 1200 198N 0640W 270 041 1008 1012 0222 21 111 0278 -999 -999 -999 S -999 -999 -999 -999 72 252N  672W -999 -999 -999 -999 
NHC  16L PETER     20210921 1200 198N 0640W 270 041 1008 1012 0222 18 111 0241 -999 -999 -999 S -999 -999 -999 -999 72 252N  672W -999 -999 -999 -999 
NHC  15L ODETTE    20210921 1200 402N 0433W 140 088 0993 1016 0556 26 111 0334 0352 0315 0334 M -999 -999 0148 0093 -9 -99N -999W -999 -999 -999 -999 
NHC  98L INVEST    20210921 1800 095N 0285W 270 062 1010 1012 0222 13 111 -999 -999 -999 -999 M -999 -999 -999 -999 -9 -99N -999W -999 -999 -999 -999 
NHC  17L ROSE      20210921 1800 222N 0374W 325 067 1008 1012 0334 18 130 0148 0148 -999 -999 M -999 -999 -999 -999 72 294N  393W -999 -999 -999 -999 
NHC  16L PETER     20210921 1800 203N 0648W 280 046 1009 1012 0222 15 148 -999 -999 -999 -999 S -999 -999 -999 -999 72 254N  662W -999 -999 -999 -999 
NHC  15L ODETTE    20210921 1800 397N 0417W 135 088 0997 1016 0556 23 111 0334 0352 0315 0334 M -999 -999 -999 -999 -9 -99N -999W -999 -999 -999 -999 
NHC  98L INVEST    20210922 0000 096N 0296W 270 062 1010 1012 0222 13 148 -999 -999 -999 -999 S -999 -999 -999 -999 -9 -99N -999W -999 -999 -999 -999 
NHC  17L ROSE      20210922 0000 227N 0377W 325 046 1008 1014 0297 18 148 0167 0167 -999 -999 M -999 -999 -999 -999 72 298N  388W -999 -999 -999 -999 
NHC  16L PETER     20210922 0000 212N 0658W 310 051 1008 1012 0222 15 130 -999 -999 -999 -999 S -999 -999 -999 -999 72 267N  651W -999 -999 -999 -999 
NHC  16L PETER     20210922 0000 206N 0651W 310 031 1009 1012 0222 15 148 -999 -999 -999 -999 S -999 -999 -999 -999 72 267N  651W -999 -999 -999 -999 
NHC  15L ODETTE    20210922 0000 403N 0396W 080 072 0997 1014 0556 23 111 0389 0334 0315 0445 M -999 -999 -999 -999 -9 -99N -999W -999 -999 -999 -999 
NHC  15L ODETTE    20210922 0000 403N 0396W 080 072 0997 1014 0556 23 111 0334 0167 0334 0445 M -999 -999 -999 -999 -9 -99N -999W -999 -999 -999 -999 
NHC  98L INVEST    20210922 0600 096N 0307W 270 057 1010 1012 0222 13 148 -999 -999 -999 -999 S -999 -999 -999 -999 -9 -99N -999W -999 -999 -999 -999 
NHC  17L ROSE      20210922 0600 231N 0381W 325 036 1009 1014 0297 15 148 -999 -999 -999 -999 M -999 -999 -999 -999 72 297N  378W -999 -999 -999 -999 
NHC  16L PETER     20210922 0600 212N 0659W 310 041 1008 1012 0222 15 130 -999 -999 -999 -999 S -999 -999 -999 -999 48 251N  663W -999 -999 -999 -999 
NHC  15L ODETTE    20210922 0600 413N 0398W 065 051 0997 1014 0556 23 111 0389 0334 0278 0445 M -999 -999 -999 -999 -9 -99N -999W -999 -999 -999 -999 
NHC  98L INVEST    20210922 1200 099N 0315W 280 051 1009 1012 0222 15 074 -999 -999 -999 -999 S -999 -999 -999 -999 -9 -99N -999W -999 -999 -999 -999 
NHC  17L ROSE      20210922 1200 234N 0388W 305 031 1009 1014 0297 15 148 -999 -999 -999 -999 M -999 -999 -999 -999 72 301N  363W -999 -999 -999 -999 
NHC  16L PETER     20210922 1200 213N 0668W 300 036 1008 1012 0222 15 130 -999 -999 -999 -999 S -999 -999 -999 -999 48 251N  658W -999 -999 -999 -999 
NHC  15L ODETTE    20210922 1200 422N 0399W 355 046 0997 1014 0556 23 111 0389 0334 0278 0445 M -999 -999 -999 -999 -9 -99N -999W -999 -999 -999 -999 
NHC  98L INVEST    20210922 1800 101N 0332W 275 062 1008 1012 0222 15 074 -999 -999 -999 -999 S -999 -999 -999 -999 -9 -99N -999W -999 -999 -999 -999 
NHC  18L EIGHTEEN  20210922 1800 101N 0332W 275 062 1008 1012 0222 15 074 -999 -999 -999 -999 S -999 -999 -999 -999 -9 -99N -999W -999 -999 -999 -999 
NHC  17L ROSE      20210922 1800 238N 0397W 300 041 1010 1014 0297 15 148 -999 -999 -999 -999 M -999 -999 -999 -999 72 299N  349W -999 -999 -999 -999 
NHC  16L PETER     20210922 1800 216N 0667W 330 026 1008 1012 0222 15 130 -999 -999 -999 -999 S -999 -999 -999 -999 48 251N  663W -999 -999 -999 -999 
NHC  15L ODETTE    20210922 1800 433N 0404W 350 051 0999 1014 0556 21 111 0167 0222 0222 0371 M -999 -999 -999 -999 -9 -99N -999W -999 -999 -999 -999 
NHC  18L EIGHTEEN  20210923 0000 102N 0344W 280 062 1008 1012 0222 15 074 -999 -999 -999 -999 S -999 -999 -999 -999 72 130N  468W -999 -999 -999 -999 
NHC  17L ROSE      20210923 0000 242N 0406W 295 046 1010 1014 0259 15 167 -999 -999 -999 -999 S -999 -999 -999 -999 72 301N  341W -999 -999 -999 -999 
NHC  16L PETER     20210923 0000 219N 0669W 325 021 1008 1011 0222 15 130 -999 -999 -999 -999 S -999 -999 -999 -999 48 256N  653W -999 -999 -999 -999 
NHC  15L ODETTE    20210923 0000 441N 0412W 335 051 0999 1016 0463 21 111 0167 0167 0222 0278 M -999 -999 -999 -999 -9 -99N -999W -999 -999 -999 -999 
NHC  18L EIGHTEEN  20210923 0600 104N 0357W 280 067 1008 1012 0222 15 074 -999 -999 -999 -999 M -999 -999 -999 -999 72 132N  475W -999 -999 -999 -999 
NHC  17L ROSE      20210923 0600 249N 0413W 310 046 1010 1014 0259 15 167 -999 -999 -999 -999 S -999 -999 -999 -999 72 302N  335W -999 -999 -999 -999 
NHC  15L ODETTE    20210923 0600 442N 0417W 325 041 0999 1016 0463 21 111 0204 0204 0222 0222 M -999 -999 -999 -999 -9 -99N -999W -999 -999 -999 -999 
NHC  18L SAM       20210923 1200 108N 0374W 280 072 1004 1012 0222 21 056 0074 -999 -999 0074 M -999 -999 -999 -999 72 137N  483W -999 -999 -999 -999 
NHC  18L EIGHTEEN  20210923 1200 108N 0374W 280 072 1004 1012 0222 21 056 0074 -999 -999 0074 M -999 -999 -999 -999 72 137N  483W -999 -999 -999 -999 
NHC  15L ODETTE    20210923 1200 442N 0424W 275 021 0999 1016 0463 21 111 0204 0204 0222 0222 M -999 -999 -999 -999 -9 -99N -999W -999 -999 -999 -999 
NHC  18L SAM       20210923 1800 110N 0391W 280 077 1000 1012 0278 26 037 0093 0056 -999 0093 M 0037 -999 -999 -999 72 137N  494W -999 -999 -999 -999 
NHC  15L ODETTE    20210923 1800 439N 0421W 150 010 0999 1016 0463 18 111 0111 0111 0130 0167 M -999 -999 -999 -999 -9 -99N -999W -999 -999 -999 -999 
NHC  18L SAM       20210924 0000 111N 0403W 280 067 0997 1012 0222 31 028 0074 0056 0037 0056 D 0037 -999 -999 0019 72 137N  500W -999 -999 -999 -999 
NHC  15L ODETTE    20210924 0000 442N 0413W 090 021 0999 1013 0389 18 111 0093 0093 0130 -999 M -999 -999 -999 -999 -9 -99N -999W -999 -999 -999 -999 
NHC  99L INVEST    20210924 0600 314N 0620W 345 088 1011 1014 0278 15 074 -999 -999 -999 -999 M -999 -999 -999 -999 -9 -99N -999W -999 -999 -999 -999 
NHC  99L INVEST    20210924 0600 314N 0620W 345 088 1011 1014 0278 13 130 -999 -999 -999 -999 M -999 -999 -999 -999 -9 -99N -999W -999 -999 -999 -999 
NHC  18L SAM       20210924 0600 114N 0416W 280 067 0993 1011 0222 33 028 0093 0074 0056 0074 D 0056 0037 0028 0037 72 135N  504W 0028 -999 -999 -999 
NHC  15L ODETTE    20210924 0600 442N 0413W 090 021 0999 1013 0389 18 111 0093 0093 0130 -999 M -999 -999 -999 -999 -9 -99N -999W -999 -999 -999 -999 
NHC  99L INVEST    20210924 1200 326N 0628W 325 082 1010 1014 0222 15 074 -999 -999 -999 -999 M -999 -999 -999 -999 -9 -99N -999W -999 -999 -999 -999 
NHC  18L SAM       20210924 1200 116N 0431W 280 067 0993 1011 0222 33 028 0093 0074 0056 0074 D 0056 0037 0028 0037 72 141N  511W 0028 -999 -999 -999 
NHC  99L INVEST    20210924 1800 341N 0641W 330 077 1008 1014 0222 21 074 -999 -999 -999 -999 M -999 -999 -999 -999 -9 -99N -999W -999 -999 -999 -999 
NHC  99L INVEST    20210924 1800 341N 0641W 330 077 1008 1014 0222 21 074 0111 -999 -999 -999 M -999 -999 -999 -999 -9 -99N -999W -999 -999 -999 -999 
NHC  19L TERESA    20210924 1800 341N 0641W 330 077 1008 1014 0222 21 074 0111 -999 -999 -999 M -999 -999 -999 -999 -9 -99N -999W -999 -999 -999 -999 
NHC  18L SAM       20210924 1800 119N 0443W 280 062 0989 1011 0222 36 028 0093 0074 0056 0093 D 0056 0037 0028 0037 72 146N  521W 0028 -999 -999 0019 
NHC  19L TERESA    20210925 0000 342N 0650W 300 067 1008 1014 0222 21 111 0185 -999 -999 -999 M -999 -999 -999 -999 36 372N  644W -999 -999 -999 -999 
NHC  18L SAM       20210925 0000 123N 0454W 285 062 0982 1013 0222 44 028 0093 0074 0056 0093 D 0056 0037 0028 0037 72 151N  529W 0028 0019 0009 0019 
NHC  19L TERESA    20210925 0600 344N 0655W 285 031 1009 1014 0278 18 185 0222 -999 -999 -999 S -999 -999 -999 -999 36 378N  640W -999 -999 -999 -999 
NHC  18L SAM       20210925 0600 127N 0463W 290 057 0973 1013 0222 49 028 0093 0074 0056 0093 D 0056 0046 0028 0046 72 157N  535W 0028 0028 0019 0028 
NHC  19L TERESA    20210925 1200 343N 0652W 360 000 1009 1014 0278 18 185 0222 -999 -999 -999 S -999 -999 -999 -999 24 372N  646W -999 -999 -999 -999 
NHC  18L SAM       20210925 1200 128N 0472W 290 051 0965 1013 0222 54 028 0093 0074 0056 0093 D 0056 0046 0028 0046 72 163N  537W 0028 0028 0019 0028 
NHC  19L TERESA    20210925 1800 343N 0646W 090 021 1010 1013 0343 15 334 -999 -999 -999 -999 S -999 -999 -999 -999 24 372N  626W -999 -999 -999 -999 
NHC  18L SAM       20210925 1800 131N 0481W 285 046 0948 1013 0222 59 028 0130 0167 0074 0111 D 0074 0056 0037 0056 72 166N  541W 0046 0037 0028 0037 
NHC  18L SAM       20210926 0000 134N 0487W 290 041 0943 1013 0222 64 019 0130 0167 0074 0111 D 0074 0056 0037 0056 72 174N  550W 0046 0037 0028 0037 
NHC  18L SAM       20210926 0600 137N 0494W 295 036 0943 1013 0222 64 019 0148 0148 0074 0111 D 0074 0056 0037 0056 72 180N  556W 0046 0037 0028 0037 
NHC  18L SAM       20210926 1200 138N 0500W 290 036 0943 1013 0222 64 019 0148 0148 0074 0111 D 0074 0056 0037 0056 72 184N  563W 0046 0037 0028 0037 
NHC  18L SAM       20210926 1800 140N 0503W 290 031 0938 1013 0222 67 019 0148 0148 0111 0130 D 0074 0056 0046 0056 72 186N  571W 0046 0037 0037 0037 
NHC  16L PETER     20210926 1800 283N 0608W 035 036 1009 1011 0222 13 130 -999 -999 -999 -999 S -999 -999 -999 -999 -9 -99N -999W -999 -999 -999 -999 
NHC  18L SAM       20210927 0000 145N 0506W 315 031 0940 1013 0222 67 019 0148 0148 0111 0130 D 0074 0056 0046 0056 72 192N  574W 0046 0037 0037 0037 
NHC  16L PETER     20210927 0000 295N 0601W 030 046 1009 1011 0222 13 130 -999 -999 -999 -999 M -999 -999 -999 -999 -9 -99N -999W -999 -999 -999 -999 
NHC  16L PETER     20210927 0000 290N 0595W 045 046 1009 1011 0222 13 130 -999 -999 -999 -999 S -999 -999 -999 -999 -9 -99N -999W -999 -999 -999 -999 
NHC  18L SAM       20210927 0600 150N 0511W 320 031 0948 1013 0222 62 019 0167 0167 0111 0130 D 0074 0056 0056 0065 72 200N  580W 0046 0037 0037 0037 
NHC  16L PETER     20210927 0600 299N 0595W 040 046 1009 1011 0222 15 074 -999 -999 -999 -999 M -999 -999 -999 -999 -9 -99N -999W -999 -999 -999 -999 
NHC  90L INVEST    20210927 1200 072N 0144W 270 108 1010 1012 0371 10 093 -999 -999 -999 -999 S -999 -999 -999 -999 -9 -99N -999W -999 -999 -999 -999 
NHC  18L SAM       20210927 1200 154N 0517W 310 036 0955 1013 0241 57 019 0167 0167 0111 0130 D 0074 0056 0056 0065 72 210N  588W 0046 0037 0037 0037 
NHC  16L PETER     20210927 1200 311N 0589W 035 051 1009 1011 0222 15 074 -999 -999 -999 -999 M -999 -999 -999 -999 -9 -99N -999W -999 -999 -999 -999 
NHC  90L INVEST    20210927 1800 070N 0142W 280 067 1010 1012 0371 10 093 -999 -999 -999 -999 S -999 -999 -999 -999 -9 -99N -999W -999 -999 -999 -999 
NHC  18L SAM       20210927 1800 160N 0524W 310 041 0958 1013 0241 54 019 0167 0167 0111 0130 D 0074 0056 0056 0065 72 217N  598W 0046 0037 0037 0037 
NHC  16L PETER     20210927 1800 317N 0587W 030 036 1010 1014 0204 15 074 -999 -999 -999 -999 M -999 -999 -999 -999 -9 -99N -999W -999 -999 -999 -999 
NHC  91L INVEST    20210928 0000 080N 0320W 270 051 1008 1011 0278 13 148 -999 -999 -999 -999 M -999 -999 -999 -999 -9 -99N -999W -999 -999 -999 -999 
NHC  90L INVEST    20210928 0000 067N 0168W 275 082 1010 1012 0371 10 093 -999 -999 -999 -999 S -999 -999 -999 -999 -9 -99N -999W -999 -999 -999 -999 
NHC  18L SAM       20210928 0000 165N 0529W 315 041 0955 1013 0241 54 028 0204 0167 0130 0167 D 0111 0093 0074 0093 72 229N  605W 0065 0056 0046 0056 
NHC  16L PETER     20210928 0000 322N 0589W 335 026 1010 1014 0204 15 074 -999 -999 -999 -999 M -999 -999 -999 -999 -9 -99N -999W -999 -999 -999 -999 
NHC  91L INVEST    20210928 0600 084N 0328W 275 041 1010 1012 0278 13 148 -999 -999 -999 -999 S -999 -999 -999 -999 -9 -99N -999W -999 -999 -999 -999 
NHC  90L INVEST    20210928 0600 067N 0185W 270 082 1010 1012 0371 13 093 -999 -999 -999 -999 S -999 -999 -999 -999 -9 -99N -999W -999 -999 -999 -999 
NHC  18L SAM       20210928 0600 170N 0536W 310 041 0952 1012 0259 59 028 0204 0167 0130 0167 D 0111 0093 0074 0093 72 243N  610W 0065 0056 0046 0056 
NHC  18L SAM       20210928 0600 170N 0535W 315 041 0955 1012 0259 57 028 0204 0167 0130 0167 D 0111 0093 0074 0093 72 243N  610W 0065 0056 0046 0056 
NHC  16L PETER     20210928 0600 327N 0589W 360 026 1010 1014 0204 15 074 -999 -999 -999 -999 S -999 -999 -999 -999 -9 -99N -999W -999 -999 -999 -999 
NHC  91L INVEST    20210928 1200 090N 0331W 295 031 1010 1012 0278 13 148 -999 -999 -999 -999 S -999 -999 -999 -999 -9 -99N -999W -999 -999 -999 -999 
NHC  90L INVEST    20210928 1200 067N 0197W 270 077 1010 1012 0371 13 093 -999 -999 -999 -999 S -999 -999 -999 -999 -9 -99N -999W -999 -999 -999 -999 
NHC  18L SAM       20210928 1200 173N 0540W 305 036 0952 1012 0259 59 028 0204 0222 0167 0204 D 0111 0093 0074 0093 72 256N  615W 0065 0056 0046 0056 
NHC  18L SAM       20210928 1200 173N 0540W 305 036 0952 1012 0259 59 028 0204 0167 0130 0167 D 0111 0093 0074 0093 72 256N  615W 0065 0056 0046 0056 
NHC  16L PETER     20210928 1200 335N 0589W 360 041 1010 1015 0204 15 074 -999 -999 -999 -999 M -999 -999 -999 -999 -9 -99N -999W -999 -999 -999 -999 
NHC  91L INVEST    20210928 1800 080N 0320W 270 051 1010 1012 0278 13 148 -999 -999 -999 -999 S -999 -999 -999 -999 -9 -99N -999W -999 -999 -999 -999 
NHC  90L INVEST    20210928 1800 068N 0212W 270 077 1010 1012 0371 13 093 -999 -999 -999 -999 S -999 -999 -999 -999 -9 -99N -999W -999 -999 -999 -999 
NHC  18L SAM       20210928 1800 177N 0547W 305 041 0947 1011 0259 59 019 0204 0222 0167 0204 D 0111 0093 0074 0093 72 266N  615W 0065 0056 0046 0056 
NHC  16L PETER     20210928 1800 336N 0586W 010 026 1010 1015 0204 18 056 -999 -999 -999 0074 M -999 -999 -999 -999 -9 -99N -999W -999 -999 -999 -999 
NHC  91L INVEST    20210929 0000 073N 0312W 135 031 1009 1012 0278 13 148 -999 -999 -999 -999 S -999 -999 -999 -999 -9 -99N -999W -999 -999 -999 -999 
NHC  90L INVEST    20210929 0000 070N 0220W 275 051 1008 1012 0334 15 093 -999 -999 -999 -999 M -999 -999 -999 -999 -9 -99N -999W -999 -999 -999 -999 
NHC  90L INVEST    20210929 0000 070N 0220W 275 051 1008 1012 0334 05 093 -999 -999 -999 -999 M -999 -999 -999 -999 -9 -99N -999W -999 -999 -999 -999 
NHC  18L SAM       20210929 0000 181N 0553W 305 036 0944 1011 0259 62 019 0204 0222 0167 0204 D 0111 0093 0074 0093 72 277N  620W 0065 0056 0046 0056 
NHC  16L PETER     20210929 0000 342N 0577W 050 041 1011 1015 0204 15 056 -999 -999 -999 -999 M -999 -999 -999 -999 -9 -99N -999W -999 -999 -999 -999 
NHC  91L INVEST    20210929 0600 072N 0322W 195 021 1009 1012 0278 13 148 -999 -999 -999 -999 S -999 -999 -999 -999 -9 -99N -999W -999 -999 -999 -999 
NHC  90L INVEST    20210929 0600 072N 0228W 285 046 1007 1010 0334 15 093 -999 -999 -999 -999 M -999 -999 -999 -999 -9 -99N -999W -999 -999 -999 -999 
NHC  18L SAM       20210929 0600 186N 0559W 305 041 0952 1011 0334 59 028 0204 0185 0148 0167 D 0111 0093 0074 0093 72 291N  618W 0065 0056 0046 0056 
NHC  16L PETER     20210929 0600 355N 0570W 035 057 1011 1015 0185 13 056 -999 -999 -999 -999 S -999 -999 -999 -999 -9 -99N -999W -999 -999 -999 -999 
NHC  91L INVEST    20210929 1200 068N 0327W 210 026 1009 1012 0278 13 148 -999 -999 -999 -999 S -999 -999 -999 -999 -9 -99N -999W -999 -999 -999 -999 
NHC  90L INVEST    20210929 1200 081N 0242W 290 062 1007 1010 0334 15 074 -999 -999 -999 -999 M -999 -999 -999 -999 -9 -99N -999W -999 -999 -999 -999 
NHC  20L TWENTY    20210929 1200 081N 0242W 290 062 1007 1010 0334 15 074 -999 -999 -999 -999 M -999 -999 -999 -999 -9 -99N -999W -999 -999 -999 -999 
NHC  18L SAM       20210929 1200 191N 0566W 310 041 0952 1012 0278 59 028 0204 0185 0148 0167 D 0111 0093 0074 0093 72 308N  615W 0065 0056 0046 0056 
NHC  16L PETER     20210929 1200 372N 0555W 035 108 1011 1015 0185 13 056 -999 -999 -999 -999 M -999 -999 -999 -999 -9 -99N -999W -999 -999 -999 -999 
NHC  91L INVEST    20210929 1800 070N 0341W 255 036 1009 1012 0278 13 148 -999 -999 -999 -999 S -999 -999 -999 -999 -9 -99N -999W -999 -999 -999 -999 
NHC  20L VICTOR    20210929 1800 081N 0251W 290 057 1005 1010 0334 18 074 0093 -999 -999 0074 M -999 -999 -999 -999 72 140N  354W -999 -999 -999 -999 
NHC  18L SAM       20210929 1800 198N 0573W 310 041 0945 1012 0278 59 028 0222 0222 0148 0167 D 0130 0093 0074 0093 72 320N  609W 0065 0056 0046 0056 
NHC  16L PETER     20210929 1800 386N 0542W 040 098 1011 1015 0185 15 065 -999 -999 -999 -999 M -999 -999 -999 -999 -9 -99N -999W -999 -999 -999 -999 
NHC  91L INVEST    20210930 0000 075N 0370W 275 072 1009 1012 0278 13 148 -999 -999 -999 -999 S -999 -999 -999 -999 -9 -99N -999W -999 -999 -999 -999 
NHC  20L VICTOR    20210930 0000 082N 0262W 275 057 1005 1010 0334 18 074 0093 -999 -999 0074 M -999 -999 -999 -999 72 147N  358W -999 -999 -999 -999 
NHC  18L SAM       20210930 0000 203N 0580W 310 046 0942 1012 0278 62 028 0241 0222 0167 0185 D 0167 0111 0111 0130 72 336N  599W 0102 0083 0074 0083 
NHC  18L SAM       20210930 0000 203N 0580W 310 046 0940 1012 0278 64 028 0241 0222 0167 0185 D 0167 0111 0111 0130 72 336N  599W 0102 0083 0074 0083 
NHC  20L VICTOR    20210930 0600 085N 0268W 285 046 1004 1010 0371 21 074 0093 -999 -999 0074 M -999 -999 -999 -999 72 155N  367W -999 -999 -999 -999 
NHC  18L SAM       20210930 0600 210N 0588W 315 051 0939 1011 0334 64 028 0241 0222 0167 0204 D 0148 0111 0093 0111 72 343N  592W 0093 0074 0065 0074 
NHC  20L VICTOR    20210930 1200 092N 0284W 290 062 1004 1010 0371 21 074 0167 -999 -999 0167 M -999 -999 -999 -999 72 166N  370W -999 -999 -999 -999 
NHC  20L VICTOR    20210930 1200 092N 0284W 290 062 1004 1010 0371 21 074 0093 -999 -999 0074 M -999 -999 -999 -999 72 166N  370W -999 -999 -999 -999 
NHC  18L SAM       20210930 1200 221N 0595W 320 057 0937 1011 0334 64 028 0241 0222 0167 0204 D 0148 0130 0093 0111 72 355N  580W 0093 0074 0065 0074 
NHC  99E INVEST    20210930 1800 168N 1067W 285 031 1008 1010 0278 13 074 -999 -999 -999 -999 S -999 -999 -999 -999 -9 -99N -999W -999 -999 -999 -999 
NHC  20L VICTOR    20210930 1800 097N 0295W 290 062 1003 1010 0371 21 111 0167 -999 -999 0167 M -999 -999 -999 -999 72 179N  390W -999 -999 -999 -999 
NHC  18L SAM       20210930 1800 230N 0604W 320 062 0941 1011 0334 64 028 0241 0222 0167 0204 D 0148 0130 0093 0111 72 369N  570W 0093 0074 0065 0074 
NHC  99E INVEST    20211001 0000 171N 1076W 290 041 1008 1010 0278 13 074 -999 -999 -999 -999 S -999 -999 -999 -999 -9 -99N -999W -999 -999 -999 -999 
NHC  20L VICTOR    20211001 0000 103N 0302W 300 051 0997 1010 0371 26 130 0278 0148 -999 0167 M 0130 -999 -999 0130 72 189N  400W -999 -999 -999 -999 
NHC  18L SAM       20211001 0000 243N 0610W 330 067 0938 1011 0334 64 028 0241 0222 0167 0204 D 0148 0130 0093 0111 72 374N  562W 0093 0074 0065 0074 
NHC  99E INVEST    20211001 0600 173N 1081W 290 026 1008 1011 0278 13 074 -999 -999 -999 -999 S -999 -999 -999 -999 -9 -99N -999W -999 -999 -999 -999 
NHC  90E INVEST    20211001 0600 128N 1310W 270 031 1009 1012 0148 13 074 -999 -999 -999 -999 M -999 -999 -999 -999 -9 -99N -999W -999 -999 -999 -999 
NHC  20L VICTOR    20211001 0600 114N 0317W 310 072 0997 1010 0371 26 093 0259 0167 -999 0185 M 0093 -999 -999 0093 72 202N  404W -999 -999 -999 -999 
NHC  18L SAM       20211001 0600 258N 0616W 340 077 0936 1013 0334 67 028 0278 0259 0167 0204 D 0167 0148 0093 0111 72 387N  538W 0111 0093 0065 0074 
NHC  99E INVEST    20211001 1200 175N 1085W 290 031 1008 1011 0278 13 074 -999 -999 -999 -999 S -999 -999 -999 -999 -9 -99N -999W -999 -999 -999 -999 
NHC  90E INVEST    20211001 1200 130N 1310W 280 021 1009 1012 0148 13 074 -999 -999 -999 -999 M -999 -999 -999 -999 -9 -99N -999W -999 -999 -999 -999 
NHC  20L VICTOR    20211001 1200 113N 0330W 295 067 0997 1010 0278 28 074 0222 0111 0148 0222 M 0111 -999 -999 0111 72 210N  420W -999 -999 -999 -999 
NHC  18L SAM       20211001 1200 276N 0617W 355 093 0936 1014 0371 67 028 0278 0334 0241 0241 D 0148 0167 0130 0130 72 401N  514W 0093 0093 0065 0056 
NHC  18L SAM       20211001 1200 276N 0617W 355 093 0936 1014 0371 67 028 0278 0259 0167 0204 D 0167 0148 0093 0111 72 401N  514W 0111 0093 0065 0074 
NHC  90E INVEST    20211001 1800 130N 1315W 280 021 1009 1012 0148 13 074 -999 -999 -999 -999 M -999 -999 -999 -999 -9 -99N -999W -999 -999 -999 -999 
NHC  20L VICTOR    20211001 1800 118N 0338W 295 057 0997 1010 0278 28 074 0222 0111 0148 0222 M 0111 -999 -999 0111 72 206N  439W -999 -999 -999 -999 
NHC  18L SAM       20211001 1800 292N 0619W 355 088 0937 1012 0278 67 037 0278 0334 0241 0241 D 0148 0167 0130 0130 72 419N  486W 0093 0083 0065 0065 
NHC  90E INVEST    20211002 0000 135N 1319W 290 021 1009 1013 0222 13 074 -999 -999 -999 -999 M -999 -999 -999 -999 -9 -99N -999W -999 -999 -999 -999 
NHC  20L VICTOR    20211002 0000 123N 0350W 290 062 0999 1010 0278 26 074 0222 0111 0111 0222 M 0093 -999 -999 0093 72 215N  445W -999 -999 -999 -999 
NHC  20L VICTOR    20211002 0000 121N 0350W 290 057 0999 1010 0278 26 074 0222 0111 -999 0222 M 0093 -999 -999 0093 72 215N  445W -999 -999 -999 -999 
NHC  18L SAM       20211002 0000 307N 0615W 010 082 0940 1012 0278 64 037 0278 0334 0241 0241 D 0148 0167 0130 0130 72 449N  456W 0093 0083 0065 0065 
NHC  90E INVEST    20211002 0600 135N 1325W 275 026 1009 1013 0222 13 074 -999 -999 -999 -999 M -999 -999 -999 -999 -9 -99N -999W -999 -999 -999 -999 
NHC  20L VICTOR    20211002 0600 125N 0358W 290 051 1001 1010 0278 23 074 0204 0111 -999 0204 M -999 -999 -999 -999 72 222N  465W -999 -999 -999 -999 
NHC  18L SAM       20211002 0600 321N 0610W 015 077 0945 1015 0445 59 037 0278 0334 0241 0241 D 0148 0167 0130 0130 72 472N  432W 0102 0083 0074 0056 
NHC  90E INVEST    20211002 1200 135N 1331W 290 026 1009 1013 0222 13 074 -999 -999 -999 -999 M -999 -999 -999 -999 -9 -99N -999W -999 -999 -999 -999 
NHC  20L VICTOR    20211002 1200 127N 0367W 290 051 1005 1010 0278 18 074 0185 0111 -999 0148 M -999 -999 -999 -999 72 231N  474W -999 -999 -999 -999 
NHC  18L SAM       20211002 1200 333N 0598W 025 077 0948 1015 0445 59 037 0278 0389 0241 0241 D 0148 0167 0130 0130 72 489N  407W 0102 0083 0074 0056 
NHC  18L SAM       20211002 1200 333N 0598W 025 077 0948 1015 0445 59 037 0278 0334 0241 0241 D 0148 0167 0130 0130 72 489N  407W 0102 0083 0074 0056 
NHC  20L VICTOR    20211002 1800 133N 0375W 295 046 1007 1010 0278 15 074 -999 -999 -999 -999 M -999 -999 -999 -999 48 200N  446W -999 -999 -999 -999 
NHC  18L SAM       20211002 1800 348N 0587W 030 082 0950 1015 0445 57 037 0334 0389 0297 0352 D 0185 0185 0130 0167 72 500N  385W 0111 0111 0074 0056 
NHC  20L VICTOR    20211003 0000 143N 0384W 300 051 1007 1010 0278 15 074 -999 -999 -999 -999 S -999 -999 -999 -999 48 207N  455W -999 -999 -999 -999 
NHC  18L SAM       20211003 0000 359N 0577W 035 082 0954 1015 0445 54 037 0334 0389 0297 0352 D 0185 0185 0130 0167 72 516N  385W 0111 0111 0074 0056 
NHC  90E INVEST    20211003 0600 132N 1342W 255 021 1010 1012 0222 10 111 -999 -999 -999 -999 S -999 -999 -999 -999 -9 -99N -999W -999 -999 -999 -999 
NHC  20L VICTOR    20211003 0600 156N 0394W 320 072 1007 1011 0259 15 074 -999 -999 -999 -999 M -999 -999 -999 -999 48 218N  464W -999 -999 -999 -999 
NHC  18L SAM       20211003 0600 368N 0566W 045 077 0960 1015 0445 46 037 0334 0389 0334 0352 D 0148 0148 0111 0148 72 517N  379W 0074 0074 0037 0037 
NHC  20L VICTOR    20211003 1200 163N 0401W 320 062 1006 1011 0278 18 074 0111 -999 -999 -999 M -999 -999 -999 -999 48 228N  473W -999 -999 -999 -999 
NHC  20L VICTOR    20211003 1200 156N 0399W 310 046 1007 1011 0278 15 074 -999 -999 -999 -999 M -999 -999 -999 -999 48 228N  473W -999 -999 -999 -999 
NHC  18L SAM       20211003 1200 373N 0554W 050 062 0964 1014 0556 44 037 0334 0389 0334 0352 D 0148 0148 0111 0148 72 520N  360W 0074 0074 0037 0037 
NHC  20L VICTOR    20211003 1800 166N 0408W 315 057 1007 1011 0278 15 130 -999 -999 -999 -999 M -999 -999 -999 -999 48 224N  480W -999 -999 -999 -999 
NHC  18L SAM       20211003 1800 380N 0538W 055 067 0964 1014 0556 44 037 0389 0389 0371 0389 D 0167 0148 0167 0185 72 515N  335W 0074 0093 0037 0037 
NHC  20L VICTOR    20211004 0000 174N 0424W 305 067 1007 1011 0278 15 130 -999 -999 -999 -999 S -999 -999 -999 -999 24 197N  451W -999 -999 -999 -999 
NHC  18L SAM       20211004 0000 387N 0522W 060 067 0957 1008 0556 46 037 0389 0389 0389 0389 D 0167 0185 0204 0185 72 532N  312W 0093 0111 0093 0037 
NHC  20L VICTOR    20211004 0600 178N 0431W 305 062 1009 1012 0278 13 130 -999 -999 -999 -999 S -999 -999 -999 -999 12 188N  449W -999 -999 -999 -999 
NHC  18L SAM       20211004 0600 399N 0499W 055 108 0957 1008 0556 46 037 0389 0389 0389 0389 D 0167 0185 0204 0185 72 545N  282W 0093 0111 0093 0037 
NHC  20L VICTOR    20211004 1200 185N 0445W 300 067 1011 1013 0278 13 148 -999 -999 -999 -999 S -999 -999 -999 -999 12 192N  456W -999 -999 -999 -999 
NHC  20L VICTOR    20211004 1200 183N 0443W 300 062 1010 1012 0278 13 148 -999 -999 -999 -999 S -999 -999 -999 -999 12 192N  456W -999 -999 -999 -999 
NHC  18L SAM       20211004 1200 414N 0471W 055 134 0960 1010 0778 44 037 0408 0408 0408 0408 D 0185 0185 0185 0130 72 560N  280W -999 0093 0093 -999 
NHC  18L SAM       20211004 1800 438N 0436W 045 170 0965 1012 1112 41 074 0445 0445 0445 0389 D 0222 0222 0185 0130 72 583N  248W -999 0130 0111 -999 
NHC  18L SAM       20211005 0000 463N 0407W 045 160 0965 1012 1112 39 093 0445 0500 0741 0556 D 0222 0278 0278 0111 72 600N  255W -999 0130 0130 -999 
NHC  18L SAM       20211005 0600 500N 0393W 020 185 0965 1012 1112 36 111 0445 0500 0741 0556 D 0222 0278 0278 0111 72 615N  250W -999 0130 0130 -999 
NHC  92L INVEST    20211007 0600 310N 0793W 340 046 1016 1018 0222 10 167 -999 -999 -999 -999 S -999 -999 -999 -999 -9 -99N -999W -999 -999 -999 -999 
NHC  92L INVEST    20211007 1200 319N 0791W 355 051 1016 1018 0222 13 093 -999 -999 -999 -999 S -999 -999 -999 -999 -9 -99N -999W -999 -999 -999 -999 
NHC  92L INVEST    20211007 1200 316N 0794W 345 041 1016 1018 0222 10 167 -999 -999 -999 -999 S -999 -999 -999 -999 -9 -99N -999W -999 -999 -999 -999 
NHC  92L INVEST    20211007 1800 322N 0785W 025 036 1016 1018 0222 13 093 -999 -999 -999 -999 S -999 -999 -999 -999 -9 -99N -999W -999 -999 -999 -999 
NHC  92L INVEST    20211008 0000 322N 0778W 040 031 1016 1018 0222 13 093 -999 -999 -999 -999 S -999 -999 -999 -999 -9 -99N -999W -999 -999 -999 -999 
NHC  92L INVEST    20211008 0000 321N 0778W 045 031 1016 1018 0222 13 093 -999 -999 -999 -999 S -999 -999 -999 -999 -9 -99N -999W -999 -999 -999 -999 
NHC  92L INVEST    20211008 0600 318N 0773W 090 026 1016 1018 0222 13 093 -999 -999 -999 -999 S -999 -999 -999 -999 -9 -99N -999W -999 -999 -999 -999 
NHC  92L INVEST    20211008 1200 317N 0750W 090 005 1014 1017 0259 13 111 -999 -999 -999 -999 S -999 -999 -999 -999 -9 -99N -999W -999 -999 -999 -999 
NHC  91E INVEST    20211008 1200 097N 0891W 270 062 1008 1009 0278 10 185 -999 -999 -999 -999 S -999 -999 -999 -999 -9 -99N -999W -999 -999 -999 -999 
NHC  92L INVEST    20211008 1800 320N 0748W 360 015 1013 1017 0259 13 111 -999 -999 -999 -999 M -999 -999 -999 -999 -9 -99N -999W -999 -999 -999 -999 
NHC  92L INVEST    20211008 1800 320N 0748W 360 005 1012 1016 0259 13 111 -999 -999 -999 -999 M -999 -999 -999 -999 -9 -99N -999W -999 -999 -999 -999 
NHC  91E INVEST    20211008 1800 095N 0923W 270 082 1008 1009 0278 13 185 -999 -999 -999 -999 S -999 -999 -999 -999 -9 -99N -999W -999 -999 -999 -999 
NHC  92L INVEST    20211009 0000 322N 0747W 065 021 1011 1016 0259 13 111 -999 -999 -999 -999 M -999 -999 -999 -999 -9 -99N -999W -999 -999 -999 -999 
NHC  91E INVEST    20211009 0000 100N 0941W 275 088 1006 1009 0278 15 167 -999 -999 -999 -999 S -999 -999 -999 -999 -9 -99N -999W -999 -999 -999 -999 
NHC  92L INVEST    20211009 0600 318N 0747W 305 005 1009 1013 0259 13 111 -999 -999 -999 -999 M -999 -999 -999 -999 -9 -99N -999W -999 -999 -999 -999 
NHC  91E INVEST    20211009 0600 108N 0955W 280 082 1007 1010 0278 13 167 -999 -999 -999 -999 M -999 -999 -999 -999 -9 -99N -999W -999 -999 -999 -999 
NHC  92L INVEST    20211009 1200 321N 0750W 300 015 1007 1012 0259 15 102 -999 -999 -999 -999 M -999 -999 -999 -999 -9 -99N -999W -999 -999 -999 -999 
NHC  91E INVEST    20211009 1200 113N 0970W 285 082 1007 1010 0278 13 167 -999 -999 -999 -999 M -999 -999 -999 -999 -9 -99N -999W -999 -999 -999 -999 
NHC  92L INVEST    20211009 1800 332N 0751W 300 031 1005 1012 0259 21 074 0167 0148 -999 0222 M -999 -999 -999 -999 -9 -99N -999W -999 -999 -999 -999 
NHC  91E INVEST    20211009 1800 118N 0975W 295 062 1007 1010 0278 13 185 -999 -999 -999 -999 M -999 -999 -999 -999 -9 -99N -999W -999 -999 -999 -999 
NHC  92L INVEST    20211010 0000 335N 0755W 340 031 1003 1012 0259 21 074 0167 0148 -999 0222 M -999 -999 -999 -999 -9 -99N -999W -999 -999 -999 -999 
NHC  91E INVEST    20211010 0000 130N 1000W 295 077 1007 1010 0278 13 185 -999 -999 -999 -999 M -999 -999 -999 -999 -9 -99N -999W -999 -999 -999 -999 
NHC  92L INVEST    20211010 0600 336N 0758W 350 026 1003 1012 0259 21 074 0222 0111 -999 0148 M -999 -999 -999 -999 -9 -99N -999W -999 -999 -999 -999 
NHC  91E INVEST    20211010 0600 141N 1022W 295 077 1006 1011 0278 15 111 -999 -999 -999 -999 M -999 -999 -999 -999 -9 -99N -999W -999 -999 -999 -999 
NHC  16E SIXTEEN-E 20211010 0600 141N 1022W 295 082 1006 1011 0278 15 111 -999 -999 -999 -999 M -999 -999 -999 -999 -9 -99N -999W -999 -999 -999 -999 
NHC  93L INVEST    20211010 1200 106N 0500W 280 082 1010 1013 0222 15 074 -999 -999 -999 -999 M -999 -999 -999 -999 -9 -99N -999W -999 -999 -999 -999 
NHC  92L INVEST    20211010 1200 338N 0760W 360 015 1005 1011 0259 18 111 0222 0111 -999 0111 M -999 -999 -999 -999 -9 -99N -999W -999 -999 -999 -999 
NHC  16E SIXTEEN   20211010 1200 146N 1041W 290 098 1006 1011 0278 15 111 -999 -999 -999 -999 M -999 -999 -999 -999 72 207N 1094W -999 -999 -999 -999 
NHC  93L INVEST    20211010 1800 107N 0509W 275 057 1009 1013 0222 15 074 -999 -999 -999 -999 M -999 -999 -999 -999 -9 -99N -999W -999 -999 -999 -999 
NHC  92L INVEST    20211010 1800 342N 0758W 030 021 1006 1011 0259 15 130 -999 -999 -999 -999 M -999 -999 -999 -999 -9 -99N -999W -999 -999 -999 -999 
NHC  16E SIXTEEN   20211010 1800 153N 1054W 295 088 1005 1010 0278 21 056 0093 -999 -999 -999 M -999 -999 -999 -999 72 218N 1090W -999 -999 -999 -999 
NHC  16E PAMELA    20211010 1800 153N 1054W 295 088 1005 1010 0278 21 056 0093 -999 -999 -999 M -999 -999 -999 -999 72 218N 1090W -999 -999 -999 -999 
NHC  93L INVEST    20211011 0000 111N 0524W 280 067 1009 1011 0222 15 074 -999 -999 -999 -999 S -999 -999 -999 -999 -9 -99N -999W -999 -999 -999 -999 
NHC  92L INVEST    20211011 0000 342N 0757W 010 010 1008 1010 0222 15 130 -999 -999 -999 -999 S -999 -999 -999 -999 -9 -99N -999W -999 -999 -999 -999 
NHC  16E PAMELA    20211011 0000 157N 1064W 295 072 1002 1009 0278 23 056 0111 0074 -999 0056 M -999 -999 -999 -999 72 233N 1080W -999 -999 -999 -999 
NHC  93L INVEST    20211011 0600 114N 0540W 280 067 1009 1011 0222 15 074 -999 -999 -999 -999 S -999 -999 -999 -999 -9 -99N -999W -999 -999 -999 -999 
NHC  16E PAMELA    20211011 0600 160N 1072W 290 051 1002 1009 0278 23 056 0111 0111 -999 0056 M -999 -999 -999 -999 72 255N 1060W -999 -999 -999 -999 
NHC  93L INVEST    20211011 1200 118N 0552W 285 072 1009 1011 0222 15 074 -999 -999 -999 -999 S -999 -999 -999 -999 -9 -99N -999W -999 -999 -999 -999 
NHC  16E PAMELA    20211011 1200 166N 1079W 310 031 0995 1009 0278 28 037 0111 0111 0056 0074 D 0037 0037 -999 -999 72 269N 1033W -999 -999 -999 -999 
NHC  93L INVEST    20211011 1800 132N 0567W 305 082 1010 1011 0222 15 074 -999 -999 -999 -999 S -999 -999 -999 -999 -9 -99N -999W -999 -999 -999 -999 
NHC  16E PAMELA    20211011 1800 170N 1083W 315 031 0992 1009 0278 31 037 0111 0111 0056 0074 D 0037 0037 -999 -999 72 291N 1008W -999 -999 -999 -999 
NHC  93L INVEST    20211012 0000 140N 0583W 300 082 1010 1011 0222 15 074 -999 -999 -999 -999 S -999 -999 -999 -999 -9 -99N -999W -999 -999 -999 -999 
NHC  16E PAMELA    20211012 0000 176N 1088W 320 036 0992 1007 0371 31 037 0130 0130 0074 0093 D 0056 0056 -999 -999 72 312N  977W -999 -999 -999 -999 
NHC  93L INVEST    20211012 0600 142N 0596W 295 072 1010 1011 0222 13 074 -999 -999 -999 -999 S -999 -999 -999 -999 -9 -99N -999W -999 -999 -999 -999 
NHC  16E PAMELA    20211012 0600 187N 1089W 355 051 0988 1008 0371 33 037 0148 0148 0093 0093 D 0074 0074 -999 -999 48 261N 1033W 0037 0037 -999 -999 
NHC  16E PAMELA    20211012 1200 199N 1090W 360 062 0985 1008 0371 36 028 0148 0148 0093 0093 D 0074 0074 0037 0056 48 284N 1013W 0037 0037 -999 -999 
NHC  16E PAMELA    20211012 1800 206N 1093W 355 046 0989 1008 0371 31 056 0185 0185 0130 0130 D 0074 0093 -999 -999 48 307N  990W -999 -999 -999 -999 
NHC  16E PAMELA    20211013 0000 215N 1089W 015 051 0989 1007 0334 31 056 0204 0185 0130 0130 D 0074 0093 -999 -999 48 320N  978W -999 -999 -999 -999 
NHC  16E PAMELA    20211013 0600 222N 1083W 045 051 0987 1008 0334 33 056 0204 0222 0130 0130 D 0093 0093 -999 -999 36 297N  997W 0056 -999 -999 -999 
NHC  16E PAMELA    20211013 1200 237N 1068W 040 072 0987 1008 0334 33 056 0204 0222 0130 0130 D 0093 0093 -999 -999 24 274N 1014W 0056 -999 -999 -999 
NHC  16E PAMELA    20211013 1800 251N 1048W 045 113 0999 1008 0334 21 074 0130 0130 0130 -999 D -999 -999 -999 -999 12 266N 1027W -999 -999 -999 -999 
NHC  16E PAMELA    20211014 0000 265N 1026W 050 124 1004 1006 0278 13 074 -999 -999 -999 -999 S -999 -999 -999 -999 12 286N 1004W -999 -999 -999 -999 
NHC  92E INVEST    20211021 1200 128N 0955W 275 067 1011 1012 0556 13 093 -999 -999 -999 -999 S -999 -999 -999 -999 -9 -99N -999W -999 -999 -999 -999 
NHC  92E INVEST    20211021 1800 128N 0969W 270 051 1011 1012 0556 13 093 -999 -999 -999 -999 S -999 -999 -999 -999 -9 -99N -999W -999 -999 -999 -999 
NHC  92E INVEST    20211022 0000 127N 0983W 270 062 1009 1011 0371 13 074 -999 -999 -999 -999 S -999 -999 -999 -999 -9 -99N -999W -999 -999 -999 -999 
NHC  92E INVEST    20211022 0600 126N 0993W 275 057 1009 1011 0222 13 167 -999 -999 -999 -999 S -999 -999 -999 -999 -9 -99N -999W -999 -999 -999 -999 
NHC  92E INVEST    20211022 1200 127N 1003W 275 057 1007 1011 0222 15 093 -999 -999 -999 -999 S -999 -999 -999 -999 -9 -99N -999W -999 -999 -999 -999 
NHC  17E SEVENTEEN 20211022 1200 127N 1003W 275 057 1007 1011 0222 15 093 -999 -999 -999 -999 S -999 -999 -999 -999 -9 -99N -999W -999 -999 -999 -999 
NHC  17E SEVENTEEN 20211022 1800 129N 1009W 280 046 1005 1009 0185 18 074 0074 0074 -999 -999 S -999 -999 -999 -999 72 173N 1035W -999 -999 -999 -999 
NHC  17E RICK      20211023 0000 132N 1012W 295 026 1003 1009 0185 21 074 0074 0074 -999 0074 M -999 -999 -999 -999 72 183N 1033W -999 -999 -999 -999 
NHC  17E RICK      20211023 0600 137N 1014W 330 026 0997 1010 0222 28 037 0074 0093 0056 0074 D -999 0037 -999 -999 72 194N 1035W -999 -999 -999 -999 
NHC  17E RICK      20211023 1200 144N 1015W 340 031 0990 1008 0222 33 028 0093 0093 0056 0074 D 0056 0037 -999 -999 72 205N 1035W 0028 -999 -999 -999 
NHC  17E RICK      20211023 1800 149N 1017W 345 031 0981 1008 0222 39 028 0093 0093 0056 0093 D 0056 0037 -999 0056 72 205N 1035W 0028 -999 -999 0028 
NHC  17E RICK      20211024 0000 151N 1019W 335 021 0978 1008 0222 39 028 0093 0093 0056 0093 D 0056 0037 -999 0056 48 189N 1027W 0028 -999 -999 0028 
NHC  17E RICK      20211024 0600 153N 1017W 350 015 0981 1008 0185 39 019 0093 0093 0056 0093 D 0056 0037 0037 0056 48 193N 1032W 0028 0019 -999 0028 
NHC  17E RICK      20211024 1200 159N 1017W 360 021 0980 1008 0185 39 019 0093 0093 0056 0093 D 0056 0056 0037 0056 48 202N 1037W 0028 0019 -999 0028 
NHC  17E RICK      20211024 1800 160N 1016W 005 015 0980 1008 0185 39 019 0111 0130 0093 0111 D 0056 0056 0037 0056 48 204N 1040W 0028 0019 -999 0028 
NHC  17E RICK      20211025 0000 165N 1016W 360 026 0977 1008 0185 41 028 0130 0130 0093 0111 D 0056 0056 0056 0056 36 196N 1034W 0037 0037 0028 0028 
NHC  17E RICK      20211025 0600 172N 1017W 355 036 0977 1008 0185 46 028 0130 0130 0093 0093 D 0056 0056 0037 0056 36 196N 1029W 0037 0037 0028 0028 
NHC  17E RICK      20211025 1200 182N 1021W 350 041 0980 1008 0167 44 028 0130 0130 0093 0093 D 0056 0056 0037 0056 24 198N 1028W 0037 0037 0028 0028 
NHC  17E RICK      20211025 1800 195N 1024W 345 051 0998 1008 0167 26 037 0074 0074 0093 0093 D 0037 -999 -999 -999 24 215N 1030W -999 -999 -999 -999 
NHC  94L INVEST    20211026 0000 330N 0746W 055 088 1002 1007 0185 21 074 0074 0074 -999 -999 M -999 -999 -999 -999 -9 -99N -999W -999 -999 -999 -999 
NHC  94L INVEST    20211026 0000 330N 0746W 055 088 1002 1007 0185 18 074 0074 0074 -999 -999 M -999 -999 -999 -999 -9 -99N -999W -999 -999 -999 -999 
NHC  17E RICK      20211026 0000 200N 1029W 335 051 1010 1012 0278 10 130 -999 -999 -999 -999 D -999 -999 -999 -999 12 215N 1029W -999 -999 -999 -999 
NHC  94L INVEST    20211026 0600 366N 0711W 045 129 0994 1002 0334 23 111 0445 0445 -999 -999 M -999 -999 -999 -999 -9 -99N -999W -999 -999 -999 -999 
NHC  94L INVEST    20211026 1200 373N 0689W 045 134 0994 1000 0334 26 111 0445 0445 -999 -999 M 0111 0111 -999 -999 -9 -99N -999W -999 -999 -999 -999 
NHC  94L INVEST    20211027 0600 415N 0693W 300 077 0976 1008 0871 28 130 0686 0222 -999 0445 M 0278 -999 -999 0204 -9 -99N -999W -999 -999 -999 -999 
NHC  94L INVEST    20211027 1200 400N 0701W 200 082 0977 1008 0871 28 130 0686 0222 0222 0408 M 0278 -999 -999 0204 -9 -99N -999W -999 -999 -999 -999 
NHC  94L INVEST    20211027 1800 386N 0686W 140 088 0979 1009 0982 28 130 1056 0556 0315 0575 M -999 -999 -999 0259 -9 -99N -999W -999 -999 -999 -999 
NHC  94L INVEST    20211028 0000 390N 0658W 080 113 0982 1010 1112 26 445 1112 0334 0500 0667 M -999 -999 -999 0445 -9 -99N -999W -999 -999 -999 -999 
NHC  94L INVEST    20211028 0000 388N 0657W 085 118 0982 1010 1112 26 389 1056 0334 0500 0667 M -999 -999 -999 0445 -9 -99N -999W -999 -999 -999 -999 
NHC  94L INVEST    20211028 0600 396N 0639W 070 082 0983 1010 1112 23 371 1223 0315 0500 0667 M -999 -999 -999 -999 -9 -99N -999W -999 -999 -999 -999 
NHC  94L INVEST    20211028 1200 397N 0618W 075 082 0983 1010 1112 23 371 1168 0315 0500 0667 M -999 -999 -999 -999 -9 -99N -999W -999 -999 -999 -999 
NHC  94L INVEST    20211028 1800 401N 0600W 080 077 0983 1008 0982 23 371 0964 0315 0426 0649 M -999 -999 -999 -999 -9 -99N -999W -999 -999 -999 -999 
NHC  94L INVEST    20211029 0000 406N 0580W 070 077 0983 1004 0834 23 259 0723 0334 0389 0556 M -999 -999 -999 -999 -9 -99N -999W -999 -999 -999 -999 
NHC  94L INVEST    20211029 0000 406N 0578W 070 082 0983 1004 0834 23 334 0723 0334 0389 0556 M -999 -999 -999 -999 -9 -99N -999W -999 -999 -999 -999 
NHC  94L INVEST    20211029 1200 407N 0555W 085 051 0984 1004 0723 23 222 0667 0278 0222 0556 M -999 -999 -999 -999 -9 -99N -999W -999 -999 -999 -999 
NHC  94L INVEST    20211029 1800 404N 0542W 100 051 0982 1004 0723 23 222 0556 0334 0278 0612 M -999 -999 -999 -999 -9 -99N -999W -999 -999 -999 -999 
NHC  94L INVEST    20211030 0000 401N 0524W 100 062 0980 1002 0556 23 083 0445 0222 0334 0500 M -999 -999 -999 -999 -9 -99N -999W -999 -999 -999 -999 
NHC  95L INVEST    20211030 1200 092N 0238W 285 051 1008 1011 0167 13 056 -999 -999 -999 -999 S -999 -999 -999 -999 -9 -99N -999W -999 -999 -999 -999 
NHC  94L INVEST    20211030 1200 385N 0497W 125 067 0986 1002 0556 21 083 -999 0167 0278 0445 M -999 -999 -999 -999 -9 -99N -999W -999 -999 -999 -999 
NHC  95L INVEST    20211030 1800 097N 0246W 290 057 1008 1011 0167 13 056 -999 -999 -999 -999 S -999 -999 -999 -999 -9 -99N -999W -999 -999 -999 -999 
NHC  94L INVEST    20211030 1800 375N 0479W 125 077 0988 1002 0556 21 093 -999 0185 0278 0445 M -999 -999 -999 -999 -9 -99N -999W -999 -999 -999 -999 
NHC  95L INVEST    20211031 0000 105N 0259W 295 062 1008 1011 0167 13 056 -999 -999 -999 -999 S -999 -999 -999 -999 -9 -99N -999W -999 -999 -999 -999 
NHC  94L INVEST    20211031 0000 365N 0461W 125 093 0988 1002 0463 23 074 0167 0167 0130 -999 M -999 -999 -999 -999 -9 -99N -999W -999 -999 -999 -999 
NHC  21L WANDA     20211031 0000 365N 0461W 125 093 0988 1002 0463 23 074 0167 0167 0130 -999 M -999 -999 -999 -999 -9 -99N -999W -999 -999 -999 -999 
NHC  95L INVEST    20211031 0600 112N 0271W 300 067 1008 1011 0167 13 056 -999 -999 -999 -999 S -999 -999 -999 -999 -9 -99N -999W -999 -999 -999 -999 
NHC  21L WANDA     20211031 0600 366N 0442W 105 082 0987 1002 0463 23 074 0167 0167 0130 -999 M -999 -999 -999 -999 72 364N  399W -999 -999 -999 -999 
NHC  95L INVEST    20211031 1200 115N 0288W 295 072 1008 1011 0167 13 056 -999 -999 -999 -999 S -999 -999 -999 -999 -9 -99N -999W -999 -999 -999 -999 
NHC  21L WANDA     20211031 1200 365N 0433W 105 067 0987 1002 0463 23 074 0167 0167 0130 -999 M -999 -999 -999 -999 72 383N  390W -999 -999 -999 -999 
NHC  95L INVEST    20211031 1800 120N 0298W 290 067 1008 1011 0167 13 074 -999 -999 -999 -999 S -999 -999 -999 -999 -9 -99N -999W -999 -999 -999 -999 
NHC  21L WANDA     20211031 1800 365N 0433W 105 067 0990 1002 0463 23 074 0167 0056 0130 0222 M -999 -999 -999 -999 72 394N  387W -999 -999 -999 -999 
NHC  95L INVEST    20211101 0000 128N 0307W 300 062 1010 1012 0167 13 074 -999 -999 -999 -999 S -999 -999 -999 -999 -9 -99N -999W -999 -999 -999 -999 
NHC  95L INVEST    20211101 0000 126N 0308W 300 062 1010 1012 0167 13 074 -999 -999 -999 -999 S -999 -999 -999 -999 -9 -99N -999W -999 -999 -999 -999 
NHC  21L WANDA     20211101 0000 359N 0438W 215 036 0990 1008 0556 23 074 0111 -999 0111 0167 M -999 -999 -999 -999 72 407N  394W -999 -999 -999 -999 
NHC  95L INVEST    20211101 0600 135N 0320W 305 072 1010 1012 0167 13 074 -999 -999 -999 -999 S -999 -999 -999 -999 -9 -99N -999W -999 -999 -999 -999 
NHC  21L WANDA     20211101 0600 348N 0442W 205 046 0990 1008 0556 23 074 0111 -999 0111 0167 M -999 -999 -999 -999 72 409N  399W -999 -999 -999 -999 
NHC  95L INVEST    20211101 1200 138N 0326W 305 057 1010 1012 0167 13 074 -999 -999 -999 -999 S -999 -999 -999 -999 -9 -99N -999W -999 -999 -999 -999 
NHC  21L WANDA     20211101 1200 340N 0433W 135 057 0993 1008 0445 21 074 0111 0074 0111 0111 M -999 -999 -999 -999 72 415N  400W -999 -999 -999 -999 
NHC  95L INVEST    20211101 1800 143N 0333W 305 051 1010 1012 0167 13 074 -999 -999 -999 -999 S -999 -999 -999 -999 -9 -99N -999W -999 -999 -999 -999 
NHC  21L WANDA     20211101 1800 341N 0425W 080 036 0996 1006 0408 21 065 0074 0074 0074 0074 M -999 -999 -999 -999 72 423N  390W -999 -999 -999 -999 
NHC  95L INVEST    20211102 0000 152N 0339W 315 046 1010 1012 0222 15 185 -999 -999 -999 -999 S -999 -999 -999 -999 -9 -99N -999W -999 -999 -999 -999 
NHC  21L WANDA     20211102 0000 343N 0420W 075 031 0996 1006 0389 21 065 0074 0074 0074 0074 M -999 -999 -999 -999 72 428N  383W -999 -999 -999 -999 
NHC  21L WANDA     20211102 0600 348N 0412W 065 041 0992 1008 0556 23 065 0093 0093 0093 0093 M -999 -999 -999 -999 72 429N  380W -999 -999 -999 -999 
NHC  21L WANDA     20211102 1200 355N 0406W 035 046 0992 1008 0556 23 065 0093 0093 0074 0074 M -999 -999 -999 -999 72 430N  371W -999 -999 -999 -999 
NHC  21L WANDA     20211102 1800 362N 0405W 005 036 0992 1008 0371 23 056 0074 0074 0056 0056 M -999 -999 -999 -999 72 425N  361W -999 -999 -999 -999 
NHC  21L WANDA     20211103 0000 369N 0404W 010 036 0992 1010 0445 23 056 0148 0148 0056 0056 M -999 -999 -999 -999 72 400N  375W -999 -999 -999 -999 
NHC  93E INVEST    20211103 0600 085N 0863W 265 046 1008 1011 0222 13 083 -999 -999 -999 -999 M -999 -999 -999 -999 -9 -99N -999W -999 -999 -999 -999 
NHC  21L WANDA     20211103 0600 376N 0401W 015 036 0992 1010 0556 23 056 0148 0148 0056 0056 M -999 -999 -999 -999 72 385N  377W -999 -999 -999 -999 
NHC  93E INVEST    20211103 1200 085N 0861W 270 021 1008 1011 0222 13 083 -999 -999 -999 -999 M -999 -999 -999 -999 -9 -99N -999W -999 -999 -999 -999 
NHC  21L WANDA     20211103 1200 383N 0399W 015 036 0992 1010 0556 23 056 0148 0167 0111 0074 M -999 -999 -999 -999 72 385N  365W -999 -999 -999 -999 
NHC  93E INVEST    20211103 1800 088N 0875W 270 036 1007 1011 0222 15 093 -999 -999 -999 -999 M -999 -999 -999 -999 -9 -99N -999W -999 -999 -999 -999 
NHC  21L WANDA     20211103 1800 394N 0396W 015 051 0992 1010 0556 23 046 0148 0167 0111 0074 M -999 -999 -999 -999 72 381N  366W -999 -999 -999 -999 
NHC  93E INVEST    20211104 0000 087N 0883W 275 041 1007 1010 0222 15 093 -999 -999 -999 -999 M -999 -999 -999 -999 -9 -99N -999W -999 -999 -999 -999 
NHC  21L WANDA     20211104 0000 402N 0396W 010 046 0992 1010 0556 23 074 0148 0167 0111 0111 M -999 -999 -999 -999 72 381N  366W -999 -999 -999 -999 
NHC  93E INVEST    20211104 0600 088N 0890W 275 041 1007 1010 0222 15 093 -999 -999 -999 -999 M -999 -999 -999 -999 -9 -99N -999W -999 -999 -999 -999 
NHC  21L WANDA     20211104 0600 411N 0396W 005 041 0992 1010 0556 23 074 0148 0167 0111 0111 M -999 -999 -999 -999 72 381N  366W -999 -999 -999 -999 
NHC  93E INVEST    20211104 1200 093N 0898W 285 041 1007 1010 0222 15 093 -999 -999 -999 -999 M -999 -999 -999 -999 -9 -99N -999W -999 -999 -999 -999 
NHC  21L WANDA     20211104 1200 417N 0396W 360 041 0992 1010 0556 23 074 0148 0167 0111 0111 M -999 -999 -999 -999 72 398N  350W -999 -999 -999 -999 
NHC  18E EIGHTEEN  20211104 1200 093N 0897W 285 041 1007 1010 0222 15 074 -999 -999 -999 -999 M -999 -999 -999 -999 -9 -99N -999W -999 -999 -999 -999 
NHC  94E INVEST    20211104 1800 115N 1065W 280 041 1009 1012 0278 13 111 -999 -999 -999 -999 S -999 -999 -999 -999 -9 -99N -999W -999 -999 -999 -999 
NHC  94E INVEST    20211104 1800 115N 1065W 280 041 1009 1012 0278 10 111 -999 -999 -999 -999 S -999 -999 -999 -999 -9 -99N -999W -999 -999 -999 -999 
NHC  21L WANDA     20211104 1800 423N 0396W 360 031 0994 1010 0556 21 074 0111 0111 0093 0111 M -999 -999 -999 -999 72 410N  337W -999 -999 -999 -999 
NHC  18E EIGHTEEN  20211104 1800 096N 0902W 295 036 1007 1010 0222 15 074 -999 -999 -999 -999 M -999 -999 -999 -999 72  90N  996W -999 -999 -999 -999 
NHC  94E INVEST    20211105 0000 119N 1070W 285 036 1009 1012 0278 10 111 -999 -999 -999 -999 S -999 -999 -999 -999 -9 -99N -999W -999 -999 -999 -999 
NHC  21L WANDA     20211105 0000 423N 0390W 075 021 0994 1011 0463 23 074 0130 0130 0148 0130 M -999 -999 -999 -999 72 426N  322W -999 -999 -999 -999 
NHC  18E EIGHTEEN  20211105 0000 097N 0909W 275 036 1007 1011 0222 15 074 -999 -999 -999 -999 S -999 -999 -999 -999 72  92N 1008W -999 -999 -999 -999 
NHC  94E INVEST    20211105 0600 119N 1075W 285 031 1009 1012 0278 13 111 -999 -999 -999 -999 S -999 -999 -999 -999 -9 -99N -999W -999 -999 -999 -999 
NHC  21L WANDA     20211105 0600 421N 0384W 110 026 0994 1012 0371 23 074 0130 0130 0167 0130 M -999 -999 -999 -999 72 444N  299W -999 -999 -999 -999 
NHC  18E EIGHTEEN  20211105 0600 097N 0914W 270 031 1007 1011 0222 15 074 -999 -999 -999 -999 M -999 -999 -999 -999 72  93N 1020W -999 -999 -999 -999 
NHC  94E INVEST    20211105 1200 121N 1077W 295 021 1008 1012 0278 13 111 -999 -999 -999 -999 S -999 -999 -999 -999 -9 -99N -999W -999 -999 -999 -999 
NHC  21L WANDA     20211105 1200 411N 0378W 145 036 0994 1012 0371 23 074 0130 0130 0167 0130 M -999 -999 -999 -999 72 475N  265W -999 -999 -999 -999 
NHC  18E EIGHTEEN  20211105 1200 096N 0920W 270 031 1007 1011 0222 15 093 -999 -999 -999 -999 M -999 -999 -999 -999 72  95N 1031W -999 -999 -999 -999 
NHC  94E INVEST    20211105 1800 124N 1082W 300 026 1007 1011 0278 15 111 -999 -999 -999 -999 M -999 -999 -999 -999 -9 -99N -999W -999 -999 -999 -999 
NHC  21L WANDA     20211105 1800 396N 0374W 155 051 0994 1015 0352 23 074 0111 0111 0204 0204 M -999 -999 -999 -999 72 500N  226W -999 -999 -999 -999 
NHC  18E EIGHTEEN  20211105 1800 092N 0929W 255 041 1007 1011 0222 15 093 -999 -999 -999 -999 S -999 -999 -999 -999 72  98N 1044W -999 -999 -999 -999 
NHC  94E INVEST    20211106 0000 132N 1092W 305 041 1007 1011 0278 15 111 -999 -999 -999 -999 M -999 -999 -999 -999 -9 -99N -999W -999 -999 -999 -999 
NHC  21L WANDA     20211106 0000 384N 0379W 185 062 0998 1015 0334 23 074 0093 0093 0185 0185 M -999 -999 -999 -999 72 576N  124W -999 -999 -999 -999 
NHC  21L WANDA     20211106 0000 384N 0379W 185 062 0998 1015 0334 23 074 0093 0056 0167 0167 M -999 -999 -999 -999 72 576N  124W -999 -999 -999 -999 
NHC  18E EIGHTEEN  20211106 0000 090N 0940W 260 051 1007 1011 0222 15 093 -999 -999 -999 -999 S -999 -999 -999 -999 72  96N 1063W -999 -999 -999 -999 
NHC  94E INVEST    20211106 0600 132N 1096W 295 036 1007 1011 0278 15 111 -999 -999 -999 -999 S -999 -999 -999 -999 -9 -99N -999W -999 -999 -999 -999 
NHC  21L WANDA     20211106 0600 376N 0383W 200 046 0998 1015 0334 23 074 0093 0056 0167 0167 D -999 -999 -999 -999 48 474N  256W -999 -999 -999 -999 
NHC  18E EIGHTEEN  20211106 0600 087N 0949W 260 051 1008 1011 0222 13 093 -999 -999 -999 -999 M -999 -999 -999 -999 72  96N 1078W -999 -999 -999 -999 
NHC  94E INVEST    20211106 1200 133N 1103W 295 036 1007 1011 0278 15 111 -999 -999 -999 -999 S -999 -999 -999 -999 -9 -99N -999W -999 -999 -999 -999 
NHC  21L WANDA     20211106 1200 370N 0382W 190 036 0998 1015 0334 23 074 0093 0056 0167 0167 D -999 -999 -999 -999 48 487N  222W -999 -999 -999 -999 
NHC  18E EIGHTEEN  20211106 1200 085N 0960W 260 051 1007 1011 0278 15 093 -999 -999 -999 -999 M -999 -999 -999 -999 72  96N 1090W -999 -999 -999 -999 
NHC  94E INVEST    20211106 1800 127N 1115W 270 036 1007 1011 0278 15 074 -999 -999 -999 -999 S -999 -999 -999 -999 -9 -99N -999W -999 -999 -999 -999 
NHC  21L WANDA     20211106 1800 370N 0380W 120 015 0999 1015 0334 21 074 0093 0074 0111 0111 D -999 -999 -999 -999 48 506N  181W -999 -999 -999 -999 
NHC  18E EIGHTEEN  20211106 1800 084N 0970W 265 051 1007 1011 0278 15 074 -999 -999 -999 -999 M -999 -999 -999 -999 72 100N 1104W -999 -999 -999 -999 
NHC  94E INVEST    20211107 0000 127N 1124W 265 046 1007 1011 0278 15 093 -999 -999 -999 -999 S -999 -999 -999 -999 -9 -99N -999W -999 -999 -999 -999 
NHC  21L WANDA     20211107 0000 374N 0374W 050 031 1003 1013 0222 18 065 -999 0074 -999 -999 M -999 -999 -999 -999 36 474N  238W -999 -999 -999 -999 
NHC  18E EIGHTEEN  20211107 0000 083N 0980W 265 057 1007 1011 0334 15 074 -999 -999 -999 -999 M -999 -999 -999 -999 72 102N 1116W -999 -999 -999 -999 
NHC  94E INVEST    20211107 0600 132N 1122W 275 031 1007 1011 0278 15 074 -999 -999 -999 -999 M -999 -999 -999 -999 -9 -99N -999W -999 -999 -999 -999 
NHC  21L WANDA     20211107 0600 381N 0363W 050 057 1003 1013 0222 18 065 -999 0074 -999 -999 M -999 -999 -999 -999 36 489N  215W -999 -999 -999 -999 
NHC  18E EIGHTEEN  20211107 0600 082N 0999W 270 077 1007 1011 0334 15 111 -999 -999 -999 -999 M -999 -999 -999 -999 72 103N 1126W -999 -999 -999 -999 
NHC  94E INVEST    20211107 1200 136N 1130W 285 036 1007 1011 0278 15 074 -999 -999 -999 -999 M -999 -999 -999 -999 -9 -99N -999W -999 -999 -999 -999 
NHC  21L WANDA     20211107 1200 392N 0349W 045 088 1003 1013 0222 18 065 -999 0111 -999 -999 M -999 -999 -999 -999 36 511N  171W -999 -999 -999 -999 
NHC  21L WANDA     20211107 1200 391N 0346W 050 088 1003 1013 0222 18 065 -999 0074 -999 -999 M -999 -999 -999 -999 36 511N  171W -999 -999 -999 -999 
NHC  19E NINETEEN  20211107 1200 136N 1132W 285 036 1007 1011 0278 15 074 -999 -999 -999 -999 M -999 -999 -999 -999 -9 -99N -999W -999 -999 -999 -999 
NHC  18E EIGHTEEN  20211107 1200 082N 1009W 270 062 1007 1010 0334 15 111 -999 -999 -999 -999 M -999 -999 -999 -999 72 102N 1145W -999 -999 -999 -999 
NHC  19E SANDRA    20211107 1800 138N 1147W 285 051 1006 1011 0315 18 074 0148 0148 -999 -999 M -999 -999 -999 -999 48 156N 1191W -999 -999 -999 -999 
NHC  19E NINETEEN  20211107 1800 138N 1147W 285 051 1006 1011 0315 18 074 0148 0148 -999 -999 M -999 -999 -999 -999 48 156N 1191W -999 -999 -999 -999 
NHC  18E EIGHTEEN  20211107 1800 083N 1021W 275 062 1007 1012 0334 15 093 -999 -999 -999 -999 M -999 -999 -999 -999 72 101N 1154W -999 -999 -999 -999 
NHC  19E SANDRA    20211108 0000 141N 1157W 285 062 1006 1011 0278 18 074 0111 -999 -999 -999 M -999 -999 -999 -999 48 155N 1212W -999 -999 -999 -999 
NHC  18E TERRY     20211108 0000 088N 1032W 285 062 1004 1011 0334 21 093 0093 0093 -999 -999 M -999 -999 -999 -999 72 100N 1167W -999 -999 -999 -999 
NHC  19E SANDRA    20211108 0600 140N 1160W 280 031 1006 1011 0278 18 111 0111 -999 -999 -999 M -999 -999 -999 -999 48 151N 1230W -999 -999 -999 -999 
NHC  18E TERRY     20211108 0600 094N 1045W 295 067 1006 1011 0334 18 139 0148 -999 -999 -999 M -999 -999 -999 -999 72 107N 1184W -999 -999 -999 -999 
NHC  18E TERRY     20211108 0600 094N 1045W 295 067 1004 1011 0334 21 148 0148 -999 -999 -999 M -999 -999 -999 -999 72 107N 1184W -999 -999 -999 -999 
NHC  19E SANDRA    20211108 1200 145N 1165W 290 036 1006 1011 0278 18 130 0130 -999 -999 -999 M -999 -999 -999 -999 48 146N 1237W -999 -999 -999 -999 
NHC  19E SANDRA    20211108 1200 144N 1165W 290 031 1006 1011 0278 18 130 0130 -999 -999 -999 M -999 -999 -999 -999 48 146N 1237W -999 -999 -999 -999 
NHC  18E TERRY     20211108 1200 099N 1060W 290 067 1006 1010 0334 18 111 0130 -999 -999 -999 M -999 -999 -999 -999 72 109N 1199W -999 -999 -999 -999 
NHC  19E SANDRA    20211108 1800 152N 1170W 320 046 1008 1012 0278 15 185 -999 -999 -999 -999 M -999 -999 -999 -999 48 143N 1250W -999 -999 -999 -999 
NHC  18E TERRY     20211108 1800 103N 1075W 285 067 1007 1011 0334 15 111 -999 -999 -999 -999 M -999 -999 -999 -999 72 113N 1216W -999 -999 -999 -999 
NHC  19E SANDRA    20211109 0000 153N 1183W 280 067 1008 1011 0222 15 167 -999 -999 -999 -999 S -999 -999 -999 -999 36 149N 1234W -999 -999 -999 -999 
NHC  18E TERRY     20211109 0000 105N 1087W 280 067 1007 1011 0334 15 111 -999 -999 -999 -999 M -999 -999 -999 -999 72 115N 1228W -999 -999 -999 -999 
NHC  19E SANDRA    20211109 0600 149N 1191W 270 041 1009 1012 0222 13 102 -999 -999 -999 -999 S -999 -999 -999 -999 24 147N 1226W -999 -999 -999 -999 
NHC  18E TERRY     20211109 0600 111N 1098W 290 067 1007 1011 0334 15 093 -999 -999 -999 -999 M -999 -999 -999 -999 72 112N 1238W -999 -999 -999 -999 
NHC  19E SANDRA    20211109 1200 147N 1201W 270 046 1010 1014 0222 13 102 -999 -999 -999 -999 S -999 -999 -999 -999 12 145N 1213W -999 -999 -999 -999 
NHC  18E TERRY     20211109 1200 110N 1111W 280 062 1007 1011 0334 15 093 -999 -999 -999 -999 M -999 -999 -999 -999 72 110N 1247W -999 -999 -999 -999 
NHC  19E SANDRA    20211109 1800 144N 1215W 260 057 1010 1014 0222 13 102 -999 -999 -999 -999 S -999 -999 -999 -999 12 141N 1226W -999 -999 -999 -999 
NHC  18E TERRY     20211109 1800 115N 1124W 285 067 1008 1011 0334 13 148 -999 -999 -999 -999 M -999 -999 -999 -999 72 105N 1262W -999 -999 -999 -999 
NHC  96L INVEST    20211110 0000 353N 0602W 080 072 0982 1010 0445 31 074 0278 0185 0222 0278 D -999 0074 0111 0111 -9 -99N -999W -999 -999 -999 -999 
NHC  18E TERRY     20211110 0000 118N 1135W 285 062 1008 1011 0334 13 148 -999 -999 -999 -999 M -999 -999 -999 -999 48 113N 1222W -999 -999 -999 -999 
NHC  96L INVEST    20211110 0600 354N 0586W 090 067 0982 1012 0556 36 065 0278 0222 0222 0278 D 0056 0093 0130 0111 -9 -99N -999W -999 0065 0074 -999 
NHC  18E TERRY     20211110 0600 118N 1149W 270 067 1008 1011 0334 13 111 -999 -999 -999 -999 M -999 -999 -999 -999 48 114N 1237W -999 -999 -999 -999 
NHC  96L INVEST    20211110 1200 359N 0563W 075 077 0982 1012 0556 36 065 0278 0222 0222 0278 D 0056 0093 0130 0111 -9 -99N -999W -999 0065 0074 -999 
NHC  18E TERRY     20211110 1200 117N 1162W 270 067 1008 1011 0334 13 111 -999 -999 -999 -999 M -999 -999 -999 -999 48 112N 1254W -999 -999 -999 -999 
NHC  96L INVEST    20211110 1800 368N 0543W 070 088 0988 1012 0556 26 111 0297 0297 0352 0278 D 0222 0148 -999 0167 -9 -99N -999W -999 -999 -999 -999 
NHC  18E TERRY     20211110 1800 117N 1176W 270 067 1008 1011 0334 13 111 -999 -999 -999 -999 M -999 -999 -999 -999 48 109N 1271W -999 -999 -999 -999 
NHC  96L INVEST    20211111 0000 379N 0525W 055 088 0987 1012 0556 31 111 0500 0500 0426 0278 D -999 0167 0148 0111 -9 -99N -999W -999 -999 -999 -999 
NHC  96L INVEST    20211111 0600 380N 0489W 070 108 0987 1010 0556 31 111 0500 0445 0408 0278 D -999 0167 0148 0111 -9 -99N -999W -999 -999 -999 -999 
NHC  96L INVEST    20211111 1200 397N 0450W 065 134 0982 1000 0463 31 111 0500 0463 0556 0500 D -999 0241 0185 -999 -9 -99N -999W -999 -999 -999 -999 
NHC  96L INVEST    20211111 1800 424N 0408W 060 170 0982 1000 0463 31 111 0500 0463 0556 0649 D -999 0241 0185 -999 -9 -99N -999W -999 -999 -999 -999 
JTWC 97S INVEST    20220214 1800 146S 0966E 265 083 1001 1006 0537 13 138 -999 -999 -999 -999 S
JTWC 12S DUMAKO    20220214 1800 167S 0532E 260 062 1001 1009 0204 23 046 0074 0130 0121 0084 M
JTWC 97S INVEST    20220215 0000 144S 0952E 275 077 1000 1006 0537 13 138 -999 -999 -999 -999 S
JTWC 12S DUMAKO    20220215 0000 167S 0520E 265 052 1001 1009 0204 23 046 0037 0093 0102 0056 M
JTWC 97S INVEST    20220215 0600 145S 0939E 270 072 1000 1005 0555 13 138 -999 -999 -999 -999 S
JTWC 12S DUMAKO    20220215 0600 169S 0504E 265 062 1000 1008 0176 23 027 0037 0121 0093 0047 M
JTWC 97S INVEST    20220215 1200 154S 0930E 255 067 0999 1003 0555 15 138 -999 -999 -999 -999 S
JTWC 12S DUMAKO    20220215 1200 171S 0495E 265 057 0995 1007 0158 20 027 0084 0130 0139 0084 M
JTWC 97S INVEST    20220215 1800 153S 0927E 250 052 0999 1003 0555 15 138 -999 -999 -999 -999 S
JTWC 96S INVEST    20220215 1800 142S 0720E 275 088 1000 1003 0204 15 037 -999 -999 -999 -999 S
JTWC 12S DUMAKO    20220215 1800 172S 0485E 265 057 1002 1007 0158 18 037 0074 0093 0102 0102 M
JTWC 97S INVEST    20220216 0000 155S 0917E 245 042 0994 1003 0555 15 185 -999 -999 -999 -999 S
JTWC 96S INVEST    20220216 0000 140S 0709E 275 077 0997 1003 0278 15 037 -999 -999 -999 -999 S
JTWC 12S DUMAKO    20220216 0000 171S 0474E 265 052 1003 1007 0158 15 046 -999 -999 -999 -999 S
JTWC 97S INVEST    20220216 0600 163S 0903E 240 057 0999 1003 0555 15 185 -999 -999 -999 -999 S
JTWC 96S INVEST    20220216 0600 140S 0701E 275 062 0997 1004 0324 15 037 -999 -999 -999 -999 S
JTWC 12S DUMAKO    20220216 0600 170S 0462E 270 057 1004 1009 0158 13 046 -999 -999 -999 -999 S
JTWC 97S INVEST    20220216 1200 162S 0897E 245 047 0997 1002 0555 15 157 -999 -999 -999 -999 S
JTWC 96S INVEST    20220216 1200 140S 0692E 275 047 0997 1001 0324 15 037 -999 -999 -999 -999 S
JTWC 12S DUMAKO    20220216 1200 167S 0447E 275 062 1004 1006 0158 13 046 -999 -999 -999 -999 S
JTWC 97S INVEST    20220216 1800 166S 0893E 250 042 0998 1002 0555 15 277 -999 -999 -999 -999 S
JTWC 13S THIRTEEN  20220216 1800 141S 0684E 270 042 0995 1001 0250 18 037 -999 -999 -999 -999 S
JTWC 97S INVEST    20220217 0000 174S 0897E 220 032 0997 1002 0555 15 277 -999 -999 -999 -999 S
JTWC 13S THIRTEEN  20220217 0000 142S 0678E 265 037 0992 1001 0250 23 037 0065 0074 0074 0111 S
JTWC 97S INVEST    20220217 0600 194S 0886E 200 057 0997 1002 0574 15 277 -999 -999 -999 -999 S
JTWC 13S EMNATI    20220217 0600 140S 0658E 270 057 0998 1004 0454 23 055 -999 -999 0065 0093 M
JTWC 97S INVEST    20220217 1200 207S 0885E 190 072 0997 1002 0574 15 277 -999 -999 -999 -999 S
JTWC 13S EMNATI    20220217 1200 139S 0642E 270 072 0994 1004 0454 28 027 0084 0056 0084 0102 M
JTWC 97S INVEST    20220217 1800 217S 0893E 185 072 0999 1002 0574 15 277 -999 -999 -999 -999 S
JTWC 13S EMNATI    20220217 1800 138S 0636E 275 062 0986 1002 0370 31 027 0065 0047 0139 0250 M
JTWC 97S INVEST    20220218 0000 246S 0874E 190 093 0997 1001 0491 15 222 -999 -999 -999 -999 S
JTWC 13S EMNATI    20220218 0000 134S 0630E 280 047 0984 0998 0370 28 018 0037 0010 0028 0093 M
JTWC 97S INVEST    20220218 0600 254S 0869E 195 083 0994 1001 0491 18 222 0287 0361 0454 -999 S
JTWC 13S EMNATI    20220218 0600 140S 0621E 265 042 0978 1005 0648 33 018 0084 0093 0084 0056 M
JTWC 97S INVEST    20220218 1200 277S 0867E 190 093 0992 1001 0629 18 249 -999 0250 0167 -999 S
JTWC 13S EMNATI    20220218 1200 144S 0613E 255 042 0975 1005 0648 38 027 0093 0102 0121 0056 D
JTWC 97S INVEST    20220218 1800 297S 0876E 180 088 0985 1004 0592 23 249 0296 0352 0352 0296 S
JTWC 13S EMNATI    20220218 1800 154S 0604E 240 057 0983 1006 0629 36 027 0167 0176 0139 0084 D
JTWC 97S INVEST    20220219 0000 323S 0891E 165 123 0988 1004 0583 23 240 0195 0130 0398 0250 S
JTWC 13S EMNATI    20220219 0000 160S 0595E 230 057 0980 1003 0574 36 027 0130 0139 0139 0102 D
JTWC 13S EMNATI    20220219 0600 160S 0588E 240 052 0983 1006 0583 36 018 0139 0167 0158 0130 D
JTWC 13S EMNATI    20220219 1200 166S 0580E 240 047 0980 1004 0592 36 018 0139 0167 0158 0130 D
JTWC 13S EMNATI    20220219 1800 169S 0571E 240 052 0965 1005 0500 46 009 0241 0333 0278 0213 D
JTWC 13S EMNATI    20220220 0000 172S 0566E 240 042 0952 1005 0500 54 009 0250 0287 0315 0213 D
JTWC 13S EMNATI    20220220 0600 172S 0559E 245 042 0951 1005 0481 54 009 0296 0296 0306 0315 D
JTWC 13S EMNATI    20220220 1200 176S 0552E 245 037 0941 1003 0481 59 027 0259 0296 0222 0195 D
JTWC 13S EMNATI    20220220 1800 176S 0546E 255 037 0944 1003 0481 56 022 0306 0352 0306 0287 D
JTWC 13S EMNATI    20220221 0000 177S 0540E 255 032 0948 1003 0481 54 022 0296 0343 0269 0315 D
JTWC 13S EMNATI    20220221 0600 179S 0535E 260 026 0954 1005 0509 51 022 0296 0343 0269 0315 D
JTWC 13S EMNATI    20220221 1200 182S 0527E 250 032 0953 1003 0555 51 022 0250 0306 0278 0324 D
JTWC 13S EMNATI    20220221 1800 185S 0521E 245 037 0957 1003 0555 48 009 0324 0324 0315 0278 D
JTWC 13S EMNATI    20220222 0000 194S 0513E 235 047 0960 1001 0463 46 009 0278 0315 0306 0250 D
JTWC 13S EMNATI    20220222 0600 198S 0503E 235 047 0965 1001 0444 41 009 0278 0315 0306 0269 D
JTWC 13S EMNATI    20220222 1200 206S 0495E 230 057 0970 1002 0426 38 009 0278 0315 0296 0204 D
JTWC 13S EMNATI    20220222 1800 216S 0488E 220 057 0972 1002 0426 38 009 0241 0278 0250 0148 D
JTWC 13S EMNATI    20220223 0600 236S 0463E 225 072 0980 1002 0398 31 009 0296 0315 0278 0121 M
JTWC 13S EMNATI    20220223 1200 241S 0453E 230 072 0983 1002 0352 28 009 0222 0324 0269 0158 M
JTWC 99S INVEST    20220223 1800 129S 1290E 145 032 1005 1007 0167 08 037 -999 -999 -999 -999 S
JTWC 13S EMNATI    20220223 1800 247S 0435E 240 077 0994 1006 0222 23 037 0047 0065 0148 0111 M
JTWC 99S INVEST    20220224 0000 130S 1293E 125 032 1007 1008 0278 10 037 -999 -999 -999 -999 S
JTWC 13S EMNATI    20220224 0000 249S 0435E 245 052 0987 1006 0374 26 046 0195 0250 0232 0176 M
JTWC 99S INVEST    20220224 0600 131S 1287E 145 011 0999 1003 0241 13 055 -999 -999 -999 -999 S
JTWC 90S INVEST    20220224 0600 130S 0961E 260 016 1003 1009 0269 13 055 -999 -999 -999 -999 S
JTWC 13S EMNATI    20220224 0600 270S 0430E 215 057 0988 1008 0463 23 148 0296 0435 0380 0278 M
JTWC 99S INVEST    20220224 1200 129S 1286E 180 001 1002 1007 0222 13 055 -999 -999 -999 -999 S
JTWC 90S INVEST    20220224 1200 131S 0958E 255 016 1000 1008 0241 15 055 -999 -999 -999 -999 S
JTWC 13S EMNATI    20220224 1200 283S 0425E 200 067 0980 1005 0444 26 148 -999 0435 0398 -999 M
JTWC 99S INVEST    20220224 1800 124S 1284E 315 011 1001 1005 0296 13 055 -999 -999 -999 -999 S
JTWC 90S INVEST    20220224 1800 134S 0957E 235 016 1006 1009 0278 15 055 -999 -999 -999 -999 S
JTWC 13S EMNATI    20220224 1800 287S 0418E 200 067 0988 1005 0500 23 148 0222 0296 0333 0278 M
JTWC 98P INVEST    20220225 0000 109S 1451E 090 047 1001 1004 0185 10 074 -999 -999 -999 -999 S
JTWC 92S INVEST    20220225 0000 137S 0955E 220 016 1002 1006 0167 15 000 -999 -999 -999 -999 S
JTWC 99S INVEST    20220225 0600 128S 1279E 245 006 0997 1003 0269 15 055 -999 -999 -999 -999 S
JTWC 98P INVEST    20220225 0600 119S 1454E 115 047 1000 1002 0185 13 074 -999 -999 -999 -999 S
JTWC 14S VERNON    20220225 0600 138S 0944E 245 026 0997 1006 0167 23 018 0056 0084 0074 0056 M
JTWC 98P INVEST    20220225 1200 126S 1463E 130 042 1001 1003 0167 13 074 -999 -999 -999 -999 S
JTWC 93S INVEST    20220225 1200 116S 0889E 100 037 1000 1006 0185 15 092 -999 -999 -999 -999 S
JTWC 15S FIFTEEN   20220225 1200 128S 1278E 180 006 0999 1005 0250 18 055 0102 0102 0093 0102 M
JTWC 14S VERNON    20220225 1200 145S 0933E 240 042 0983 1006 0167 36 009 0093 0121 0111 0074 D
JTWC 98P INVEST    20220225 1800 132S 1470E 135 047 1001 1003 0167 13 074 -999 -999 -999 -999 S
JTWC 93S INVEST    20220225 1800 116S 0891E 100 026 1003 1006 0185 13 129 -999 -999 -999 -999 S
JTWC 15S ANIKA     20220225 1800 130S 1276E 195 011 0990 1002 0296 23 055 0121 0139 0130 0213 M
JTWC 14S VERNON    20220225 1800 147S 0925E 245 052 0976 1006 0167 41 009 0121 0167 0158 0102 D
JTWC 93S INVEST    20220226 0000 116S 0895E 105 021 1003 1006 0185 13 129 -999 -999 -999 -999 S
JTWC 15S ANIKA     20220226 0000 133S 1273E 220 016 0995 1006 0259 23 046 0139 0130 0121 0148 M
JTWC 14S VERNON    20220226 0000 148S 0908E 255 062 0959 1004 0167 51 012 0121 0148 0158 0130 D
JTWC 93S INVEST    20220226 0600 112S 0901E 085 026 1001 1006 0185 15 129 -999 -999 -999 -999 S
JTWC 15S ANIKA     20220226 0600 132S 1272E 235 011 0989 1006 0259 28 046 0139 0130 0121 0167 M
JTWC 14S VERNON    20220226 0600 147S 0891E 265 072 0946 1005 0167 59 009 0204 0250 0250 0139 D
JTWC 93S INVEST    20220226 1200 118S 0913E 105 037 1001 1005 0167 15 129 -999 -999 -999 -999 S
JTWC 15S ANIKA     20220226 1200 137S 1269E 225 021 0990 1006 0259 28 046 0148 0111 0139 0176 M
JTWC 14S VERNON    20220226 1200 142S 0880E 275 077 0960 1005 0176 51 009 0130 0185 0185 0158 D
JTWC 93S INVEST    20220226 1800 135S 0920E 135 052 1001 1005 0167 15 074 -999 -999 -999 -999 S
JTWC 15S ANIKA     20220226 1800 144S 1274E 190 026 0988 1003 0176 18 046 0047 0037 0037 -999 S
JTWC 14S VERNON    20220226 1800 128S 0876E 300 062 0960 1005 0176 51 009 0084 0074 0084 0102 D
JTWC 93S INVEST    20220227 0000 144S 0914E 165 057 1000 1005 0167 15 074 -999 -999 -999 -999 S
JTWC 15S ANIKA     20220227 0000 146S 1261E 215 032 0991 1003 0176 15 046 -999 -999 -999 -999 S
JTWC 14S VERNON    20220227 0000 123S 0874E 325 052 0948 1005 0176 51 009 0084 0074 0084 0102 D
JTWC 93S INVEST    20220227 0600 146S 0902E 200 052 1001 1005 0102 13 055 -999 -999 -999 -999 S
JTWC 15S ANIKA     20220227 0600 146S 1264E 210 016 0998 1003 0139 15 046 -999 -999 -999 -999 S
JTWC 14S VERNON    20220227 0600 120S 0873E 345 042 0971 1007 0343 43 009 0158 0296 0195 0185 D
JTWC 93S INVEST    20220227 1200 144S 0880E 255 067 1003 1005 0102 13 055 -999 -999 -999 -999 S
JTWC 15S ANIKA     20220227 1200 150S 1263E 210 016 0998 1003 0148 15 046 -999 -999 -999 -999 S
JTWC 14S VERNON    20220227 1200 122S 0884E 055 016 0980 1007 0343 36 009 0167 0259 0158 0176 D
JTWC 15S ANIKA     20220227 1800 154S 1259E 210 021 1000 1003 0167 15 046 -999 -999 -999 -999 S
JTWC 14S VERNON    20220227 1800 135S 0890E 130 037 0998 1008 0343 23 009 0084 0074 0028 0019 D
JTWC 15S ANIKA     20220228 0000 157S 1256E 215 021 1000 1003 0167 15 046 -999 -999 -999 -999 S
JTWC 14S VERNON    20220228 0000 149S 0875E 185 052 1002 1008 0343 20 009 0084 0074 0028 0019 S
JTWC 94P INVEST    20220228 0600 217S 1672E 145 052 1003 1005 0232 13 046 -999 -999 -999 -999 S
JTWC 15S ANIKA     20220228 0600 162S 1254E 215 026 0998 1003 0167 15 046 -999 -999 -999 -999 S
JTWC 14S VERNON    20220228 0600 138S 0874E 230 037 0998 1008 0407 23 074 0121 0121 0213 0195 M
JTWC 94P INVEST    20220228 1200 220S 1672E 145 037 1005 1007 0232 13 046 -999 -999 -999 -999 S
JTWC 15S ANIKA     20220228 1200 165S 1250E 220 026 1001 1004 0185 13 046 -999 -999 -999 -999 S
JTWC 14S VERNON    20220228 1200 140S 0869E 255 037 0997 1008 0444 26 046 0102 0074 0056 -999 D
JTWC 94P INVEST    20220228 1800 222S 1673E 150 021 1004 1007 0232 13 046 -999 -999 -999 -999 S
JTWC 15S ANIKA     20220228 1800 171S 1244E 220 032 1001 1004 0185 13 046 -999 -999 -999 -999 S
JTWC 14S VERNON    20220228 1800 143S 0865E 250 032 0994 1004 0444 23 027 0139 0176 0148 0102 D
JTWC 15S ANIKA     20220301 0000 176S 1233E 235 042 1002 1004 0222 13 055 -999 -999 -999 -999 S
JTWC 14S VERNON    20220301 0000 143S 0872E 225 011 0995 1004 0444 20 027 0148 0148 0111 0111 M
JTWC 94P INVEST    20220301 0600 228S 1680E 135 021 0996 1002 0259 15 064 -999 -999 -999 -999 S
JTWC 15S ANIKA     20220301 0600 174S 1222E 255 047 0998 1002 0222 15 055 -999 -999 -999 -999 S
JTWC 14S VERNON    20220301 0600 158S 0868E 200 037 0997 1007 0444 23 046 0158 0176 0158 0130 M
JTWC 94P INVEST    20220301 1200 241S 1685E 150 037 0996 1002 0287 15 064 -999 -999 -999 -999 S
JTWC 15S ANIKA     20220301 1200 177S 1220E 265 032 0998 1003 0241 15 055 -999 -999 -999 -999 S
JTWC 14S VERNON    20220301 1200 168S 0856E 215 052 0996 1005 0426 23 046 0130 0148 0176 0121 M
JTWC 95S INVEST    20220301 1800 110S 1109E 125 011 1000 1006 0213 15 037 -999 -999 -999 -999 S
JTWC 94P INVEST    20220301 1800 243S 1690E 145 037 0994 1000 0241 15 064 -999 -999 -999 -999 S
JTWC 15S ANIKA     20220301 1800 182S 1216E 240 026 0997 1001 0278 18 055 0037 0028 0047 0065 S
JTWC 14S VERNON    20220301 1800 172S 0851E 220 057 0997 1006 0463 23 046 0148 0176 0148 0111 M
JTWC 95S INVEST    20220302 0000 109S 1112E 100 011 1001 1007 0148 15 037 -999 -999 -999 -999 S
JTWC 94P INVEST    20220302 0000 248S 1700E 130 042 0995 1001 0278 15 055 -999 -999 -999 -999 S
JTWC 15S ANIKA     20220302 0000 188S 1211E 220 032 0997 1003 0296 18 055 -999 0074 0093 -999 M
JTWC 14S VERNON    20220302 0000 176S 0847E 220 042 0994 1004 0435 23 046 0158 0204 0158 0130 M
JTWC 94P INVEST    20220302 0600 255S 1706E 130 047 0994 1000 0278 15 055 -999 -999 -999 -999 S
JTWC 17S SEVENTEEN 20220302 0600 108S 1111E 075 006 1001 1007 0148 18 027 -999 -999 0074 0047 S
JTWC 15S ANIKA     20220302 0600 195S 1207E 215 037 0992 1000 0259 20 037 0093 0084 0084 0093 M
JTWC 14S VERNON    20220302 0600 185S 0837E 225 042 0995 1005 0407 23 027 0130 0213 0213 0121 D
JTWC 94P INVEST    20220302 1200 254S 1723E 110 052 0996 1002 0278 15 166 -999 -999 -999 -999 M
JTWC 17S SEVENTEEN 20220302 1200 102S 1114E 040 016 1002 1007 0148 15 027 -999 -999 -999 -999 S
JTWC 15S ANIKA     20220302 1200 199S 1205E 210 037 0992 1000 0232 23 027 0084 0065 0074 0093 M
JTWC 14S VERNON    20220302 1200 193S 0835E 215 047 0992 1005 0426 26 027 0139 0204 0204 0121 D
JTWC 94P INVEST    20220302 1800 255S 1730E 105 047 0996 1002 0278 15 166 -999 -999 -999 -999 M
JTWC 17S SEVENTEEN 20220302 1800 100S 1118E 040 021 1005 1007 0158 13 037 -999 -999 -999 -999 S
JTWC 14S VERNON    20220302 1800 205S 0831E 205 052 0992 1005 0426 26 027 0139 0204 0204 0121 D
JTWC 18P EIGHTEEN  20220303 0000 253S 1742E 090 052 0993 1005 0324 18 194 0130 0195 0158 0010 M
JTWC 14S VERNON    20220303 0000 214S 0827E 200 052 0992 1005 0296 26 027 0148 0278 0241 0111 M
JTWC 18P EIGHTEEN  20220303 0600 262S 1750E 110 047 0987 1005 0324 20 194 0324 0509 0463 0130 M
JTWC 17S SEVENTEEN 20220303 0600 100S 1126E 080 021 1004 1007 0158 13 037 -999 -999 -999 -999 S
JTWC 15S ANIKA     20220303 0600 221S 1227E 135 052 0996 1000 0232 15 027 -999 -999 -999 -999 M
JTWC 14S VERNON    20220303 0600 231S 0819E 200 067 0991 1005 0296 26 027 0213 0278 0222 0102 M
JTWC 18P EIGHTEEN  20220303 1200 263S 1743E 125 026 0995 1008 0380 20 055 0093 0380 0158 0158 M
JTWC 17S SEVENTEEN 20220303 1200 108S 1135E 115 032 1004 1007 0158 13 037 -999 -999 -999 -999 S
JTWC 15S ANIKA     20220303 1200 230S 1230E 145 057 1003 1005 0167 13 027 -999 -999 -999 -999 S
JTWC 14S VERNON    20220303 1200 247S 0814E 200 077 0997 1005 0269 20 101 0167 0204 0148 0121 S
JTWC 90B INVEST    20220303 1800 089N 0833E 310 057 1004 1007 0306 13 055 -999 -999 -999 -999 S
JTWC 18P EIGHTEEN  20220303 1800 264S 1745E 145 011 0996 1005 0537 18 166 -999 0167 0158 -999 M
JTWC 90B INVEST    20220304 0000 100N 0827E 320 062 1004 1007 0306 13 055 -999 -999 -999 -999 S
JTWC 18P EIGHTEEN  20220304 0000 255S 1742E 290 016 0997 1006 0592 18 222 -999 0222 0213 -999 M
JTWC 90B INVEST    20220304 0600 094N 0831E 325 042 1006 1010 0287 15 055 -999 -999 -999 -999 S
JTWC 18P EIGHTEEN  20220304 0600 251S 1750E 010 016 0990 1006 0546 18 222 0333 0426 0204 -999 M
JTWC 14S VERNON    20220304 0600 285S 0799E 200 067 0993 1009 0370 23 166 0250 0296 0232 0167 S
JTWC 90B INVEST    20220304 1200 103N 0829E 335 037 1004 1008 0259 15 055 -999 -999 -999 -999 S
JTWC 18P EIGHTEEN  20220304 1200 254S 1756E 045 026 1002 1009 0426 15 222 -999 -999 -999 -999 S
JTWC 14S VERNON    20220304 1200 293S 0796E 200 057 0995 1009 0370 23 166 0167 0185 0185 0111 S
JTWC 18P EIGHTEEN  20220304 1800 258S 1759E 100 026 0998 1006 0315 15 222 -999 -999 -999 -999 S
JTWC 01B ONE       20220304 1800 111N 0836E 005 042 1006 1010 0259 18 046 0148 0056 0056 0148 S
JTWC 01B ONE       20220305 0000 118N 0843E 025 047 0996 1008 0213 18 046 0167 0047 0047 0111 S
JTWC 01B ONE       20220305 0600 116N 0839E 025 026 1004 1010 0213 18 046 0139 -999 -999 -999 S
JTWC 01B ONE       20220305 1200 113N 0834E 335 011 1002 1008 0213 18 074 0130 -999 -999 -999 S
JTWC 97S INVEST    20220305 1800 161S 0543E 230 016 1006 1007 0352 10 055 -999 -999 -999 -999 S
JTWC 01B ONE       20220305 1800 112N 0833E 295 006 1002 1008 0222 15 074 -999 -999 -999 -999 S
JTWC 97S INVEST    20220306 0000 165S 0547E 160 016 1005 1006 0370 10 074 -999 -999 -999 -999 S
JTWC 01B ONE       20220306 0000 110N 0827E 260 016 1002 1007 0333 15 092 -999 -999 -999 -999 S
JTWC 97S INVEST    20220306 0600 162S 0548E 105 011 1004 1008 0370 13 074 -999 -999 -999 -999 S
JTWC 01B ONE       20220306 0600 109N 0817E 255 032 1004 1010 0185 13 092 -999 -999 -999 -999 S
JTWC 97S INVEST    20220306 1200 161S 0537E 295 011 1002 1006 0370 13 074 -999 -999 -999 -999 S
JTWC 01B ONE       20220306 1200 109N 0810E 265 037 1006 1009 0167 13 092 -999 -999 -999 -999 S
JTWC 97S INVEST    20220306 1800 158S 0527E 285 037 1006 1008 0278 13 074 -999 -999 -999 -999 S
JTWC 97S INVEST    20220307 0000 150S 0524E 300 042 1003 1005 0278 13 055 -999 -999 -999 -999 S
JTWC 97S INVEST    20220307 0600 152S 0521E 300 026 1004 1007 0306 13 055 -999 -999 -999 -999 S
JTWC 97S INVEST    20220307 1200 151S 0515E 280 026 1001 1006 0306 15 055 -999 -999 -999 -999 S
JTWC 97S INVEST    20220307 1800 156S 0513E 250 021 1001 1006 0306 15 055 -999 -999 -999 -999 S
JTWC 19S GOMBE     20220308 0000 155S 0504E 260 032 0999 1005 0287 18 055 -999 -999 0074 -999 S
JTWC 96P INVEST    20220308 0600 332S 1640W 180 042 0994 1007 0555 18 203 0056 0037 0500 0278 S
JTWC 19S GOMBE     20220308 0600 154S 0494E 270 042 1004 1008 0315 15 055 -999 -999 -999 -999 S
JTWC 96P INVEST    20220308 1200 329S 1637W 170 021 0994 1009 0555 18 351 0176 0121 0352 0324 S
JTWC 19S GOMBE     20220308 1200 150S 0484E 280 052 1002 1006 0296 15 055 -999 -999 -999 -999 S
JTWC 19S GOMBE     20220308 1800 151S 0476E 280 047 1002 1006 0296 15 055 -999 -999 -999 -999 S
JTWC 19S GOMBE     20220309 0000 149S 0469E 280 042 0996 1006 0324 23 046 0065 0037 0121 0047 S
JTWC 19S GOMBE     20220309 0600 148S 0460E 275 042 0999 1008 0269 23 046 0093 -999 0093 0102 S
JTWC 19S GOMBE     20220309 1200 149S 0454E 275 037 0994 1006 0241 26 046 0019 0130 0176 0093 S
JTWC 19S GOMBE     20220309 1800 151S 0442E 265 047 0989 1006 0296 31 037 0084 0111 0093 0084 S
JTWC 19S GOMBE     20220310 0000 153S 0436E 260 042 0989 1006 0296 31 027 0121 0130 0121 0111 D
JTWC 19S GOMBE     20220310 0600 156S 0428E 255 042 0988 1009 0278 33 027 0121 0176 0130 0111 D
JTWC 19S GOMBE     20220310 1200 159S 0421E 255 042 0979 1006 0278 38 027 0148 0167 0139 0148 D
JTWC 19S GOMBE     20220310 1800 159S 0414E 255 037 0975 1006 0259 41 027 0139 0185 0176 0148 D
JTWC 19S GOMBE     20220311 0000 155S 0407E 275 037 0959 1006 0259 51 027 0148 0213 0213 0148 D
JTWC 19S GOMBE     20220311 0600 152S 0401E 290 037 0978 1009 0278 41 027 0158 0213 0148 0121 D
JTWC 19S GOMBE     20220311 1200 153S 0393E 280 037 0991 1006 0269 28 027 0102 0167 0111 0074 D
JTWC 19S GOMBE     20220311 1800 152S 0384E 280 037 0998 1006 0296 23 037 0056 0047 0074 0056 M
JTWC 19S GOMBE     20220312 0000 151S 0373E 270 047 1001 1006 0296 18 037 0084 0047 0056 0037 M
JTWC 90S INVEST    20220312 0600 108S 1089E 265 037 1004 1006 0306 13 092 -999 -999 -999 -999 S
JTWC 19S GOMBE     20220312 0600 153S 0367E 270 042 1001 1007 0296 18 046 -999 -999 -999 -999 M
JTWC 90S INVEST    20220312 1200 115S 1079E 255 042 1004 1006 0306 13 092 -999 -999 -999 -999 S
JTWC 19S GOMBE     20220312 1200 153S 0358E 265 042 1004 1007 0296 13 046 -999 -999 -999 -999 M
JTWC 90S INVEST    20220312 1800 109S 1066E 270 052 1005 1006 0306 10 046 -999 -999 -999 -999 S
JTWC 19S GOMBE     20220312 1800 156S 0351E 255 037 1007 1008 0222 13 046 -999 -999 -999 -999 M
JTWC 90S INVEST    20220313 0000 110S 1056E 265 057 1007 1008 0306 10 046 -999 -999 -999 -999 S
JTWC 19S GOMBE     20220313 0000 159S 0347E 245 037 1007 1008 0222 13 046 -999 -999 -999 -999 M
JTWC 90S INVEST    20220313 0600 131S 1054E 225 052 1004 1008 0306 13 046 -999 -999 -999 -999 S
JTWC 19S GOMBE     20220313 0600 163S 0345E 230 026 1007 1009 0222 10 046 -999 -999 -999 -999 S
JTWC 90S INVEST    20220313 1200 136S 1043E 230 062 1002 1006 0315 15 083 -999 -999 -999 -999 M
JTWC 19S GOMBE     20220313 1200 167S 0349E 190 021 1008 1010 0222 10 046 -999 -999 -999 -999 S
JTWC 20S TWENTY    20220313 1800 136S 1033E 240 057 0998 1006 0333 18 064 -999 0065 0056 -999 M
JTWC 20S TWENTY    20220314 0600 153S 1006E 240 072 0998 1006 0352 23 046 0084 0148 0139 0065 M
JTWC 20S TWENTY    20220314 1200 162S 0999E 230 072 0994 1005 0333 26 046 0121 0130 0158 0093 M
JTWC 20S TWENTY    20220314 1800 167S 0989E 235 067 0989 1005 0306 31 037 0130 0148 0148 0093 S
JTWC 91S INVEST    20220315 0000 124S 0503E 175 016 1004 1007 0139 13 055 -999 -999 -999 -999 S
JTWC 91B INVEST    20220315 0000 023N 0857E 260 026 1006 1009 0167 13 037 -999 -999 -999 -999 S
JTWC 20S TWENTY    20220315 0000 170S 0979E 240 057 0991 1005 0278 28 037 0130 0167 0158 0111 M
JTWC 19S GOMBE     20220315 0000 185S 0373E 125 026 1006 1009 0185 13 046 -999 -999 -999 -999 S
JTWC 91S INVEST    20220315 0600 125S 0508E 125 021 1007 1010 0139 13 055 -999 -999 -999 -999 S
JTWC 91B INVEST    20220315 0600 040N 0880E 090 016 1007 1009 0444 10 111 -999 -999 -999 -999 S
JTWC 20S BILLY     20220315 0600 170S 0972E 255 047 0993 1007 0278 28 046 0121 0167 0158 0093 D
JTWC 19S GOMBE     20220315 0600 180S 0383E 085 026 1006 1009 0185 13 046 -999 -999 -999 -999 S
JTWC 20S BILLY     20220315 1200 175S 0962E 250 047 0993 1007 0278 28 046 0102 0148 0130 0093 M
JTWC 19S GOMBE     20220315 1200 185S 0375E 155 006 1005 1009 0185 13 046 -999 -999 -999 -999 S
JTWC 20S BILLY     20220315 1800 176S 0953E 255 047 0992 1006 0269 28 046 0111 0185 0158 0093 D
JTWC 20S BILLY     20220316 0000 179S 0946E 250 047 0993 1005 0250 26 046 0130 0148 0139 0139 D
JTWC 20S BILLY     20220316 0600 181S 0936E 250 047 1000 1006 0250 20 083 0047 0195 0130 0047 M
JTWC 20S BILLY     20220316 1200 191S 0929E 235 047 1000 1006 0250 20 083 0093 0111 0121 0084 M
JTWC 20S BILLY     20220316 1800 196S 0926E 230 042 1000 1006 0232 20 120 -999 -999 0195 0047 S
JTWC 20S BILLY     20220317 0000 203S 0925E 205 042 1002 1006 0213 18 120 -999 -999 0167 -999 S
JTWC 20S BILLY     20220317 0600 216S 0932E 175 042 1001 1006 0278 15 111 -999 -999 -999 -999 S
JTWC 20S BILLY     20220317 1200 232S 0935E 165 062 1004 1007 0250 13 111 -999 -999 -999 -999 S
JTWC 93S INVEST    20220319 0000 120S 1179E 245 062 1003 1007 0324 13 092 -999 -999 -999 -999 S
JTWC 93S INVEST    20220319 0600 116S 1181E 250 037 1001 1005 0324 13 092 -999 -999 -999 -999 S
JTWC 93S INVEST    20220319 1200 116S 1168E 260 037 1003 1005 0324 13 092 -999 -999 -999 -999 S
JTWC 91B INVEST    20220319 1200 099N 0936E 030 042 1005 1007 0315 13 129 -999 -999 -999 -999 S
JTWC 93S INVEST    20220319 1800 123S 1158E 245 047 1003 1007 0324 13 092 -999 -999 -999 -999 S
JTWC 91B INVEST    20220319 1800 103N 0932E 010 037 1004 1006 0287 13 111 -999 -999 -999 -999 S
JTWC 93S INVEST    20220320 0000 125S 1150E 245 042 1000 1007 0306 15 046 -999 -999 -999 -999 S
JTWC 91B INVEST    20220320 0000 105N 0938E 025 037 1003 1006 0315 13 111 -999 -999 -999 -999 S
JTWC 93S INVEST    20220320 0600 128S 1141E 245 042 1002 1006 0306 15 046 -999 -999 -999 -999 S
JTWC 91B INVEST    20220320 0600 105N 0941E 035 026 1004 1007 0324 13 111 -999 -999 -999 -999 S
JTWC 91B INVEST    20220320 1200 106N 0944E 040 021 1002 1006 0333 15 074 -999 -999 -999 -999 M
JTWC 21S TWENTY-ON 20220320 1200 131S 1138E 240 037 1001 1007 0306 18 046 0111 0093 0278 -999 M
JTWC 91B INVEST    20220320 1800 113N 0950E 035 032 1000 1006 0324 15 074 -999 -999 -999 -999 M
JTWC 21S TWENTY-ON 20220320 1800 135S 1126E 245 047 0994 1007 0343 20 046 -999 0167 0139 -999 M
JTWC 91B INVEST    20220321 0000 121N 0949E 010 032 1001 1006 0296 15 074 -999 -999 -999 -999 M
JTWC 21S CHARLOTTE 20220321 0000 146S 1118E 230 052 0994 1008 0343 28 037 0111 0176 0111 -999 D
JTWC 94S INVEST    20220321 0600 103S 0858E 245 052 1004 1008 0398 13 083 -999 -999 -999 -999 S
JTWC 91B INVEST    20220321 0600 127N 0946E 350 037 1002 1006 0296 15 064 -999 -999 -999 -999 M
JTWC 21S CHARLOTTE 20220321 0600 153S 1111E 225 057 0991 1008 0343 31 027 0130 0204 0121 -999 D
JTWC 94S INVEST    20220321 1200 104S 0846E 255 052 1004 1008 0398 13 083 -999 -999 -999 -999 S
JTWC 91B INVEST    20220321 1200 135N 0943E 340 037 1000 1006 0296 15 064 -999 -999 -999 -999 M
JTWC 21S CHARLOTTE 20220321 1200 160S 1106E 220 052 0990 1008 0343 31 027 0158 0195 0167 0111 D
JTWC 94S INVEST    20220321 1800 108S 0830E 260 067 1006 1008 0398 13 083 -999 -999 -999 -999 S
JTWC 91B INVEST    20220321 1800 145N 0947E 355 042 1002 1006 0296 15 064 -999 -999 -999 -999 M
JTWC 21S CHARLOTTE 20220321 1800 163S 1098E 230 042 0978 1006 0232 38 022 0167 0204 0167 0102 D
JTWC 94S INVEST    20220322 0000 112S 0817E 255 072 1007 1008 0398 13 083 -999 -999 -999 -999 S
JTWC 91B INVEST    20220322 0000 151N 0948E 005 042 1002 1006 0259 15 064 -999 -999 -999 -999 S
JTWC 21S CHARLOTTE 20220322 0000 166S 1093E 235 037 0967 1006 0232 46 022 0176 0213 0195 0130 D
JTWC 94S INVEST    20220322 0600 116S 0804E 255 072 1004 1007 0352 13 046 -999 -999 -999 -999 S
JTWC 91B INVEST    20220322 0600 161N 0947E 000 047 1003 1006 0241 13 037 -999 -999 -999 -999 S
JTWC 21S CHARLOTTE 20220322 0600 169S 1089E 240 032 0968 1006 0241 46 022 0195 0222 0195 0158 D
JTWC 94S INVEST    20220322 1200 120S 0791E 250 067 1004 1007 0352 13 046 -999 -999 -999 -999 S
JTWC 21S CHARLOTTE 20220322 1200 175S 1091E 215 021 0970 1006 0232 43 022 0195 0222 0195 0158 D
JTWC 94S INVEST    20220322 1800 131S 0780E 240 072 1006 1010 0417 13 046 -999 -999 -999 -999 S
JTWC 91B INVEST    20220322 1800 178N 0942E 350 047 1006 1008 0222 13 092 -999 -999 -999 -999 S
JTWC 21S CHARLOTTE 20220322 1800 178S 1091E 195 021 0973 1006 0232 41 022 0204 0241 0222 0167 D
JTWC 94S INVEST    20220323 0000 128S 0772E 250 057 1003 1007 0435 15 046 -999 -999 -999 -999 S
JTWC 21S CHARLOTTE 20220323 0000 183S 1089E 190 021 0978 1008 0278 38 022 0195 0222 0222 0139 D
JTWC 94S INVEST    20220323 0600 138S 0763E 245 057 1002 1007 0444 15 046 -999 -999 -999 -999 S
JTWC 21S CHARLOTTE 20220323 0600 191S 1082E 210 032 0982 1008 0296 36 022 0158 0232 0204 0074 D
JTWC 22S HALIMA    20220323 1200 133S 0758E 260 047 0998 1006 0472 18 046 -999 0047 0037 -999 S
JTWC 21S CHARLOTTE 20220323 1200 201S 1078E 210 047 0985 1006 0306 33 022 0139 0195 0167 0102 D
JTWC 22S HALIMA    20220323 1800 127S 0759E 280 026 0997 1007 0472 23 055 -999 0130 0148 0121 M
JTWC 21S CHARLOTTE 20220323 1800 197S 1071E 230 037 0992 1006 0361 26 046 0195 0222 0195 0139 D
JTWC 22S HALIMA    20220324 0000 128S 0756E 270 026 0987 1005 0491 31 046 0130 0130 0121 0056 D
JTWC 21S CHARLOTTE 20220324 0000 199S 1072E 235 026 1001 1006 0343 18 046 0139 0148 0139 0121 M
JTWC 22S HALIMA    20220324 0600 130S 0749E 260 026 0988 1006 0463 31 027 0102 0148 0148 0102 D
JTWC 21S CHARLOTTE 20220324 0600 211S 1073E 200 032 1001 1006 0343 18 064 0139 0148 0139 0102 M
JTWC 22S HALIMA    20220324 1200 131S 0744E 255 026 0985 1006 0463 33 009 0102 0148 0148 0102 D
JTWC 21S CHARLOTTE 20220324 1200 223S 1072E 185 052 1002 1006 0343 15 064 -999 -999 -999 -999 M
JTWC 22S HALIMA    20220324 1800 134S 0741E 245 026 0967 1006 0481 46 009 0111 0167 0158 0102 D
JTWC 21S CHARLOTTE 20220324 1800 237S 1069E 185 067 1003 1007 0370 15 064 -999 -999 -999 -999 S
JTWC 22S HALIMA    20220325 0000 134S 0737E 245 021 0966 1006 0481 46 009 0111 0167 0158 0102 D
JTWC 21S CHARLOTTE 20220325 0000 249S 1071E 185 067 1002 1007 0370 15 083 -999 -999 -999 -999 S
JTWC 22S HALIMA    20220325 0600 136S 0736E 245 016 0947 1006 0481 56 009 0195 0241 0232 0185 D
JTWC 21S CHARLOTTE 20220325 0600 263S 1071E 180 067 1004 1007 0370 13 092 -999 -999 -999 -999 S
JTWC 22S HALIMA    20220325 1200 142S 0734E 215 016 0938 1004 0463 61 009 0111 0111 0130 0139 D
JTWC 21S CHARLOTTE 20220325 1200 285S 1080E 170 083 1000 1006 0370 13 101 -999 -999 -999 -999 S
JTWC 22S HALIMA    20220325 1800 148S 0734E 190 026 0947 1009 0759 59 009 0176 0241 0232 0176 D
JTWC 21S CHARLOTTE 20220325 1800 299S 1081E 170 088 0999 1006 0370 15 101 -999 -999 -999 -999 S
JTWC 22S HALIMA    20220326 0000 153S 0733E 190 026 0948 1006 0565 56 009 0213 0241 0222 0176 D
JTWC 21S CHARLOTTE 20220326 0000 300S 1082E 165 062 0998 1006 0370 15 101 -999 -999 -999 -999 S
JTWC 22S HALIMA    20220326 0600 161S 0739E 165 037 0952 1006 0546 51 009 0167 0074 0093 0111 D
JTWC 22S HALIMA    20220326 1200 172S 0747E 155 047 0970 1005 0352 43 009 0148 0074 0093 0102 D
JTWC 22S HALIMA    20220326 1800 182S 0753E 150 057 0984 1007 0296 36 009 0158 0167 0139 0139 M
JTWC 21S CHARLOTTE 20220326 1800 258S 1093E 010 067 1001 1007 0407 15 370 -999 -999 -999 -999 S
JTWC 22S HALIMA    20220327 0000 196S 0759E 150 067 0987 1007 0269 33 027 0167 0148 0093 0111 M
JTWC 22S HALIMA    20220327 0600 205S 0768E 150 067 0992 1008 0278 28 027 0139 0148 0176 0102 M
JTWC 22S HALIMA    20220327 1200 210S 0781E 130 067 0995 1008 0269 26 037 0121 0139 0148 0084 M
JTWC 22S HALIMA    20220327 1800 213S 0792E 120 062 0997 1009 0324 23 037 0130 0158 0176 0102 M
JTWC 22S HALIMA    20220328 0000 217S 0798E 115 052 1000 1009 0324 23 037 0148 0139 0111 0121 M
JTWC 22S HALIMA    20220328 0600 220S 0806E 115 042 0998 1009 0333 23 037 0148 0121 0121 0111 M
JTWC 22S HALIMA    20220328 1200 222S 0815E 115 042 0998 1007 0389 23 074 0167 0139 0121 0148 M
JTWC 22S HALIMA    20220328 1800 221S 0820E 100 037 0998 1008 0500 23 074 0148 0111 0121 0139 M
JTWC 22S HALIMA    20220329 0000 219S 0824E 080 032 0996 1006 0518 23 074 0148 0111 0121 0139 M
JTWC 93W INVEST    20220329 0600 108N 1162E 315 026 1007 1010 0185 08 074 -999 -999 -999 -999 S
JTWC 22S HALIMA    20220329 0600 217S 0825E 065 021 0996 1006 0518 23 074 0111 0102 0111 0111 M
JTWC 93W INVEST    20220329 1200 111N 1157E 310 026 1008 1010 0185 10 074 -999 -999 -999 -999 S
JTWC 22S HALIMA    20220329 1200 214S 0825E 040 016 0994 1006 0518 23 074 0167 0130 0139 0167 M
JTWC 93W INVEST    20220329 1800 114N 1132E 300 062 1006 1008 0232 10 074 -999 -999 -999 -999 S
JTWC 22S HALIMA    20220329 1800 208S 0823E 000 021 0995 1006 0555 23 074 0148 0167 0139 0148 M
JTWC 93W INVEST    20220330 0000 116N 1124E 295 057 1006 1009 0232 10 074 -999 -999 -999 -999 S
JTWC 22S HALIMA    20220330 0000 201S 0817E 335 032 0997 1007 0555 23 074 0121 0130 0111 0121 M
JTWC 93W INVEST    20220330 0600 119N 1105E 285 067 1005 1009 0232 10 074 -999 -999 -999 -999 S
JTWC 22S HALIMA    20220330 0600 198S 0821E 345 026 0997 1007 0555 23 074 0130 0121 0121 0130 M
JTWC 93W INVEST    20220330 1200 123N 1100E 285 052 1005 1009 0232 10 074 -999 -999 -999 -999 S
JTWC 22S HALIMA    20220330 1200 197S 0823E 000 021 0998 1006 0555 20 074 0065 0102 0130 0093 M
JTWC 22S HALIMA    20220330 1800 195S 0825E 020 016 1001 1007 0555 18 074 0158 0102 0139 0102 M
JTWC 01W ONE       20220330 1800 123N 1092E 290 042 1005 1009 0232 15 074 -999 -999 -999 -999 S
JTWC 96S INVEST    20220331 0000 183S 1119E 140 047 1009 1011 0370 10 074 -999 -999 -999 -999 S
JTWC 22S HALIMA    20220331 0000 193S 0833E 060 021 1002 1007 0629 18 074 0111 0167 0111 0121 M
JTWC 01W ONE       20220331 0000 128N 1092E 305 037 1007 1009 0232 13 074 -999 -999 -999 -999 S
JTWC 96S INVEST    20220331 0600 207S 1115E 170 067 1006 1010 0296 13 046 -999 -999 -999 -999 S
JTWC 22S HALIMA    20220331 0600 195S 0836E 080 021 1000 1007 0481 20 083 0093 0139 0084 0047 M
JTWC 96S INVEST    20220331 1200 221S 1121E 175 083 1006 1009 0278 13 046 -999 -999 -999 -999 S
JTWC 22S HALIMA    20220331 1200 195S 0842E 090 026 0998 1007 0481 23 083 0102 0158 0084 0056 M
JTWC 22S HALIMA    20220331 1800 196S 0844E 105 026 0998 1008 0444 23 083 0139 0185 0139 0084 M
JTWC 94W INVEST    20220401 0000 087N 1507E 305 042 1006 1008 0213 10 037 -999 -999 -999 -999 S
JTWC 22S HALIMA    20220401 0000 194S 0840E 075 006 0999 1007 0370 20 083 0130 0102 0084 0074 M
JTWC 94W INVEST    20220401 0600 090N 1498E 305 052 1005 1008 0222 10 037 -999 -999 -999 -999 S
JTWC 22S HALIMA    20220401 0600 193S 0845E 050 011 1001 1006 0296 18 092 0093 0019 0093 0084 M
JTWC 22S HALIMA    20220401 1200 193S 0845E 050 011 1001 1006 0296 18 083 0084 0028 0084 0056 M
JTWC 22S HALIMA    20220401 1800 192S 0843E 330 006 1002 1008 0278 15 083 -999 -999 -999 -999 M
JTWC 22S HALIMA    20220402 0000 190S 0843E 325 011 1001 1007 0333 15 083 -999 -999 -999 -999 M
JTWC 22S HALIMA    20220402 0600 189S 0850E 050 011 1001 1007 0333 15 083 -999 -999 -999 -999 S
JTWC 22S HALIMA    20220402 1200 188S 0843E 310 011 1001 1007 0333 15 083 -999 -999 -999 -999 S
JTWC 22S HALIMA    20220402 1800 187S 0841E 295 011 1002 1008 0306 15 083 -999 -999 -999 -999 S
JTWC 99P INVEST    20220403 0000 175S 1646E 195 047 1005 1007 0259 10 111 -999 -999 -999 -999 S
JTWC 22S HALIMA    20220403 0000 191S 0838E 250 016 1004 1007 0296 13 083 -999 -999 -999 -999 S
JTWC 99P INVEST    20220403 0600 172S 1641E 215 032 1005 1007 0259 10 111 -999 -999 -999 -999 S
JTWC 95W INVEST    20220403 0600 044N 1570E 275 062 1006 1008 0333 10 101 -999 -999 -999 -999 S
JTWC 22S HALIMA    20220403 0600 191S 0836E 250 016 1004 1007 0296 13 083 -999 -999 -999 -999 S
JTWC 99P INVEST    20220403 1200 163S 1632E 285 032 1005 1009 0315 10 111 -999 -999 -999 -999 S
JTWC 95W INVEST    20220403 1200 045N 1582E 280 062 1006 1008 0333 10 101 -999 -999 -999 -999 S
JTWC 99P INVEST    20220403 1800 157S 1640E 345 021 1004 1007 0333 13 111 -999 -999 -999 -999 S
JTWC 95W INVEST    20220403 1800 042N 1549E 270 088 1007 1009 0306 10 101 -999 -999 -999 -999 S
JTWC 99P INVEST    20220404 0000 161S 1636E 005 016 1003 1008 0352 15 083 -999 -999 -999 -999 S
JTWC 95W INVEST    20220404 0000 042N 1546E 270 067 1007 1010 0185 10 101 -999 -999 -999 -999 S
JTWC 23P TWENTY-TH 20220404 0600 168S 1626E 225 026 0999 1006 0352 18 064 0185 0185 0037 0056 M
JTWC 23P TWENTY-TH 20220404 1200 173S 1621E 230 042 0997 1006 0352 20 055 0250 0204 -999 0269 M
JTWC 23P TWENTY-TH 20220404 1800 179S 1610E 232 047 0996 1005 0407 23 064 0176 0185 0102 0056 M
JTWC 23P TWENTY-TH 20220405 0000 178S 1604E 245 042 0996 1007 0463 23 064 0370 0296 0185 0037 M
JTWC 23P FILI      20220405 0600 183S 1611E 225 026 0996 1003 0426 23 148 0370 0278 0130 0037 M
JTWC 23P FILI      20220405 1200 187S 1611E 190 021 0998 1003 0444 20 092 0176 0139 0130 0111 M
JTWC 23P FILI      20220405 1800 187S 1620E 130 021 0990 1003 0500 26 074 0167 0158 0121 0130 M
JTWC 95W INVEST    20220406 0000 038N 1485E 260 052 1003 1005 0222 10 046 -999 -999 -999 -999 S
JTWC 23P FILI      20220406 0000 195S 1623E 140 032 0989 1005 0435 28 074 0232 0195 0130 0148 M
JTWC 95W INVEST    20220406 0600 035N 1484E 245 042 1005 1006 0222 10 046 -999 -999 -999 -999 S
JTWC 23P FILI      20220406 0600 198S 1631E 130 037 0990 1005 0444 28 074 0250 0232 0158 0167 M
JTWC 95W INVEST    20220406 1800 037N 1476E 275 026 1003 1004 0241 10 046 -999 -999 -999 -999 S
JTWC 23P FILI      20220406 1800 218S 1641E 145 052 0989 1004 0472 28 046 0139 0167 0111 0139 D
JTWC 23P FILI      20220407 0000 226S 1644E 150 057 0993 1006 0454 26 046 0139 0167 0102 0139 D
JTWC 02W TWO       20220407 0000 036N 1484E 280 037 1003 1006 0333 13 046 -999 -999 -999 -999 S
JTWC 23P FILI      20220407 0600 231S 1647E 155 047 0993 1006 0454 26 046 0148 0139 0093 0111 M
JTWC 02W TWO       20220407 0600 040N 1476E 285 042 1003 1006 0333 13 046 -999 -999 -999 -999 S
JTWC 23P FILI      20220407 1200 239S 1648E 165 042 0995 1006 0454 23 046 0148 0139 0093 0111 M
JTWC 02W TWO       20220407 1200 042N 1471E 295 037 1002 1006 0333 15 046 -999 -999 -999 -999 S
JTWC 23P FILI      20220407 1800 248S 1650E 165 042 0995 1006 0407 23 046 0148 0139 0093 0111 M
JTWC 02W TWO       20220407 1800 044N 1463E 290 037 0999 1004 0333 18 046 0139 -999 0065 0102 M
JTWC 23P FILI      20220408 0000 252S 1658E 150 042 1001 1008 0370 18 046 0158 0195 0139 0121 M
JTWC 02W TWO       20220408 0000 051N 1464E 315 032 0999 1007 0370 20 074 -999 0111 0176 0158 M
JTWC 23P FILI      20220408 0600 258S 1664E 145 042 1000 1008 0370 18 046 0167 0185 0185 0102 S
JTWC 02W MALAKAS   20220408 0600 057N 1460E 325 032 0994 1004 0370 23 074 0130 0148 0111 0111 M
JTWC 23P FILI      20220408 1200 261S 1672E 130 042 0996 1008 0370 20 064 0139 0269 0241 0130 S
JTWC 02W MALAKAS   20220408 1200 062N 1455E 325 037 0995 1006 0370 23 074 0185 0232 0232 0148 M
JTWC 94W INVEST    20220408 1800 108N 1268E 310 032 1003 1006 0222 10 074 -999 -999 -999 -999 S
JTWC 02W MALAKAS   20220408 1800 065N 1446E 310 037 0997 1004 0407 20 055 0111 0093 0084 0121 M
JTWC 94W INVEST    20220409 0000 109N 1268E 305 021 1003 1006 0222 10 055 -999 -999 -999 -999 S
JTWC 02W MALAKAS   20220409 0000 070N 1445E 310 037 0997 1004 0407 20 074 0139 0102 0102 0148 M
JTWC 03W THREE     20220409 0600 108N 1270E 280 011 1003 1006 0222 13 055 -999 -999 -999 -999 S
JTWC 02W MALAKAS   20220409 0600 077N 1437E 305 042 0995 1004 0426 23 055 0148 0111 0111 0148 M
JTWC 23P FILI      20220409 1800 254S 1704E 080 032 0997 1004 0398 15 286 -999 -999 -999 -999 S
JTWC 03W THREE     20220409 1800 110N 1263E 300 011 1000 1006 0250 15 055 -999 -999 -999 -999 M
JTWC 02W MALAKAS   20220409 1800 097N 1420E 320 062 0988 1004 0454 28 037 0250 0250 0139 0213 M
JTWC 23P FILI      20220410 0000 250S 1686E 310 016 0986 1004 0398 18 286 -999 0352 0389 -999 S
JTWC 03W THREE     20220410 0000 113N 1260E 295 021 0999 1006 0232 20 055 0111 0084 0084 0111 M
JTWC 02W MALAKAS   20220410 0000 116N 1403E 320 088 0992 1006 0435 28 037 0204 0176 0121 0195 M
JTWC 03W MEGI      20220410 0600 107N 1254E 260 021 0999 1004 0259 18 111 0222 0111 0056 0047 M
JTWC 02W MALAKAS   20220410 0600 119N 1381E 305 103 0985 1006 0454 28 037 0195 0074 0121 0204 M
JTWC 03W MEGI      20220410 1200 108N 1250E 260 021 0999 1006 0176 18 055 0056 0093 0019 -999 M
JTWC 02W MALAKAS   20220410 1200 124N 1368E 300 098 0985 1005 0398 28 046 0204 0111 0121 0222 M
JTWC 23P FILI      20220410 1800 257S 1690E 155 016 0996 1004 0398 15 286 -999 -999 -999 -999 S
JTWC 03W MEGI      20220410 1800 109N 1247E 265 021 0999 1004 0195 15 055 -999 -999 -999 -999 M
JTWC 02W MALAKAS   20220410 1800 119N 1369E 290 057 0987 1004 0463 28 046 0232 0148 0158 0213 M
JTWC 23P FILI      20220411 0000 267S 1700E 140 042 1000 1004 0398 13 286 -999 -999 -999 -999 S
JTWC 03W MEGI      20220411 0000 114N 1241E 300 026 1002 1005 0176 13 055 -999 -999 -999 -999 S
JTWC 02W MALAKAS   20220411 0000 125N 1365E 300 042 0987 1006 0509 31 055 0306 0176 0195 0222 D
JTWC 03W MEGI      20220411 0600 113N 1240E 295 021 1001 1003 0185 13 037 -999 -999 -999 -999 S
JTWC 02W MALAKAS   20220411 0600 135N 1360E 315 047 0982 1003 0481 31 037 0204 0222 0278 -999 M
JTWC 03W MEGI      20220411 1200 115N 1241E 315 016 1002 1003 0185 10 055 -999 -999 -999 -999 S
JTWC 02W MALAKAS   20220411 1200 142N 1357E 335 047 0978 1004 0481 33 037 0222 0241 0287 0056 D
JTWC 03W MEGI      20220411 1800 113N 1245E 045 006 1001 1003 0185 13 055 -999 -999 -999 -999 S
JTWC 02W MALAKAS   20220411 1800 145N 1356E 335 037 0980 1003 0509 33 037 0232 0222 0278 0185 D
JTWC 03W MEGI      20220412 0000 111N 1249E 105 016 1001 1004 0185 13 055 -999 -999 -999 -999 S
JTWC 02W MALAKAS   20220412 0000 154N 1352E 335 042 0979 1005 0555 36 046 0296 0278 0259 0241 D
JTWC 03W MEGI      20220412 0600 110N 1253E 115 021 1002 1003 0158 10 055 -999 -999 -999 -999 S
JTWC 02W MALAKAS   20220412 0600 158N 1351E 340 037 0965 1002 0555 43 031 0306 0278 0278 0222 D
JTWC 03W MEGI      20220412 1200 113N 1254E 105 016 1002 1005 0158 10 055 -999 -999 -999 -999 S
JTWC 02W MALAKAS   20220412 1200 161N 1354E 355 026 0958 1004 0555 48 037 0324 0315 0278 0259 D
JTWC 03W MEGI      20220412 1800 108N 1260E 105 021 1003 1005 0158 10 055 -999 -999 -999 -999 S
JTWC 02W MALAKAS   20220412 1800 167N 1359E 030 026 0957 1004 0555 48 046 0315 0333 0287 0269 D
JTWC 92S INVEST    20220413 0000 320S 0305E 200 032 1000 1011 0167 20 055 0084 0093 0093 -999 M
JTWC 02W MALAKAS   20220413 0000 173N 1364E 040 032 0950 1005 0555 54 040 0361 0389 0315 0259 D
JTWC 92S INVEST    20220413 0600 317S 0302E 235 021 0998 1007 0167 18 055 0084 0093 0093 -999 S
JTWC 02W MALAKAS   20220413 0600 179N 1370E 040 042 0939 1003 0611 59 031 0417 0426 0315 0324 D
JTWC 92S INVEST    20220413 1200 305S 0307E 335 021 1000 1005 0167 15 055 -999 -999 -999 -999 S
JTWC 02W MALAKAS   20220413 1200 188N 1376E 035 047 0939 1003 0611 59 031 0407 0417 0315 0324 D
JTWC 92S INVEST    20220413 1800 303S 0324E 045 042 0999 1005 0167 13 055 -999 -999 -999 -999 S
JTWC 02W MALAKAS   20220413 1800 197N 1376E 025 047 0939 1005 0750 59 027 0555 0491 0333 0269 D
JTWC 02W MALAKAS   20220414 0000 206N 1380E 020 052 0948 1005 0750 54 009 0500 0454 0333 0296 D
JTWC 02W MALAKAS   20220414 0600 218N 1385E 015 052 0952 1005 0676 51 009 0463 0435 0296 0278 D
JTWC 02W MALAKAS   20220414 1200 229N 1392E 025 062 0952 1005 0694 51 009 0454 0361 0306 0278 D
JTWC 02W MALAKAS   20220414 1800 238N 1404E 035 067 0961 1005 0694 46 027 0287 0296 0315 0222 D
JTWC 02W MALAKAS   20220415 0000 263N 1406E 025 083 0975 1005 0694 33 027 0407 0426 0324 0269 D
JTWC 02W MALAKAS   20220415 0600 283N 1419E 025 103 0980 1005 0713 28 064 0472 0481 0324 0269 M
JTWC 94P INVEST    20220417 1800 106S 1361E 335 006 1005 1009 0204 13 074 -999 -999 -999 -999 S
JTWC 94P INVEST    20220418 0000 104S 1361E 000 011 1005 1009 0204 13 074 -999 -999 -999 -999 S
JTWC 97S INVEST    20220422 0600 135S 0427E 245 062 1006 1011 0370 13 074 -999 -999 -999 -999 S
JTWC 97S INVEST    20220422 1200 138S 0426E 245 047 1004 1007 0333 13 083 -999 -999 -999 -999 S
JTWC 97S INVEST    20220422 1800 141S 0423E 245 032 1004 1007 0352 13 074 -999 -999 -999 -999 S
JTWC 97S INVEST    20220423 0000 144S 0421E 230 026 1003 1008 0352 15 166 -999 -999 -999 -999 S
JTWC 98S INVEST    20220423 0600 131S 1006E 230 037 1008 1009 0222 10 037 -999 -999 -999 -999 S
JTWC 97S INVEST    20220423 0600 151S 0417E 215 026 1003 1008 0352 15 166 -999 -999 -999 -999 S
JTWC 97S INVEST    20220423 1200 160S 0400E 230 052 1006 1008 0222 13 166 -999 -999 -999 -999 S
JTWC 97S INVEST    20220423 1200 160S 0400E 230 052 1004 1008 0222 15 166 -999 -999 -999 -999 S
JTWC 97S INVEST    20220423 1800 168S 0400E 215 047 1003 1010 0204 13 083 -999 -999 -999 -999 S
JTWC 24S JASMINE   20220424 0000 175S 0403E 175 037 1002 1008 0167 18 074 -999 0074 0056 -999 M
JTWC 24S JASMINE   20220424 0600 179S 0394E 195 037 1005 1009 0204 18 064 0084 0102 0065 -999 M
JTWC 24S JASMINE   20220424 1200 184S 0393E 195 032 1005 1011 0232 20 055 0084 0084 0074 0056 M
JTWC 98S INVEST    20220424 1800 136S 0999E 175 026 1002 1007 0287 15 074 -999 -999 -999 -999 S
JTWC 24S JASMINE   20220424 1800 192S 0395E 180 032 0998 1010 0269 26 037 0093 0102 0084 0074 M
JTWC 98S INVEST    20220425 0000 142S 1004E 150 037 1002 1007 0463 15 074 -999 -999 -999 -999 S
JTWC 24S JASMINE   20220425 0000 200S 0396E 175 037 0998 1010 0269 26 037 0084 0102 0074 0056 M
JTWC 98S INVEST    20220425 0600 142S 1010E 140 032 1002 1007 0463 15 074 -999 -999 -999 -999 S
JTWC 24S JASMINE   20220425 0600 201S 0398E 165 026 1001 1010 0269 23 037 0111 0102 0084 0093 M
JTWC 98S INVEST    20220425 1200 138S 1017E 100 026 1000 1005 0315 15 074 -999 -999 -999 -999 S
JTWC 24S JASMINE   20220425 1200 211S 0408E 150 042 0994 1008 0241 26 046 0176 0204 0139 0176 M
JTWC 24S JASMINE   20220425 1800 217S 0412E 145 042 0998 1010 0278 26 064 0139 0139 0102 0121 D
JTWC 98S INVEST    20220426 0000 132S 1009E 355 016 0998 1004 0241 15 166 -999 -999 -999 -999 S
JTWC 24S JASMINE   20220426 0000 224S 0414E 155 037 0984 1008 0269 26 037 0158 0158 0102 0111 D
JTWC 98S INVEST    20220426 0600 123S 1019E 015 032 0999 1004 0241 15 166 -999 -999 -999 -999 S
JTWC 24S JASMINE   20220426 0600 228S 0421E 145 037 0998 1011 0250 26 037 0195 0130 0037 0148 D
JTWC 98S INVEST    20220426 1200 119S 1031E 055 047 1001 1005 0185 15 166 -999 -999 -999 -999 S
JTWC 24S JASMINE   20220426 1200 233S 0433E 120 037 0987 1008 0250 28 074 0158 0139 0093 0148 D
JTWC 98S INVEST    20220426 1800 126S 1044E 080 062 1001 1006 0222 15 092 -999 -999 -999 -999 S
JTWC 24S JASMINE   20220426 1800 235S 0440E 110 042 0996 1011 0232 26 046 0121 0093 0111 0121 D
JTWC 98S INVEST    20220427 0000 128S 1043E 355 026 1004 1006 0259 15 092 -999 -999 -999 -999 M
JTWC 24S JASMINE   20220427 0000 238S 0458E 105 057 1000 1009 0232 18 092 0102 0084 0111 0111 D
JTWC 98S INVEST    20220427 0600 124S 1045E 335 037 1004 1006 0259 15 092 -999 -999 -999 -999 M
JTWC 24S JASMINE   20220427 0600 238S 0479E 100 072 1008 1009 0232 13 092 -999 -999 -999 -999 M
JTWC 98S INVEST    20220427 1200 118S 1055E 020 042 1004 1006 0259 13 092 -999 -999 -999 -999 M
JTWC 24S JASMINE   20220427 1200 233S 0495E 090 083 1007 1010 0232 15 092 -999 -999 -999 -999 S
JTWC 98S INVEST    20220427 1800 134S 1073E 100 052 1005 1007 0444 13 092 -999 -999 -999 -999 M
JTWC 98S INVEST    20220428 0000 135S 1080E 110 062 1006 1008 0500 13 092 -999 -999 -999 -999 M
JTWC 98S INVEST    20220428 0600 143S 1095E 115 057 1002 1006 0287 15 277 -999 -999 -999 -999 M
JTWC 24S JASMINE   20220428 0600 221S 0530E 070 057 1007 1011 0232 15 092 -999 -999 -999 -999 S
JTWC 98S INVEST    20220428 1200 151S 1110E 115 067 1005 1008 0444 15 277 -999 -999 -999 -999 M
JTWC 24S JASMINE   20220428 1200 214S 0531E 050 047 1007 1009 0491 13 481 -999 -999 -999 -999 S
JTWC 98S INVEST    20220428 1800 148S 1121E 110 072 1002 1007 0389 15 277 -999 -999 -999 -999 M
JTWC 24S JASMINE   20220428 1800 208S 0532E 020 042 1010 1012 0491 10 481 -999 -999 -999 -999 S
JTWC 98S INVEST    20220429 0000 140S 1119E 085 042 1005 1009 0454 15 277 -999 -999 -999 -999 M
JTWC 24S JASMINE   20220429 0000 209S 0532E 010 021 1009 1011 0435 10 425 -999 -999 -999 -999 S
JTWC 90W INVEST    20220501 1800 052N 1286E 280 032 1007 1009 0139 08 055 -999 -999 -999 -999 S
JTWC 90W INVEST    20220502 0000 055N 1284E 290 026 1006 1009 0139 08 055 -999 -999 -999 -999 S
JTWC 90W INVEST    20220502 0600 057N 1279E 300 026 1005 1006 0185 10 055 -999 -999 -999 -999 S
JTWC 90W INVEST    20220502 1200 059N 1279E 315 016 1006 1008 0213 10 055 -999 -999 -999 -999 S
JTWC 92B INVEST    20220506 0000 087N 0927E 305 016 1005 1007 0333 08 092 -999 -999 -999 -999 S
JTWC 90S INVEST    20220506 0000 061S 0880E 140 021 1004 1007 0463 10 259 -999 -999 -999 -999 S
JTWC 92B INVEST    20220506 0600 087N 0930E 315 032 1004 1006 0296 10 092 -999 -999 -999 -999 S
JTWC 90S INVEST    20220506 0600 059S 0877E 165 016 1003 1006 0426 13 259 -999 -999 -999 -999 S
JTWC 92B INVEST    20220506 1200 086N 0925E 310 037 1003 1005 0370 13 092 -999 -999 -999 -999 S
JTWC 90S INVEST    20220506 1200 065S 0879E 170 021 1002 1005 0426 13 092 -999 -999 -999 -999 S
JTWC 92B INVEST    20220506 1800 084N 0925E 305 032 1002 1006 0389 15 092 -999 -999 -999 -999 S
JTWC 90S INVEST    20220506 1800 077S 0887E 155 042 1002 1004 0222 15 074 -999 -999 -999 -999 S
JTWC 92B INVEST    20220507 0000 092N 0919E 315 042 1002 1006 0389 15 092 -999 -999 -999 -999 S
JTWC 90S INVEST    20220507 0000 082S 0889E 155 047 1002 1004 0222 15 074 -999 -999 -999 -999 S
JTWC 90S INVEST    20220507 0600 076S 0895E 140 032 0999 1004 0370 15 074 -999 -999 -999 -999 S
JTWC 02B TWO       20220507 0600 096N 0913E 310 042 0999 1005 0417 20 064 0084 0084 0084 0111 M
JTWC 25S KARIM     20220507 1200 085S 0900E 145 037 0994 1003 0352 20 064 0084 0241 0287 0222 M
JTWC 02B TWO       20220507 1200 101N 0905E 310 047 0995 1003 0389 23 046 0056 0121 0102 0056 M
JTWC 25S KARIM     20220507 1800 091S 0903E 150 037 0992 1003 0380 23 064 0093 0250 0213 0185 M
JTWC 02B TWO       20220507 1800 106N 0899E 310 042 0992 1003 0407 26 018 0074 0093 0102 0121 M
JTWC 25S KARIM     20220508 0000 100S 0906E 155 042 0988 1003 0407 28 037 0185 0195 0278 0139 M
JTWC 02B TWO       20220508 0000 111N 0890E 305 047 0986 1003 0444 31 027 0148 0093 0130 0158 M
JTWC 25S KARIM     20220508 0600 103S 0903E 170 032 0986 1003 0407 28 046 0185 0195 0278 0139 M
JTWC 02B ASANI     20220508 0600 117N 0886E 315 042 0981 1003 0444 33 027 0195 0222 0185 0121 D
JTWC 25S KARIM     20220508 1200 108S 0905E 165 026 0982 1003 0407 31 037 0232 0259 0241 0250 D
JTWC 02B ASANI     20220508 1200 126N 0878E 315 052 0982 1003 0444 33 027 0213 0204 0148 0176 D
JTWC 25S KARIM     20220508 1800 111S 0907E 160 026 0983 1003 0407 31 018 0185 0176 0241 0176 M
JTWC 02B ASANI     20220508 1800 132N 0868E 315 052 0982 1003 0463 33 027 0222 0204 0222 0148 D
JTWC 25S KARIM     20220509 0000 115S 0909E 155 021 0983 1003 0407 31 027 0195 0204 0250 0167 M
JTWC 02B ASANI     20220509 0000 140N 0861E 315 052 0988 1004 0500 28 046 0213 0185 0167 0130 M
JTWC 25S KARIM     20220509 0600 123S 0908E 165 032 0983 1003 0426 31 027 0232 0232 0176 0167 D
JTWC 02B ASANI     20220509 0600 144N 0855E 315 047 0984 1002 0417 31 046 0213 0195 0130 0167 D
JTWC 25S KARIM     20220509 1200 132S 0909E 170 037 0984 1003 0426 31 027 0204 0241 0176 0158 D
JTWC 02B ASANI     20220509 1200 142N 0847E 295 042 0986 1002 0417 28 046 0232 0204 0167 0204 D
JTWC 25S KARIM     20220509 1800 141S 0911E 170 042 0984 1003 0426 31 027 0222 0232 0176 0148 D
JTWC 02B ASANI     20220509 1800 147N 0842E 300 037 0986 1002 0417 28 046 0232 0176 0195 0213 D
JTWC 25S KARIM     20220510 0000 154S 0916E 165 057 0987 1005 0528 31 055 0250 0241 0148 0185 D
JTWC 02B ASANI     20220510 0000 148N 0839E 300 032 0976 0998 0241 33 055 0204 0195 0176 0176 D
JTWC 25S KARIM     20220510 0600 166S 0920E 165 062 0988 1006 0537 31 055 0250 0213 0204 0213 D
JTWC 02B ASANI     20220510 0600 149N 0823E 285 042 0977 0999 0241 33 037 0213 0213 0204 0250 D
JTWC 25S KARIM     20220510 1200 176S 0925E 160 067 0990 1005 0537 28 055 0241 0232 0139 0148 D
JTWC 02B ASANI     20220510 1200 153N 0818E 285 042 0979 0998 0241 31 037 0241 0204 0185 0232 D
JTWC 25S KARIM     20220510 1800 187S 0932E 155 062 0989 1005 0463 26 055 0407 0463 0315 0370 D
JTWC 02B ASANI     20220510 1800 154N 0812E 285 037 0982 0999 0222 28 037 0259 0269 0241 0167 D
JTWC 25S KARIM     20220511 0000 196S 0939E 150 067 0994 1005 0463 23 055 0195 0306 0259 0185 D
JTWC 02B ASANI     20220511 0000 157N 0807E 285 037 0986 0999 0278 26 037 0139 0176 0176 0158 D
JTWC 25S KARIM     20220511 0600 191S 0951E 120 047 0994 1005 0463 23 055 0232 0241 0185 0176 S
JTWC 02B ASANI     20220511 0600 157N 0811E 285 026 0993 1001 0213 20 037 0111 0148 0158 0084 M
JTWC 25S KARIM     20220511 1200 188S 0966E 090 057 0997 1006 0463 20 046 0148 0361 0296 0158 S
JTWC 02B ASANI     20220511 1200 160N 0810E 300 021 0995 1000 0195 18 037 0047 0084 0074 0074 S
JTWC 91P INVEST    20220517 0000 137S 1716E 165 021 1007 1012 0296 13 111 -999 -999 -999 -999 S
JTWC 91P INVEST    20220517 0600 138S 1719E 150 016 1006 1009 0241 13 092 -999 -999 -999 -999 S
JTWC 91P INVEST    20220517 1200 143S 1715E 180 016 1004 1009 0278 15 055 -999 -999 -999 -999 S
JTWC 91P INVEST    20220517 1800 149S 1713E 195 021 1004 1010 0278 15 064 -999 -999 -999 -999 M
JTWC 91P INVEST    20220518 0000 156S 1706E 210 037 1005 1011 0278 15 064 -999 -999 -999 -999 M
JTWC 91P INVEST    20220518 0600 153S 1697E 240 037 1007 1009 0204 13 055 -999 -999 -999 -999 M
JTWC 26P TWENTY-SI 20220518 1200 149S 1693E 275 032 1002 1009 0213 18 055 -999 -999 0056 -999 M
JTWC 26P TWENTY-SI 20220518 1800 152S 1692E 280 021 1003 1009 0213 18 055 0148 0093 0084 -999 M
JTWC 26P GINA      20220519 0000 157S 1690E 240 016 1004 1009 0278 18 055 0037 0148 0037 -999 M
JTWC 26P GINA      20220519 0600 163S 1687E 215 026 1005 1009 0148 18 037 0037 0148 0037 -999 M
JTWC 26P GINA      20220519 1200 173S 1688E 190 037 1005 1009 0232 18 037 0084 0111 0065 0065 M
JTWC 26P GINA      20220519 1800 172S 1682E 205 032 1004 1009 0232 18 037 0065 0084 0074 0065 M
JTWC 93B INVEST    20220520 0000 160N 0966E 045 021 0999 1004 0176 15 027 -999 -999 -999 -999 S
JTWC 26P GINA      20220520 0000 183S 1678E 205 037 1005 1010 0167 18 027 0111 0111 -999 -999 M
JTWC 93B INVEST    20220520 0600 166N 0974E 045 032 0999 1004 0148 15 027 -999 -999 -999 -999 S
JTWC 26P GINA      20220520 0600 186S 1677E 200 032 1005 1010 0167 18 027 0111 0111 -999 -999 M
JTWC 93B INVEST    20220520 1200 171N 0976E 035 032 1003 1006 0148 13 027 -999 -999 -999 -999 S
JTWC 26P GINA      20220520 1200 192S 1673E 205 032 1003 1009 0185 18 027 -999 0148 -999 -999 M
JTWC 26P GINA      20220520 1800 192S 1682E 155 016 1003 1009 0185 18 046 -999 0148 -999 -999 M
JTWC 26P GINA      20220521 0000 199S 1694E 125 037 1004 1009 0185 18 046 -999 0148 -999 -999 M
JTWC 26P GINA      20220521 0600 207S 1697E 130 042 1004 1009 0176 18 111 -999 0111 0102 0010 M
JTWC 26P GINA      20220521 1200 208S 1708E 125 052 1006 1009 0204 15 101 -999 -999 -999 -999 S
JTWC 26P GINA      20220521 1800 206S 1711E 110 032 1006 1010 0278 18 138 0102 0139 0074 0084 M
JTWC 26P GINA      20220522 0000 205S 1715E 095 026 1004 1010 0278 18 138 0121 0195 -999 -999 M
JTWC 26P GINA      20220522 1800 221S 1715E 180 026 1006 1009 0296 13 138 -999 -999 -999 -999 S
NHC  91E INVEST    20220526 0000 120N 0940W 345 031 1009 1011 0334 13 241 -999 -999 -999 -999 S -999 -999 -999 -999 -9 -99N -999W -999 -999 -999 -999 
NHC  91E INVEST    20220526 0600 123N 0942W 340 021 1009 1011 0334 13 241 -999 -999 -999 -999 S -999 -999 -999 -999 -9 -99N -999W -999 -999 -999 -999 
NHC  91E INVEST    20220526 1200 127N 0945W 335 021 1009 1011 0334 13 241 -999 -999 -999 -999 S -999 -999 -999 -999 -9 -99N -999W -999 -999 -999 -999 
NHC  91E INVEST    20220526 1800 124N 0938W 005 015 1009 1011 0334 13 130 -999 -999 -999 -999 S -999 -999 -999 -999 -9 -99N -999W -999 -999 -999 -999 
NHC  91E INVEST    20220527 0000 125N 0949W 295 021 1008 1010 0334 13 130 -999 -999 -999 -999 S -999 -999 -999 -999 -9 -99N -999W -999 -999 -999 -999 
NHC  91E INVEST    20220527 0600 127N 0953W 295 021 1008 1010 0278 13 130 -999 -999 -999 -999 S -999 -999 -999 -999 -9 -99N -999W -999 -999 -999 -999 
NHC  91E INVEST    20220527 1200 130N 0964W 285 036 1008 1010 0278 13 130 -999 -999 -999 -999 S -999 -999 -999 -999 -9 -99N -999W -999 -999 -999 -999 
NHC  91E INVEST    20220527 1800 130N 0975W 275 046 1008 1010 0278 13 111 -999 -999 -999 -999 S -999 -999 -999 -999 -9 -99N -999W -999 -999 -999 -999 
NHC  91E INVEST    20220528 0000 128N 0977W 265 036 1006 1010 0278 15 074 -999 -999 -999 -999 S -999 -999 -999 -999 -9 -99N -999W -999 -999 -999 -999 
NHC  01E ONE       20220528 0000 128N 0977W 265 036 1006 1010 0278 15 074 -999 -999 -999 -999 S -999 -999 -999 -999 -9 -99N -999W -999 -999 -999 -999 
NHC  01E ONE       20220528 0600 128N 0980W 260 021 1005 1010 0278 15 056 -999 -999 -999 -999 M -999 -999 -999 -999 72 157N  969W -999 -999 -999 -999 
NHC  01E AGATHA    20220528 1200 131N 0983W 285 021 1002 1009 0278 21 056 0074 0056 -999 -999 M -999 -999 -999 -999 72 162N  962W -999 -999 -999 -999 
NHC  01E AGATHA    20220528 1800 136N 0980W 350 021 1000 1009 0278 23 056 0111 0093 -999 0111 M -999 -999 -999 -999 72 168N  957W -999 -999 -999 -999 
NHC  01E AGATHA    20220528 1800 136N 0980W 350 021 0998 1009 0278 26 037 0111 0093 0056 0111 M 0037 -999 -999 -999 72 168N  957W -999 -999 -999 -999 
NHC  01E AGATHA    20220529 0000 138N 0986W 325 021 0998 1009 0278 26 037 0111 0093 0056 0111 M 0037 0037 -999 -999 72 175N  945W -999 -999 -999 -999 
NHC  01E AGATHA    20220529 0600 140N 0988W 325 015 0996 1009 0278 28 037 0130 0093 0056 0130 M 0037 0037 -999 0037 48 159N  964W -999 -999 -999 -999 
NHC  01E AGATHA    20220529 1200 140N 0992W 305 010 0985 1008 0278 36 019 0130 0111 0074 0130 D 0056 0056 0037 0056 48 163N  961W 0028 0028 -999 0019 
NHC  01E AGATHA    20220529 1200 140N 0991W 305 010 0981 1008 0278 39 019 0130 0111 0074 0130 D 0056 0056 0037 0056 48 163N  961W 0028 0028 -999 0019 
NHC  01E AGATHA    20220529 1800 142N 0990W 360 010 0970 1008 0278 46 019 0148 0130 0093 0130 D 0056 0056 0037 0056 48 166N  958W 0028 0028 0019 0028 
NHC  01E AGATHA    20220529 1800 140N 0988W 360 005 0970 1008 0278 46 019 0148 0130 0093 0130 D 0056 0056 0037 0056 48 166N  958W 0028 0028 0019 0028 
NHC  01E AGATHA    20220530 0000 143N 0984W 055 021 0964 1008 0278 49 009 0148 0130 0093 0130 D 0056 0056 0037 0056 48 171N  952W 0028 0028 0019 0028 
NHC  01E AGATHA    20220530 0600 146N 0980W 055 026 0964 1008 0259 49 009 0148 0148 0074 0148 D 0056 0056 0037 0056 48 176N  944W 0028 0028 0019 0028 
NHC  01E AGATHA    20220530 1200 151N 0974W 050 036 0964 1008 0259 49 009 0148 0148 0093 0130 D 0056 0056 0037 0056 36 169N  947W 0028 0028 0019 0028 
NHC  01E AGATHA    20220530 1800 154N 0969W 055 036 0974 1008 0222 46 009 0148 0111 0093 0111 D 0074 0056 0056 0056 36 176N  942W 0037 0037 0037 0028 
NHC  01E AGATHA    20220531 0000 159N 0964W 050 036 0981 1006 0222 36 019 0130 0111 0074 0093 D 0074 0056 0037 0037 36 180N  938W 0028 0028 0019 0019 
NHC  01E AGATHA    20220531 0600 165N 0958W 045 041 0998 1008 0167 26 019 0093 0111 0056 0037 D -999 0056 -999 -999 12 169N  954W -999 -999 -999 -999 
NHC  01E AGATHA    20220531 1200 170N 0953W 045 041 1004 1007 0222 15 056 -999 -999 -999 -999 S -999 -999 -999 -999 12 172N  950W -999 -999 -999 -999 
NHC  91L INVEST    20220601 1200 187N 0874W 015 031 1006 1008 0222 13 185 -999 -999 -999 -999 S -999 -999 -999 -999 -9 -99N -999W -999 -999 -999 -999 
NHC  91L INVEST    20220601 1800 190N 0875W 015 026 1007 1008 0334 13 222 -999 -999 -999 -999 S -999 -999 -999 -999 -9 -99N -999W -999 -999 -999 -999 
NHC  91L INVEST    20220602 0000 196N 0868W 035 031 1004 1008 0371 15 185 -999 -999 -999 -999 S -999 -999 -999 -999 -9 -99N -999W -999 -999 -999 -999 
NHC  91L INVEST    20220602 0600 203N 0869W 020 031 1003 1008 0371 15 185 -999 -999 -999 -999 S -999 -999 -999 -999 -9 -99N -999W -999 -999 -999 -999 
NHC  91L INVEST    20220602 1200 210N 0871W 360 031 1003 1008 0371 15 185 -999 -999 -999 -999 S -999 -999 -999 -999 -9 -99N -999W -999 -999 -999 -999 
NHC  91L INVEST    20220602 1800 213N 0875W 360 026 1004 1008 0371 15 185 -999 -999 -999 -999 S -999 -999 -999 -999 -9 -99N -999W -999 -999 -999 -999 
NHC  01L ONE       20220602 1800 213N 0875W 360 026 1004 1008 0371 15 185 -999 -999 -999 -999 S -999 -999 -999 -999 -9 -99N -999W -999 -999 -999 -999 
NHC  01L ONE       20220603 0000 215N 0876W 335 015 1003 1008 0371 15 185 -999 -999 -999 -999 S -999 -999 -999 -999 72 306N  760W -999 -999 -999 -999 
NHC  01L ONE       20220603 0600 219N 0869W 040 021 1003 1008 0463 18 083 0093 0093 -999 -999 S -999 -999 -999 -999 72 316N  741W -999 -999 -999 -999 
NHC  92L INVEST    20220603 1200 309N 0688W 060 036 1009 1012 0185 10 056 -999 -999 -999 -999 S -999 -999 -999 -999 -9 -99N -999W -999 -999 -999 -999 
NHC  01L ONE       20220603 1200 222N 0870W 010 021 1002 1008 0463 18 083 0093 0093 -999 -999 S -999 -999 -999 -999 72 325N  702W -999 -999 -999 -999 
NHC  92L INVEST    20220603 1800 310N 0679W 075 041 1009 1012 0185 13 056 -999 -999 -999 -999 S -999 -999 -999 -999 -9 -99N -999W -999 -999 -999 -999 
NHC  01L ONE       20220603 1800 227N 0863W 040 026 1003 1009 0463 18 278 0278 0278 -999 -999 S -999 -999 -999 -999 72 327N  688W -999 -999 -999 -999 
NHC  01L ONE       20220604 0000 240N 0845W 045 051 1003 1008 0463 18 278 0278 0278 -999 -999 S -999 -999 -999 -999 72 331N  668W -999 -999 -999 -999 
NHC  01L ONE       20220604 0600 251N 0838W 045 088 1003 1008 0500 18 445 -999 0445 -999 -999 S -999 -999 -999 -999 72 343N  644W -999 -999 -999 -999 
NHC  01L ONE       20220604 1200 261N 0820W 045 088 1002 1009 0556 18 445 -999 0445 -999 -999 S -999 -999 -999 -999 72 347N  615W -999 -999 -999 -999 
NHC  01L ONE       20220604 1800 273N 0805W 050 093 1001 1009 0556 21 278 0278 0334 -999 -999 S -999 -999 -999 -999 72 357N  569W -999 -999 -999 -999 
NHC  01L ONE       20220605 0000 280N 0789W 055 088 1000 1008 0556 21 278 0278 0334 -999 -999 S -999 -999 -999 -999 72 369N  543W -999 -999 -999 -999 
NHC  01L ALEX      20220605 0600 286N 0775W 065 077 0995 1008 0556 23 204 0278 0334 -999 0056 M -999 -999 -999 -999 72 347N  551W -999 -999 -999 -999 
NHC  01L ALEX      20220605 1200 299N 0750W 060 103 0993 1008 0556 26 167 0278 0334 -999 0056 M -999 0167 -999 -999 72 342N  526W -999 -999 -999 -999 
NHC  01L ALEX      20220605 1800 309N 0725W 060 124 0991 1008 0556 28 148 0278 0334 0130 0130 M -999 0167 0074 0074 72 350N  503W -999 -999 -999 -999 
NHC  01L ALEX      20220606 0000 321N 0701W 060 124 0986 1008 0371 31 074 0297 0334 0148 0148 M -999 0167 0074 0074 72 357N  485W -999 -999 -999 -999 
NHC  01L ALEX      20220606 0600 330N 0680W 060 108 0986 1010 0463 31 093 0315 0334 0148 0148 M -999 0167 0074 0074 36 374N  543W -999 -999 -999 -999 
NHC  01L ALEX      20220606 1200 337N 0652W 065 118 0992 1012 0463 28 093 0315 0334 0148 0148 M -999 0167 0074 0074 36 395N  498W -999 -999 -999 -999 
NHC  01L ALEX      20220606 1800 347N 0622W 065 129 0993 1013 0500 26 093 0315 0315 0185 0185 M -999 0167 0074 0074 36 410N  460W -999 -999 -999 -999 
NHC  02E TWO-E     20220614 0600 135N 1024W 345 015 1005 1008 0334 15 093 -999 -999 -999 -999 S -999 -999 -999 -999 -9 -99N -999W -999 -999 -999 -999 
NHC  02E BLAS      20220614 1200 138N 1021W 360 015 1002 1008 0334 21 074 0074 0074 -999 -999 M -999 -999 -999 -999 72 161N 1076W -999 -999 -999 -999 
NHC  02E BLAS      20220614 1800 145N 1020W 020 021 1000 1008 0334 23 074 0093 0111 0037 0056 M -999 -999 -999 -999 72 166N 1085W -999 -999 -999 -999 
NHC  02E BLAS      20220615 0000 149N 1021W 350 021 1000 1008 0334 23 074 0111 0111 0037 0056 M -999 -999 -999 -999 72 175N 1094W -999 -999 -999 -999 
NHC  02E BLAS      20220615 0600 153N 1024W 335 026 0994 1008 0334 28 056 0093 0093 0074 0074 M 0056 -999 -999 -999 72 179N 1101W -999 -999 -999 -999 
NHC  02E BLAS      20220615 1200 150N 1027W 290 015 0991 1008 0371 31 037 0074 0074 0074 0074 M 0037 0037 -999 0037 72 184N 1110W -999 -999 -999 -999 
NHC  02E BLAS      20220615 1200 150N 1027W 290 015 0988 1008 0371 33 019 0074 0074 0074 0074 M 0037 0037 0037 0037 72 184N 1110W -999 -999 0019 -999 
NHC  02E BLAS      20220615 1800 150N 1029W 290 021 0980 1008 0371 39 028 0111 0148 0148 0148 D 0056 0074 0074 0056 72 182N 1116W -999 0028 0028 -999 
NHC  02E BLAS      20220616 0000 152N 1033W 290 026 0980 1006 0334 39 028 0111 0148 0148 0148 D 0056 0074 0074 0056 72 183N 1123W -999 0028 0028 -999 
NHC  02E BLAS      20220616 0600 156N 1037W 300 026 0981 1006 0334 39 028 0111 0148 0148 0148 D 0056 0074 0074 0056 72 186N 1131W -999 0028 0028 -999 
NHC  02E BLAS      20220616 1200 158N 1043W 290 031 0980 1007 0334 39 028 0130 0148 0148 0148 D 0074 0074 0074 0056 72 189N 1136W 0019 0028 0028 -999 
NHC  03E THREE     20220616 1800 107N 0899W 350 010 1006 1009 0222 15 074 -999 -999 -999 -999 S -999 -999 -999 -999 -9 -99N -999W -999 -999 -999 -999 
NHC  02E BLAS      20220616 1800 160N 1051W 285 036 0980 1007 0278 39 028 0204 0148 0148 0148 D 0074 0074 0074 0056 72 190N 1143W 0028 0028 0028 -999 
NHC  03E THREE     20220617 0000 109N 0901W 350 010 1006 1009 0185 15 074 -999 -999 -999 -999 M -999 -999 -999 -999 72 129N  918W -999 -999 -999 -999 
NHC  02E BLAS      20220617 0000 164N 1060W 290 046 0980 1007 0297 39 028 0222 0148 0148 0167 D 0074 0074 0074 0056 72 188N 1157W 0028 0028 0028 -999 
NHC  03E THREE     20220617 0600 110N 0895W 055 015 1006 1009 0185 15 074 -999 -999 -999 -999 M -999 -999 -999 -999 72 125N  933W -999 -999 -999 -999 
NHC  02E BLAS      20220617 0600 168N 1069W 290 046 0980 1007 0297 39 028 0222 0148 0148 0167 D 0074 0074 0056 0074 72 185N 1160W 0028 0028 0028 -999 
NHC  03E THREE     20220617 1200 115N 0894W 020 021 1004 1009 0185 18 056 -999 0056 0056 0056 M -999 -999 -999 -999 72 122N  936W -999 -999 -999 -999 
NHC  02E BLAS      20220617 1200 176N 1084W 295 062 0980 1007 0297 39 028 0222 0148 0148 0167 D 0074 0074 0056 0074 72 183N 1159W 0028 0028 0028 -999 
NHC  02E BLAS      20220617 1200 176N 1084W 295 062 0976 1007 0297 41 028 0222 0148 0148 0167 D 0074 0074 0056 0074 72 183N 1159W 0028 0028 0028 -999 
NHC  03E CELIA     20220617 1800 117N 0894W 360 015 1004 1009 0185 18 056 -999 0056 0056 0056 M -999 -999 -999 -999 72 117N  942W -999 -999 -999 -999 
NHC  02E BLAS      20220617 1800 173N 1095W 280 062 0980 1008 0371 39 028 0222 0148 0130 0167 D 0074 0074 0056 0074 72 187N 1163W 0028 0028 -999 0019 
NHC  03E CELIA     20220618 0000 119N 0891W 030 015 1005 1009 0185 15 056 -999 -999 -999 -999 S -999 -999 -999 -999 72 116N  958W -999 -999 -999 -999 
NHC  02E BLAS      20220618 0000 175N 1099W 285 046 0987 1008 0371 33 028 0222 0148 0130 0167 M 0074 0074 0056 0074 72 182N 1165W 0028 0028 -999 0019 
NHC  03E CELIA     20220618 0600 124N 0893W 345 021 1006 1010 0185 15 056 -999 -999 -999 -999 S -999 -999 -999 -999 72 119N  966W -999 -999 -999 -999 
NHC  02E BLAS      20220618 0600 177N 1105W 280 041 0990 1008 0371 28 028 0130 0130 0093 0111 M 0037 0037 -999 0037 72 185N 1163W -999 -999 -999 -999 
NHC  03E CELIA     20220618 1200 128N 0898W 320 026 1006 1010 0185 15 056 -999 -999 -999 -999 S -999 -999 -999 -999 72 124N  979W -999 -999 -999 -999 
NHC  02E BLAS      20220618 1200 179N 1108W 290 021 0995 1008 0371 26 037 0130 0130 0093 0111 M 0037 0037 -999 -999 72 187N 1166W -999 -999 -999 -999 
NHC  03E CELIA     20220618 1800 129N 0901W 300 015 1007 1010 0185 13 037 -999 -999 -999 -999 S -999 -999 -999 -999 72 125N  992W -999 -999 -999 -999 
NHC  02E BLAS      20220618 1800 183N 1113W 305 026 0998 1008 0371 23 056 0130 0130 -999 0111 M -999 -999 -999 -999 72 192N 1167W -999 -999 -999 -999 
NHC  03E CELIA     20220619 0000 131N 0902W 310 010 1007 1010 0185 13 037 -999 -999 -999 -999 S -999 -999 -999 -999 72 125N 1002W -999 -999 -999 -999 
NHC  02E BLAS      20220619 0000 186N 1116W 310 026 0998 1008 0371 23 056 0130 0130 -999 0111 M -999 -999 -999 -999 72 189N 1172W -999 -999 -999 -999 
NHC  03E CELIA     20220619 0600 131N 0909W 270 026 1008 1010 0185 13 037 -999 -999 -999 -999 S -999 -999 -999 -999 72 129N 1009W -999 -999 -999 -999 
NHC  02E BLAS      20220619 0600 188N 1121W 295 026 1001 1008 0371 21 056 0111 0111 -999 0093 M -999 -999 -999 -999 72 190N 1175W -999 -999 -999 -999 
NHC  03E CELIA     20220619 1200 129N 0919W 265 031 1008 1010 0185 13 037 -999 -999 -999 -999 S -999 -999 -999 -999 72 130N 1017W -999 -999 -999 -999 
NHC  02E BLAS      20220619 1200 190N 1128W 290 026 1001 1008 0371 21 056 0111 0111 -999 0093 M -999 -999 -999 -999 72 190N 1182W -999 -999 -999 -999 
NHC  03E CELIA     20220619 1800 127N 0931W 260 051 1008 1011 0241 13 074 -999 -999 -999 -999 S -999 -999 -999 -999 72 129N 1027W -999 -999 -999 -999 
NHC  02E BLAS      20220619 1800 191N 1123W 315 010 1004 1009 0371 18 056 0111 -999 -999 0093 M -999 -999 -999 -999 72 193N 1184W -999 -999 -999 -999 
NHC  03E CELIA     20220620 0000 125N 0937W 260 041 1008 1011 0241 13 074 -999 -999 -999 -999 S -999 -999 -999 -999 72 130N 1036W -999 -999 -999 -999 
NHC  02E BLAS      20220620 0000 191N 1127W 300 010 1004 1009 0371 18 056 0111 -999 -999 0093 M -999 -999 -999 -999 48 196N 1158W -999 -999 -999 -999 
NHC  03E CELIA     20220620 0600 120N 0939W 250 036 1008 1011 0241 13 074 -999 -999 -999 -999 S -999 -999 -999 -999 72 135N 1041W -999 -999 -999 -999 
NHC  02E BLAS      20220620 0600 191N 1131W 275 021 1005 1010 0371 15 056 -999 -999 -999 -999 M -999 -999 -999 -999 48 197N 1164W -999 -999 -999 -999 
NHC  03E CELIA     20220620 1200 117N 0944W 240 026 1008 1011 0241 13 074 -999 -999 -999 -999 S -999 -999 -999 -999 72 140N 1047W -999 -999 -999 -999 
NHC  02E BLAS      20220620 1200 192N 1133W 275 015 1005 1009 0334 15 074 -999 -999 -999 -999 M -999 -999 -999 -999 48 196N 1168W -999 -999 -999 -999 
NHC  03E CELIA     20220620 1800 119N 0958W 275 057 1006 1010 0222 15 074 -999 -999 -999 -999 S -999 -999 -999 -999 72 146N 1052W -999 -999 -999 -999 
NHC  03E CELIA     20220621 0000 118N 0969W 270 057 1006 1010 0222 15 074 -999 -999 -999 -999 S -999 -999 -999 -999 72 154N 1065W -999 -999 -999 -999 
NHC  03E CELIA     20220621 0600 116N 0980W 265 057 1006 1010 0222 15 074 -999 -999 -999 -999 M -999 -999 -999 -999 72 157N 1074W -999 -999 -999 -999 
NHC  03E CELIA     20220621 1200 116N 0989W 265 051 1005 1010 0222 18 074 0093 -999 -999 0093 M -999 -999 -999 -999 72 158N 1084W -999 -999 -999 -999 
NHC  03E CELIA     20220621 1800 123N 1008W 285 072 1004 1010 0389 21 111 -999 -999 0130 -999 M -999 -999 -999 -999 72 158N 1089W -999 -999 -999 -999 
NHC  03E CELIA     20220622 0000 128N 1014W 295 057 1004 1010 0389 21 093 -999 -999 0093 -999 M -999 -999 -999 -999 72 166N 1100W -999 -999 -999 -999 
NHC  03E CELIA     20220622 0600 132N 1025W 295 057 1004 1010 0389 21 093 -999 0093 0093 -999 M -999 -999 -999 -999 72 171N 1106W -999 -999 -999 -999 
NHC  03E CELIA     20220622 1200 136N 1034W 295 057 1003 1009 0334 21 093 -999 0093 0093 -999 M -999 -999 -999 -999 72 174N 1113W -999 -999 -999 -999 
NHC  03E CELIA     20220622 1800 137N 1038W 290 036 1003 1009 0334 21 093 -999 0111 0111 -999 M -999 -999 -999 -999 72 179N 1114W -999 -999 -999 -999 
NHC  03E CELIA     20220622 1800 136N 1039W 290 041 1001 1009 0334 23 093 0074 0111 0111 0074 M -999 -999 -999 -999 72 179N 1114W -999 -999 -999 -999 
NHC  03E CELIA     20220623 0000 139N 1041W 295 026 1000 1009 0334 23 093 0074 0111 0111 0074 M -999 -999 -999 -999 72 180N 1119W -999 -999 -999 -999 
NHC  03E CELIA     20220623 0600 151N 1047W 320 046 1000 1009 0334 23 093 0074 0111 0111 0074 M -999 -999 -999 -999 72 181N 1124W -999 -999 -999 -999 
NHC  03E CELIA     20220623 1200 158N 1056W 325 062 1000 1009 0389 23 074 0111 0093 0074 0093 M -999 -999 -999 -999 72 191N 1133W -999 -999 -999 -999 
NHC  03E CELIA     20220623 1200 156N 1056W 320 057 1000 1009 0389 23 074 0111 0093 0074 0093 M -999 -999 -999 -999 72 191N 1133W -999 -999 -999 -999 
NHC  03E CELIA     20220623 1800 162N 1064W 305 051 1000 1008 0389 23 074 0111 0093 0074 0093 M -999 -999 -999 -999 72 191N 1138W -999 -999 -999 -999 
NHC  03E CELIA     20220624 0000 166N 1072W 295 046 0999 1008 0389 23 074 0111 0093 0074 0093 M -999 -999 -999 -999 72 193N 1141W -999 -999 -999 -999 
NHC  03E CELIA     20220624 0600 169N 1081W 295 046 0997 1008 0389 26 056 0167 0111 0074 0093 M 0056 -999 -999 -999 72 197N 1149W -999 -999 -999 -999 
NHC  03E CELIA     20220624 1200 170N 1088W 285 041 0996 1009 0463 28 056 0167 0111 0074 0093 M 0056 -999 -999 -999 72 200N 1162W -999 -999 -999 -999 
NHC  03E CELIA     20220624 1800 170N 1087W 280 026 0993 1009 0500 28 037 0204 0130 -999 -999 M -999 0037 -999 -999 72 202N 1173W -999 -999 -999 -999 
NHC  03E CELIA     20220624 1800 170N 1087W 280 026 0993 1009 0500 28 037 0167 0111 -999 -999 M 0056 0056 -999 -999 72 202N 1173W -999 -999 -999 -999 
NHC  03E CELIA     20220624 1800 170N 1087W 280 026 0992 1009 0500 31 037 0167 0111 0056 0056 M 0056 0056 -999 -999 72 202N 1173W -999 -999 -999 -999 
NHC  03E CELIA     20220625 0000 176N 1093W 300 031 0993 1009 0556 28 093 0167 0130 -999 -999 M 0093 0093 -999 -999 72 202N 1182W -999 -999 -999 -999 
NHC  03E CELIA     20220625 0600 179N 1098W 305 031 0993 1009 0556 28 093 0167 0130 0093 0093 M 0093 0093 -999 0074 72 209N 1198W -999 -999 -999 -999 
NHC  03E CELIA     20220625 1200 183N 1104W 305 031 0994 1009 0519 28 093 0167 0130 0093 0093 M 0093 0093 -999 0074 72 211N 1208W -999 -999 -999 -999 
NHC  03E CELIA     20220625 1800 185N 1112W 295 036 0995 1009 0445 26 074 0167 0130 0093 0093 M 0074 0074 -999 0056 72 215N 1211W -999 -999 -999 -999 
NHC  03E CELIA     20220626 0000 189N 1122W 295 041 0995 1009 0445 26 074 0167 0130 0093 0111 M 0074 0074 -999 0056 72 218N 1228W -999 -999 -999 -999 
NHC  03E CELIA     20220626 0600 191N 1127W 290 041 0997 1010 0426 23 074 0167 0130 0093 0111 M -999 -999 -999 -999 72 223N 1242W -999 -999 -999 -999 
NHC  03E CELIA     20220626 1200 190N 1133W 285 036 0997 1010 0426 23 074 0167 0130 0093 0111 M -999 -999 -999 -999 72 231N 1244W -999 -999 -999 -999 
NHC  03E CELIA     20220626 1800 194N 1138W 290 031 0997 1012 0426 23 074 0167 0130 0093 0111 M -999 -999 -999 -999 72 232N 1250W -999 -999 -999 -999 
NHC  03E CELIA     20220627 0000 198N 1146W 300 036 0995 1012 0426 26 056 0167 0167 0111 0130 M 0056 0037 -999 0037 72 237N 1254W -999 -999 -999 -999 
NHC  03E CELIA     20220627 0600 202N 1155W 300 041 1000 1012 0426 23 056 0074 0056 0056 0111 M -999 -999 -999 -999 72 239N 1258W -999 -999 -999 -999 
JTWC 94A INVEST    20220627 0600 208N 0669E 285 052 0997 1001 0139 15 055 -999 -999 -999 -999 M
NHC  03E CELIA     20220627 1200 206N 1164W 300 046 1002 1012 0426 21 056 0074 0056 0056 0093 M -999 -999 -999 -999 48 232N 1233W -999 -999 -999 -999 
JTWC 94A INVEST    20220627 1200 214N 0661E 295 052 0997 1001 0139 15 055 -999 -999 -999 -999 M
NHC  94L INVEST    20220627 1800 084N 0501W 275 077 1009 1012 0278 18 093 0093 -999 -999 0093 S -999 -999 -999 -999 -9 -99N -999W -999 -999 -999 -999 
NHC  03E CELIA     20220627 1800 207N 1175W 290 051 1004 1012 0426 18 056 0074 0037 0019 0093 M -999 -999 -999 -999 48 236N 1243W -999 -999 -999 -999 
NHC  02L TWO       20220627 1800 084N 0501W 275 077 1009 1012 0278 18 093 0093 -999 -999 0093 S -999 -999 -999 -999 -9 -99N -999W -999 -999 -999 -999 
JTWC 97W INVEST    20220627 1800 169N 1182E 290 088 1003 1005 0278 10 000 -999 -999 -999 -999 S
JTWC 94A INVEST    20220627 1800 210N 0660E 290 032 1003 1003 0139 10 046 -999 -999 -999 -999 M
NHC  03E CELIA     20220628 0000 211N 1183W 290 046 1004 1012 0445 18 056 0056 -999 -999 0074 M -999 -999 -999 -999 48 235N 1250W -999 -999 -999 -999 
NHC  02L TWO       20220628 0000 085N 0520W 275 077 1009 1012 0278 18 093 0093 -999 -999 0093 S -999 -999 -999 -999 72 121N  727W -999 -999 -999 -999 
JTWC 98W INVEST    20220628 0000 063N 1326E 280 032 1007 1009 0185 10 000 -999 -999 -999 -999 S
JTWC 97W INVEST    20220628 0000 172N 1175E 295 067 1003 1006 0278 10 037 -999 -999 -999 -999 S
JTWC 94A INVEST    20220628 0000 212N 0655E 290 026 1001 1003 0139 10 046 -999 -999 -999 -999 M
NHC  03E CELIA     20220628 0600 216N 1191W 295 046 1006 1012 0445 15 056 -999 -999 -999 -999 M -999 -999 -999 -999 48 238N 1255W -999 -999 -999 -999 
NHC  02L TWO       20220628 0600 091N 0542W 275 088 1009 1012 0278 18 093 0093 -999 -999 0093 S -999 -999 -999 -999 72 118N  754W -999 -999 -999 -999 
JTWC 97W INVEST    20220628 0600 160N 1160E 265 062 1003 1004 0232 10 111 -999 -999 -999 -999 S
NHC  03E CELIA     20220628 1200 221N 1200W 300 046 1006 1012 0445 15 056 -999 -999 -999 -999 M -999 -999 -999 -999 48 242N 1258W -999 -999 -999 -999 
NHC  02L TWO       20220628 1200 096N 0565W 280 103 1009 1012 0278 18 093 0093 -999 -999 0093 S -999 -999 -999 -999 72 119N  771W -999 -999 -999 -999 
JTWC 97W INVEST    20220628 1200 155N 1165E 240 037 1000 1003 0232 10 129 -999 -999 -999 -999 S
NHC  03E CELIA     20220628 1800 224N 1209W 295 046 1010 1013 0371 13 056 -999 -999 -999 -999 S -999 -999 -999 -999 48 246N 1265W -999 -999 -999 -999 
NHC  02L TWO       20220628 1800 100N 0583W 280 103 1009 1012 0278 18 093 0093 -999 -999 0093 S -999 -999 -999 -999 72 121N  787W -999 -999 -999 -999 
JTWC 97W INVEST    20220628 1800 164N 1173E 135 006 1000 1003 0232 10 129 -999 -999 -999 -999 S
NHC  02L TWO       20220629 0000 106N 0612W 285 124 1011 1013 0278 18 093 0093 -999 -999 0093 S -999 -999 -999 -999 72 120N  804W -999 -999 -999 -999 
JTWC 97W INVEST    20220629 0000 151N 1169E 135 021 0999 1001 0185 10 129 -999 -999 -999 -999 S
NHC  02L TWO       20220629 0600 111N 0643W 280 134 1010 1012 0334 18 093 0093 -999 -999 0093 S -999 -999 -999 -999 72 120N  829W -999 -999 -999 -999 
JTWC 97W INVEST    20220629 0600 159N 1165E 045 006 0999 1001 0185 10 129 -999 -999 -999 -999 S
NHC  02L TWO       20220629 1200 113N 0663W 280 134 1010 1013 0278 18 093 0093 -999 -999 0093 S -999 -999 -999 -999 72 118N  858W -999 -999 -999 -999 
JTWC 97W INVEST    20220629 1200 162N 1158E 315 021 0999 1001 0185 10 129 -999 -999 -999 -999 S
NHC  02L TWO       20220629 1800 115N 0681W 280 103 1010 1013 0222 18 093 0111 -999 -999 0111 S -999 -999 -999 -999 72 116N  862W -999 -999 -999 -999 
JTWC 04W FOUR      20220629 1800 151N 1148E 260 037 0995 0999 0370 15 138 -999 -999 -999 -999 S
NHC  02L TWO       20220630 0000 119N 0697W 280 093 1009 1013 0222 18 111 0130 -999 -999 0111 M -999 -999 -999 -999 72 112N  877W -999 -999 -999 -999 
JTWC 98W INVEST    20220630 0000 182N 1314E 030 032 1003 1005 0241 10 231 -999 -999 -999 -999 S
JTWC 04W FOUR      20220630 0000 154N 1152E 240 021 0994 1000 0278 18 157 -999 0074 0185 0167 S
NHC  95L INVEST    20220630 0600 262N 0962W 290 026 1013 1015 0222 15 148 -999 -999 -999 -999 S -999 -999 -999 -999 -9 -99N -999W -999 -999 -999 -999 
NHC  94E INVEST    20220630 0600 133N 1127W 275 093 1010 1012 0185 15 093 -999 -999 -999 -999 S -999 -999 -999 -999 -9 -99N -999W -999 -999 -999 -999 
NHC  02L TWO       20220630 0600 121N 0715W 280 088 1009 1012 0222 18 111 0130 -999 -999 0111 M -999 -999 -999 -999 72 115N  888W -999 -999 -999 -999 
NHC  02L TWO       20220630 0600 120N 0714W 280 082 1009 1012 0222 18 111 0130 -999 -999 0111 M -999 -999 -999 -999 72 115N  888W -999 -999 -999 -999 
JTWC 04W CHABA     20220630 0600 160N 1155E 000 011 0994 0999 0370 18 157 -999 0259 0158 -999 S
NHC  95L INVEST    20220630 1200 267N 0967W 310 031 1013 1015 0204 15 148 -999 -999 -999 -999 S -999 -999 -999 -999 -9 -99N -999W -999 -999 -999 -999 
NHC  94E INVEST    20220630 1200 135N 1143W 275 082 1010 1011 0185 15 093 -999 -999 -999 -999 S -999 -999 -999 -999 -9 -99N -999W -999 -999 -999 -999 
NHC  02L TWO       20220630 1200 120N 0731W 270 088 1008 1011 0222 18 111 0130 -999 -999 0111 M -999 -999 -999 -999 72 115N  896W -999 -999 -999 -999 
JTWC 04W CHABA     20220630 1200 170N 1153E 015 037 0991 1000 0370 20 157 0176 0176 0167 -999 M
NHC  95L INVEST    20220630 1800 273N 0962W 360 026 1014 1015 0204 15 148 -999 -999 -999 -999 S -999 -999 -999 -999 -9 -99N -999W -999 -999 -999 -999 
NHC  94E INVEST    20220630 1800 136N 1157W 275 077 1010 1011 0185 15 093 -999 -999 -999 -999 S -999 -999 -999 -999 -9 -99N -999W -999 -999 -999 -999 
NHC  02L TWO       20220630 1800 120N 0749W 270 088 1008 1011 0222 18 111 0130 -999 -999 0111 M -999 -999 -999 -999 72 118N  906W -999 -999 -999 -999 
JTWC 05W FIVE      20220630 1800 199N 1302E 325 032 1000 1005 0296 15 286 -999 -999 -999 -999 S
JTWC 04W CHABA     20220630 1800 176N 1147E 345 037 0987 0998 0343 23 120 0241 0259 0130 0204 M
NHC  02L TWO       20220701 0000 119N 0768W 270 093 1005 1008 0278 18 111 0130 -999 -999 0111 M -999 -999 -999 -999 72 125N  915W -999 -999 -999 -999 
JTWC 05W FIVE      20220701 0000 203N 1309E 355 026 0998 1007 0398 18 240 0121 0241 0185 0084 S
JTWC 04W CHABA     20220701 0000 183N 1141E 330 047 0985 0998 0296 26 120 0195 0222 0176 0158 M
NHC  95L INVEST    20220701 0600 282N 0965W 005 026 1014 1015 0204 13 130 -999 -999 -999 -999 S -999 -999 -999 -999 -9 -99N -999W -999 -999 -999 -999 
NHC  02L TWO       20220701 0600 116N 0785W 265 088 1005 1009 0222 18 111 0130 -999 -999 0111 M -999 -999 -999 -999 72 130N  930W -999 -999 -999 -999 
JTWC 05W AERE      20220701 0600 210N 1312E 015 032 0997 1006 0278 20 083 0148 0213 -999 -999 M
JTWC 04W CHABA     20220701 0600 190N 1136E 320 042 0982 1000 0463 28 083 0296 0343 0352 0232 D
NHC  02L TWO       20220701 1200 112N 0803W 260 088 1005 1009 0222 18 130 0185 -999 -999 0111 M -999 -999 -999 -999 72 133N  943W -999 -999 -999 -999 
JTWC 05W AERE      20220701 1200 222N 1312E 005 042 0997 1006 0232 20 083 0148 0213 -999 -999 M
JTWC 04W CHABA     20220701 1200 196N 1129E 320 047 0979 1000 0463 31 083 0296 0343 0352 0232 D
NHC  02L BONNIE    20220701 1800 113N 0818W 270 077 1004 1009 0222 21 130 0185 -999 -999 0111 M -999 -999 -999 -999 72 134N  962W -999 -999 -999 -999 
JTWC 05W AERE      20220701 1800 230N 1308E 350 047 0995 1007 0213 23 092 0158 0176 -999 0139 M
JTWC 04W CHABA     20220701 1800 201N 1121E 315 047 0975 0998 0389 33 064 0287 0269 0185 0250 D
NHC  02L BONNIE    20220702 0000 109N 0832W 265 072 0997 1008 0222 23 019 0185 0028 0028 0111 M -999 -999 -999 -999 72 141N  977W -999 -999 -999 -999 
JTWC 05W AERE      20220702 0000 245N 1303E 345 062 0994 1006 0204 23 083 0204 0232 0102 0158 M
JTWC 04W CHABA     20220702 0000 206N 1116E 315 042 0969 0999 0398 38 055 0269 0259 0185 0232 D
NHC  96L INVEST    20220702 0600 330N 0798W 025 036 1012 1017 0204 18 093 0074 0111 -999 -999 S -999 -999 -999 -999 -9 -99N -999W -999 -999 -999 -999 
NHC  94E INVEST    20220702 0600 158N 1247W 280 067 1009 1011 0185 13 093 -999 -999 -999 -999 S -999 -999 -999 -999 -9 -99N -999W -999 -999 -999 -999 
NHC  03L COLIN     20220702 0600 330N 0798W 025 036 1012 1017 0204 18 093 0074 0111 -999 -999 S -999 -999 -999 -999 -9 -99N -999W -999 -999 -999 -999 
NHC  02L BONNIE    20220702 0600 112N 0845W 270 072 1000 1008 0222 21 019 0111 -999 -999 0074 M -999 -999 -999 -999 72 142N  995W -999 -999 -999 -999 
JTWC 05W AERE      20220702 0600 258N 1295E 340 067 0994 1006 0204 23 083 0195 0204 0111 0167 M
JTWC 04W CHABA     20220702 0600 212N 1112E 320 042 0969 0999 0398 36 055 0296 0306 0287 0195 D
NHC  03L COLIN     20220702 1200 335N 0793W 040 031 1012 1017 0185 18 093 0093 0130 -999 -999 S -999 -999 -999 -999 48 368N  729W -999 -999 -999 -999 
NHC  02L BONNIE    20220702 1200 112N 0858W 270 067 1000 1008 0167 18 019 0111 -999 -999 0074 M -999 -999 -999 -999 72 147N 1010W -999 -999 -999 -999 
JTWC 05W AERE      20220702 1200 268N 1283E 330 077 0996 1006 0204 20 083 0204 0204 0121 0130 M
JTWC 04W CHABA     20220702 1200 220N 1108E 330 042 0983 0996 0324 26 064 0278 0306 0241 0185 D
NHC  03L COLIN     20220702 1800 338N 0789W 045 031 1014 1017 0185 18 093 0074 0130 -999 -999 S -999 -999 -999 -999 36 361N  740W -999 -999 -999 -999 
JTWC 05W AERE      20220702 1800 274N 1275E 320 067 0997 1006 0250 20 083 0148 0158 0121 0111 M
NHC  03L COLIN     20220703 0000 341N 0783W 055 026 1014 1017 0185 15 093 -999 -999 -999 -999 S -999 -999 -999 -999 36 371N  714W -999 -999 -999 -999 
JTWC 05W AERE      20220703 0000 278N 1272E 315 052 0998 1005 0287 18 083 0148 0130 0111 0111 M
NHC  03L COLIN     20220703 0600 348N 0774W 050 041 1014 1016 0185 13 130 -999 -999 -999 -999 S -999 -999 -999 -999 24 362N  734W -999 -999 -999 -999 
JTWC 05W AERE      20220703 0600 282N 1269E 320 037 0999 1004 0287 15 083 -999 -999 -999 -999 M
JTWC 05W AERE      20220703 1200 286N 1265E 325 026 1000 1003 0250 15 083 -999 -999 -999 -999 M
JTWC 05W AERE      20220703 1800 292N 1268E 345 026 0995 1004 0269 15 083 -999 -999 -999 -999 M
JTWC 05W AERE      20220704 0000 300N 1275E 015 032 0994 1003 0269 15 083 -999 -999 -999 -999 M
JTWC 05W AERE      20220704 0600 308N 1278E 025 042 0998 1002 0195 13 083 -999 -999 -999 -999 S
JTWC 05W AERE      20220704 1200 315N 1285E 030 047 1000 1002 0176 13 074 -999 -999 -999 -999 S
JTWC 05W AERE      20220704 1800 328N 1294E 030 057 0997 1004 0204 13 074 -999 -999 -999 -999 S
JTWC 05W AERE      20220705 0000 332N 1305E 045 057 1002 1005 0185 13 074 -999 -999 -999 -999 S
JTWC 05W AERE      20220705 0600 334N 1319E 060 057 1002 1004 0176 13 074 -999 -999 -999 -999 S
JTWC 05W AERE      20220705 1200 335N 1332E 075 057 1003 1005 0222 13 037 -999 -999 -999 -999 S
JTWC 05W AERE      20220705 1800 337N 1365E 085 088 1004 1005 0222 13 092 -999 -999 -999 -999 S
JTWC 05W AERE      20220706 0000 334N 1388E 090 093 1004 1006 0222 13 092 -999 -999 -999 -999 S
JTWC 05W AERE      20220706 0600 340N 1417E 085 113 1002 1006 0222 13 111 -999 -999 -999 -999 S
JTWC 05W AERE      20220706 1200 340N 1429E 085 093 1000 1006 0222 15 111 -999 -999 -999 -999 S
JTWC 05W AERE      20220706 1800 338N 1444E 085 083 0997 1006 0222 15 111 -999 -999 -999 -999 S
JTWC 05W AERE      20220707 0000 339N 1454E 090 052 0993 1006 0296 18 166 0259 0259 0195 0111 S
NHC  04E BONNIE    20220707 0600 170N 1117W 290 057 0980 1010 0278 41 019 0111 0074 0074 0111 D 0056 0056 0037 0074 72 200N 1301W 0019 0019 -999 0019 
JTWC 05W AERE      20220707 0600 341N 1456E 085 037 0994 1006 0296 18 166 0130 0176 0130 0158 S
NHC  04E BONNIE    20220707 1200 172N 1131W 285 062 0980 1009 0278 41 019 0111 0074 0074 0111 D 0056 0056 0037 0074 72 201N 1317W 0019 0019 -999 0019 
JTWC 05W AERE      20220707 1200 342N 1462E 075 026 0996 1006 0278 13 185 -999 -999 -999 -999 S
NHC  95E INVEST    20220707 1800 100N 0996W 270 062 1010 1011 0222 10 130 -999 -999 -999 -999 S -999 -999 -999 -999 -9 -99N -999W -999 -999 -999 -999 
NHC  04E BONNIE    20220707 1800 175N 1145W 285 067 0980 1009 0278 41 019 0111 0093 0093 0111 D 0074 0056 0037 0074 72 199N 1337W 0028 0019 -999 0019 
JTWC 05W AERE      20220707 1800 347N 1459E 025 016 0988 1006 0463 18 185 -999 -999 -999 0269 M
NHC  95E INVEST    20220708 0000 110N 1010W 285 057 1009 1010 0278 10 148 -999 -999 -999 -999 S -999 -999 -999 -999 -9 -99N -999W -999 -999 -999 -999 
NHC  04E BONNIE    20220708 0000 180N 1161W 285 072 0980 1008 0222 41 028 0111 0093 0093 0111 D 0074 0056 0037 0074 72 199N 1352W 0037 0028 -999 0028 
JTWC 05W AERE      20220708 0000 343N 1446E 285 016 0989 1006 0463 18 185 -999 -999 -999 0269 M
NHC  95E INVEST    20220708 0600 115N 1026W 290 082 1009 1010 0278 13 148 -999 -999 -999 -999 S -999 -999 -999 -999 -9 -99N -999W -999 -999 -999 -999 
NHC  04E BONNIE    20220708 0600 180N 1177W 280 077 0982 1008 0222 39 028 0111 0093 0093 0111 D 0074 0056 0037 0074 72 200N 1368W 0037 0028 -999 0028 
JTWC 05W AERE      20220708 0600 346N 1450E 290 021 0990 1006 0463 15 185 -999 -999 -999 -999 S
NHC  95E INVEST    20220708 1200 122N 1047W 290 098 1009 1011 0278 13 148 -999 -999 -999 -999 S -999 -999 -999 -999 -9 -99N -999W -999 -999 -999 -999 
NHC  04E BONNIE    20220708 1200 182N 1195W 280 082 0987 1008 0222 33 028 0111 0093 0093 0111 D 0074 0056 0037 0074 72 198N 1383W 0037 0028 -999 0028 
JTWC 05W AERE      20220708 1200 342N 1440E 255 026 0990 1006 0444 15 148 -999 -999 -999 -999 S
NHC  95E INVEST    20220708 1800 126N 1065W 290 098 1009 1011 0278 13 148 -999 -999 -999 -999 S -999 -999 -999 -999 -9 -99N -999W -999 -999 -999 -999 
NHC  04E BONNIE    20220708 1800 185N 1209W 280 077 0998 1010 0241 28 037 0093 0074 0056 0093 M 0037 -999 -999 0056 72 197N 1397W -999 -999 -999 -999 
NHC  04E BONNIE    20220708 1800 185N 1209W 280 077 0998 1010 0241 28 028 0111 0074 0074 0093 D 0056 0037 0037 0056 72 197N 1397W -999 -999 -999 -999 
JTWC 05W AERE      20220708 1800 348N 1449E 000 011 0990 1003 0370 15 111 -999 -999 -999 -999 S
NHC  95E INVEST    20220709 0000 132N 1080W 285 088 1009 1011 0278 13 148 -999 -999 -999 -999 S -999 -999 -999 -999 -9 -99N -999W -999 -999 -999 -999 
NHC  04E BONNIE    20220709 0000 190N 1228W 285 088 1001 1010 0241 26 037 0093 0074 0056 0093 M 0037 -999 -999 0056 48 194N 1351W -999 -999 -999 -999 
NHC  04E BONNIE    20220709 0000 190N 1228W 285 088 0998 1010 0241 26 037 0093 0074 0056 0093 M 0037 -999 -999 0056 48 194N 1351W -999 -999 -999 -999 
JTWC 05W AERE      20220709 0000 359N 1449E 000 021 0991 1004 0370 15 111 -999 -999 -999 -999 S
NHC  95E INVEST    20220709 0600 135N 1097W 285 088 1009 1011 0278 13 148 -999 -999 -999 -999 S -999 -999 -999 -999 -9 -99N -999W -999 -999 -999 -999 
NHC  04E BONNIE    20220709 0600 192N 1246W 280 093 1002 1010 0241 23 037 0093 0074 0056 0093 M -999 -999 -999 -999 48 197N 1367W -999 -999 -999 -999 
NHC  95E INVEST    20220709 1200 138N 1110W 280 077 1008 1011 0278 15 148 -999 -999 -999 -999 S -999 -999 -999 -999 -9 -99N -999W -999 -999 -999 -999 
NHC  04E BONNIE    20220709 1200 194N 1267W 280 093 1005 1012 0185 21 037 0074 0056 -999 0074 M -999 -999 -999 -999 48 196N 1381W -999 -999 -999 -999 
NHC  95E INVEST    20220709 1800 142N 1128W 280 077 1008 1011 0278 15 074 -999 -999 -999 -999 S -999 -999 -999 -999 -9 -99N -999W -999 -999 -999 -999 
NHC  05E FIVE      20220709 1800 142N 1128W 280 077 1008 1011 0278 15 074 -999 -999 -999 -999 S -999 -999 -999 -999 -9 -99N -999W -999 -999 -999 -999 
NHC  05E DARBY     20220709 1800 142N 1128W 280 077 1006 1011 0278 18 037 0056 -999 -999 -999 S -999 -999 -999 -999 -9 -99N -999W -999 -999 -999 -999 
NHC  04E BONNIE    20220709 1800 195N 1285W 275 093 1009 1014 0185 18 037 0074 -999 -999 0074 S -999 -999 -999 -999 36 196N 1369W -999 -999 -999 -999 
NHC  04E BONNIE    20220709 1800 195N 1285W 275 093 1008 1014 0185 21 046 0074 -999 -999 0074 S -999 -999 -999 -999 36 196N 1369W -999 -999 -999 -999 
NHC  05E DARBY     20220710 0000 143N 1142W 280 077 1004 1011 0278 21 037 0056 -999 -999 0037 M -999 -999 -999 -999 72 150N 1292W -999 -999 -999 -999 
NHC  05E DARBY     20220710 0600 143N 1154W 270 072 1004 1012 0185 21 037 0056 -999 -999 0037 M -999 -999 -999 -999 72 153N 1299W -999 -999 -999 -999 
NHC  05E DARBY     20220710 1200 143N 1168W 270 067 1002 1012 0185 26 037 0074 0056 -999 0074 M 0037 -999 -999 -999 72 154N 1305W -999 -999 -999 -999 
NHC  05E DARBY     20220710 1800 144N 1184W 270 072 0999 1011 0167 28 019 0074 0056 0037 0074 M 0037 -999 -999 0037 72 158N 1319W -999 -999 -999 -999 
NHC  05E DARBY     20220711 0000 146N 1199W 275 077 0995 1011 0167 31 019 0093 0074 0056 0093 D 0056 0037 0019 0056 72 162N 1338W -999 -999 -999 -999 
NHC  05E DARBY     20220711 0600 145N 1212W 270 072 0988 1012 0167 39 019 0093 0074 0056 0093 D 0056 0037 0019 0056 72 167N 1353W 0019 0019 -999 0019 
NHC  05E DARBY     20220711 1200 145N 1228W 270 072 0968 1012 0167 54 009 0093 0074 0056 0093 D 0056 0037 0019 0056 72 164N 1370W 0019 0019 0009 0019 
NHC  05E DARBY     20220711 1800 146N 1243W 270 072 0958 1012 0167 59 009 0093 0074 0056 0093 D 0056 0037 0037 0056 72 167N 1385W 0019 0019 0019 0019 
NHC  05E DARBY     20220712 0000 148N 1259W 275 077 0954 1012 0167 62 009 0093 0074 0056 0093 D 0056 0037 0037 0056 72 170N 1400W 0019 0019 0019 0019 
NHC  05E DARBY     20220712 0600 147N 1274W 265 077 0954 1012 0222 62 019 0093 0074 0056 0093 D 0056 0037 0037 0056 72 173N 1416W 0019 0019 0019 0019 
NHC  05E DARBY     20220712 1200 147N 1290W 270 077 0957 1012 0222 59 019 0074 0056 0056 0074 D 0056 0037 0037 0056 72 172N 1429W 0019 0019 0019 0019 
NHC  05E DARBY     20220712 1800 146N 1305W 270 077 0966 1012 0278 54 019 0093 0074 0056 0093 D 0056 0037 0037 0056 72 172N 1446W 0019 0019 0019 0019 
NHC  05E DARBY     20220713 0000 146N 1320W 270 077 0972 1010 0222 49 019 0074 0074 0056 0074 D 0037 0037 0037 0037 72 171N 1463W 0019 0019 0019 0019 
NHC  05E DARBY     20220713 0600 146N 1333W 270 072 0978 1012 0222 44 019 0074 0074 0056 0074 D 0037 0037 0037 0037 72 169N 1480W 0019 0019 0019 0019 
NHC  05E DARBY     20220713 1200 148N 1347W 275 072 0977 1011 0222 46 019 0074 0056 0056 0074 D 0037 0037 0037 0037 72 165N 1495W 0019 0019 0019 0019 
NHC  05E DARBY     20220713 1800 151N 1360W 280 067 0971 1011 0222 49 019 0074 0056 0056 0074 D 0037 0037 0037 0037 72 163N 1515W 0019 0019 0019 0019 
NHC  96E INVEST    20220715 1200 118N 1005W 300 036 1007 1011 0297 15 111 -999 -999 -999 -999 S -999 -999 -999 -999 -9 -99N -999W -999 -999 -999 -999 
NHC  06E SIX       20220715 1200 118N 1005W 300 036 1007 1011 0297 15 111 -999 -999 -999 -999 S -999 -999 -999 -999 -9 -99N -999W -999 -999 -999 -999 
NHC  06E SIX       20220715 1800 125N 1006W 315 036 1007 1011 0297 15 074 -999 -999 -999 -999 S -999 -999 -999 -999 72 167N 1102W -999 -999 -999 -999 
NHC  06E SIX       20220715 1800 125N 1006W 315 036 1007 1011 0278 15 074 -999 -999 -999 -999 S -999 -999 -999 -999 72 167N 1102W -999 -999 -999 -999 
JTWC 96A INVEST    20220715 1800 213N 0683E 285 011 0991 0995 0278 13 074 -999 -999 -999 -999 S
NHC  06E SIX       20220716 0000 130N 1016W 310 046 1006 1011 0389 18 074 0074 -999 -999 -999 M -999 -999 -999 -999 72 170N 1106W -999 -999 -999 -999 
NHC  06E ESTELLE   20220716 0000 130N 1016W 310 046 1006 1011 0389 18 074 0074 -999 -999 -999 M -999 -999 -999 -999 72 170N 1106W -999 -999 -999 -999 
JTWC 96A INVEST    20220716 0000 217N 0687E 000 011 0989 0995 0278 15 074 -999 -999 -999 -999 M
NHC  06E ESTELLE   20220716 0600 134N 1027W 295 057 1006 1011 0389 23 037 0074 0093 -999 -999 M -999 -999 -999 -999 72 172N 1121W -999 -999 -999 -999 
JTWC 96A INVEST    20220716 0600 218N 0690E 015 011 0989 0995 0296 15 092 -999 -999 -999 -999 M
NHC  06E ESTELLE   20220716 1200 138N 1033W 295 046 0997 1011 0389 28 037 0093 0093 0037 0074 M 0037 0037 -999 -999 72 176N 1141W -999 -999 -999 -999 
JTWC 96A INVEST    20220716 1200 219N 0688E 340 016 0989 0995 0296 15 092 -999 -999 -999 -999 M
NHC  06E ESTELLE   20220716 1800 140N 1039W 295 041 0993 1010 0334 31 037 0093 0093 0037 0074 D 0037 0037 -999 0037 72 178N 1151W -999 -999 -999 -999 
JTWC 96A INVEST    20220716 1800 225N 0688E 325 021 0989 0995 0296 15 092 -999 -999 -999 -999 M
NHC  06E ESTELLE   20220717 0000 144N 1045W 300 036 0991 1009 0315 33 019 0111 0093 0056 0074 D 0037 0037 0019 0037 72 179N 1163W 0019 -999 -999 -999 
NHC  06E ESTELLE   20220717 0600 149N 1054W 295 041 0988 1009 0315 36 019 0111 0093 0056 0074 D 0037 0037 0019 0037 72 183N 1176W 0019 0019 -999 -999 
NHC  06E ESTELLE   20220717 1200 155N 1066W 295 051 0984 1008 0334 39 019 0111 0093 0056 0074 D 0037 0037 0019 0037 72 190N 1189W 0019 0019 -999 -999 
NHC  06E ESTELLE   20220717 1800 159N 1074W 295 051 0984 1010 0334 39 019 0111 0093 0056 0074 D 0037 0037 0019 0037 72 198N 1205W 0019 0019 -999 -999 
NHC  06E ESTELLE   20220718 0000 165N 1081W 300 051 0986 1010 0334 36 019 0111 0093 0056 0074 D 0037 0037 0019 0037 72 203N 1212W 0019 0019 -999 -999 
NHC  06E ESTELLE   20220718 0600 173N 1092W 305 057 0986 1010 0334 36 019 0167 0167 0093 0130 D 0074 0074 0037 0056 72 208N 1218W 0037 0037 -999 -999 
NHC  06E ESTELLE   20220718 1200 178N 1105W 300 062 0986 1008 0278 36 019 0167 0167 0093 0148 D 0074 0074 0037 0056 72 218N 1229W 0037 0037 -999 -999 
NHC  06E ESTELLE   20220718 1800 181N 1119W 295 062 0986 1010 0278 36 019 0167 0167 0093 0148 D 0074 0074 0037 0056 72 221N 1239W 0037 0037 -999 -999 
NHC  06E ESTELLE   20220719 0000 182N 1130W 285 062 0988 1010 0334 33 037 0185 0167 0130 0167 D 0093 0074 0037 0074 72 226N 1251W 0037 -999 -999 -999 
NHC  06E ESTELLE   20220719 0600 184N 1142W 280 057 0995 1010 0334 28 056 0185 0185 0074 0148 D 0093 -999 -999 -999 72 228N 1258W -999 -999 -999 -999 
NHC  06E ESTELLE   20220719 1200 188N 1151W 285 051 0995 1010 0334 28 056 0185 0185 0074 0148 D 0093 -999 -999 -999 72 227N 1266W -999 -999 -999 -999 
NHC  06E ESTELLE   20220719 1800 193N 1163W 290 057 0993 1010 0278 28 056 0185 0185 0074 0148 D 0093 -999 -999 -999 72 228N 1271W -999 -999 -999 -999 
NHC  06E ESTELLE   20220720 0000 200N 1174W 300 062 0993 1010 0278 28 056 0185 0148 0074 0148 M 0074 -999 -999 0074 72 229N 1275W -999 -999 -999 -999 
NHC  06E ESTELLE   20220720 0600 204N 1188W 295 062 0997 1010 0278 26 056 0167 0111 0056 0148 M 0056 -999 -999 0056 72 230N 1275W -999 -999 -999 -999 
NHC  06E ESTELLE   20220720 1200 209N 1201W 295 062 0997 1010 0278 26 056 0167 0111 0056 0148 M 0056 -999 -999 0056 72 231N 1282W -999 -999 -999 -999 
NHC  06E ESTELLE   20220720 1800 214N 1216W 290 072 1002 1012 0222 23 056 0130 -999 -999 0130 M -999 -999 -999 -999 72 235N 1295W -999 -999 -999 -999 
NHC  06E ESTELLE   20220721 0000 217N 1227W 290 062 1004 1012 0204 21 056 0111 -999 -999 0093 M -999 -999 -999 -999 48 232N 1285W -999 -999 -999 -999 
NHC  06E ESTELLE   20220721 0600 221N 1238W 290 057 1007 1012 0204 18 056 0074 -999 -999 0074 M -999 -999 -999 -999 48 232N 1294W -999 -999 -999 -999 
NHC  06E ESTELLE   20220721 1200 226N 1250W 295 057 1008 1010 0185 15 056 -999 -999 -999 -999 S -999 -999 -999 -999 48 234N 1301W -999 -999 -999 -999 
NHC  06E ESTELLE   20220721 1200 226N 1250W 295 057 1007 1010 0185 15 056 -999 -999 -999 -999 S -999 -999 -999 -999 48 234N 1301W -999 -999 -999 -999 
NHC  06E ESTELLE   20220721 1800 223N 1260W 270 051 1008 1012 0222 15 056 -999 -999 -999 -999 S -999 -999 -999 -999 48 238N 1312W -999 -999 -999 -999 
NHC  97E INVEST    20220724 1800 108N 0938W 275 031 1010 1012 0278 13 167 -999 -999 -999 -999 S -999 -999 -999 -999 -9 -99N -999W -999 -999 -999 -999 
NHC  97E INVEST    20220725 0000 110N 0954W 275 051 1009 1012 0278 13 167 -999 -999 -999 -999 S -999 -999 -999 -999 -9 -99N -999W -999 -999 -999 -999 
NHC  97E INVEST    20220725 0600 113N 0966W 280 057 1009 1012 0278 13 167 -999 -999 -999 -999 S -999 -999 -999 -999 -9 -99N -999W -999 -999 -999 -999 
NHC  97E INVEST    20220725 1200 110N 0980W 270 062 1009 1012 0278 13 111 -999 -999 -999 -999 S -999 -999 -999 -999 -9 -99N -999W -999 -999 -999 -999 
NHC  97E INVEST    20220725 1800 110N 0992W 270 062 1008 1012 0278 15 130 -999 -999 -999 -999 S -999 -999 -999 -999 -9 -99N -999W -999 -999 -999 -999 
NHC  97E INVEST    20220726 0000 112N 1002W 275 057 1008 1012 0278 15 130 -999 -999 -999 -999 S -999 -999 -999 -999 -9 -99N -999W -999 -999 -999 -999 
NHC  97E INVEST    20220726 0600 114N 1014W 280 057 1006 1012 0278 15 056 -999 -999 -999 -999 M -999 -999 -999 -999 -9 -99N -999W -999 -999 -999 -999 
NHC  98E INVEST    20220726 1200 151N 1123W 285 021 1009 1011 0222 10 111 -999 -999 -999 -999 S -999 -999 -999 -999 -9 -99N -999W -999 -999 -999 -999 
JTWC 93W INVEST    20220726 1200 165N 1423E 305 052 1008 1008 0370 10 046 -999 -999 -999 -999 S
NHC  98E INVEST    20220726 1800 154N 1123W 305 015 1008 1011 0222 13 111 -999 -999 -999 -999 S -999 -999 -999 -999 -9 -99N -999W -999 -999 -999 -999 
JTWC 93W INVEST    20220726 1800 161N 1426E 295 037 1004 1006 0407 10 055 -999 -999 -999 -999 S
NHC  98E INVEST    20220727 0000 161N 1128W 310 026 1008 1011 0222 13 111 -999 -999 -999 -999 S -999 -999 -999 -999 -9 -99N -999W -999 -999 -999 -999 
JTWC 93W INVEST    20220727 0000 170N 1421E 315 037 1004 1008 0509 10 074 -999 -999 -999 -999 S
NHC  98E INVEST    20220727 0600 161N 1134W 270 031 1008 1011 0222 13 111 -999 -999 -999 -999 S -999 -999 -999 -999 -9 -99N -999W -999 -999 -999 -999 
JTWC 93W INVEST    20220727 0600 173N 1410E 310 042 1004 1008 0481 10 092 -999 -999 -999 -999 S
NHC  98E INVEST    20220727 1200 162N 1142W 275 031 1007 1011 0241 15 074 -999 -999 -999 -999 S -999 -999 -999 -999 -9 -99N -999W -999 -999 -999 -999 
JTWC 93W INVEST    20220727 1200 177N 1402E 305 047 1004 1007 0398 10 092 -999 -999 -999 -999 S
JTWC 95S INVEST    20220727 1800 092S 0937E 115 077 1003 1006 0444 10 074 -999 -999 -999 -999 S
JTWC 95S INVEST    20220728 0000 097S 0950E 115 072 1004 1006 0500 10 074 -999 -999 -999 -999 S
JTWC 93W INVEST    20220728 0000 201N 1394E 330 057 1002 1007 0398 10 092 -999 -999 -999 -999 S
NHC  08E GEORGETTE 20220728 0600 159N 1171W 255 046 1000 1008 0167 23 037 0046 -999 -999 0056 M -999 -999 -999 -999 72 153N 1220W -999 -999 -999 -999 
NHC  07E FRANK     20220728 0600 128N 1085W 280 051 1000 1008 0278 23 074 0093 0093 0093 0111 M -999 -999 -999 -999 72 174N 1183W -999 -999 -999 -999 
JTWC 95S INVEST    20220728 0600 099S 0946E 120 042 1003 1006 0500 10 074 -999 -999 -999 -999 S
JTWC 93W INVEST    20220728 0600 218N 1398E 350 072 1002 1007 0398 10 092 -999 -999 -999 -999 S
NHC  08E GEORGETTE 20220728 1200 159N 1183W 260 051 1000 1008 0167 23 037 0056 -999 0056 0056 M -999 -999 -999 -999 72 142N 1215W -999 -999 -999 -999 
NHC  07E FRANK     20220728 1200 130N 1096W 280 057 1000 1008 0278 23 074 0093 0093 0093 0111 M -999 -999 -999 -999 72 185N 1191W -999 -999 -999 -999 
JTWC 95S INVEST    20220728 1200 106S 0948E 135 037 1003 1007 0500 13 074 -999 -999 -999 -999 S
JTWC 93W INVEST    20220728 1200 232N 1392E 350 077 1004 1008 0463 10 092 -999 -999 -999 -999 S
NHC  08E GEORGETTE 20220728 1800 157N 1195W 260 051 1000 1008 0130 23 019 0056 0037 0056 0056 M -999 -999 -999 -999 72 140N 1230W -999 -999 -999 -999 
NHC  07E FRANK     20220728 1800 129N 1106W 275 051 0997 1008 0278 26 037 0093 0093 0111 0111 M -999 -999 0037 -999 72 191N 1201W -999 -999 -999 -999 
JTWC 93W INVEST    20220728 1800 242N 1369E 325 083 1004 1005 0204 10 092 -999 -999 -999 -999 S
NHC  08E GEORGETTE 20220729 0000 156N 1203W 260 051 1000 1008 0130 23 019 0056 0037 0056 0056 M -999 -999 -999 -999 72 147N 1240W -999 -999 -999 -999 
NHC  07E FRANK     20220729 0000 130N 1113W 270 046 0993 1006 0297 28 037 0093 0093 0111 0111 M -999 -999 0037 -999 72 194N 1210W -999 -999 -999 -999 
JTWC 06W SONGDA    20220729 0000 280N 1338E 320 098 0998 1004 0185 15 074 -999 -999 -999 -999 S
JTWC 01S ONE       20220729 0000 110S 0952E 150 026 0996 1006 0370 20 148 -999 0278 0185 -999 M
NHC  08E GEORGETTE 20220729 0600 154N 1212W 260 046 1000 1008 0130 23 019 0056 0037 0056 0056 M -999 -999 -999 -999 72 152N 1234W -999 -999 -999 -999 
NHC  07E FRANK     20220729 0600 133N 1118W 285 036 0993 1006 0297 28 074 0130 0167 0093 0093 D 0074 0093 -999 -999 72 199N 1217W -999 -999 -999 -999 
JTWC 06W SONGDA    20220729 0600 290N 1318E 310 103 0998 1002 0185 15 074 -999 -999 -999 -999 S
NHC  08E GEORGETTE 20220729 1200 152N 1226W 260 051 0997 1008 0130 26 019 0056 0037 0056 0056 M 0019 -999 -999 0019 72 150N 1250W -999 -999 -999 -999 
NHC  07E FRANK     20220729 1200 141N 1126W 300 041 0993 1006 0297 28 074 0130 0167 0093 0093 D 0074 0093 -999 -999 72 204N 1221W -999 -999 -999 -999 
JTWC 06W SONGDA    20220729 1200 297N 1298E 300 098 0997 1003 0185 15 074 -999 -999 -999 -999 S
JTWC 01S ONE       20220729 1200 121S 0941E 210 032 0995 1008 0435 20 138 0185 0222 0185 0102 M
NHC  08E GEORGETTE 20220729 1800 148N 1236W 255 057 0999 1008 0130 23 019 0056 0037 0056 0056 M -999 -999 -999 -999 72 146N 1267W -999 -999 -999 -999 
NHC  07E FRANK     20220729 1800 145N 1133W 305 046 0989 1006 0297 31 037 0167 0167 0093 0148 D 0093 0093 0037 0056 72 215N 1228W -999 -999 -999 -999 
JTWC 06W SONGDA    20220729 1800 308N 1280E 300 098 0999 1003 0185 13 074 -999 -999 -999 -999 S
JTWC 01S ONE       20220729 1800 127S 0937E 220 037 1001 1008 0435 20 101 0121 0130 0139 0111 M
NHC  08E GEORGETTE 20220730 0000 146N 1247W 255 057 0999 1008 0130 23 019 0056 0037 0056 0056 M -999 -999 -999 -999 72 142N 1277W -999 -999 -999 -999 
NHC  07E FRANK     20220730 0000 148N 1144W 295 046 0983 1006 0297 36 037 0167 0167 0093 0148 D 0093 0093 0037 0056 72 219N 1232W 0037 -999 -999 -999 
JTWC 06W SONGDA    20220730 0000 314N 1263E 300 093 0996 1003 0185 15 074 -999 -999 -999 -999 S
JTWC 01S ONE       20220730 0000 133S 0938E 210 032 0998 1008 0435 23 101 0111 0148 0121 0111 M
NHC  08E GEORGETTE 20220730 0600 143N 1255W 255 051 0999 1008 0130 23 019 0056 0037 0056 0056 M -999 -999 -999 -999 72 145N 1275W -999 -999 -999 -999 
NHC  07E FRANK     20220730 0600 156N 1150W 305 046 0975 1008 0297 41 037 0185 0185 0111 0167 D 0093 0093 0056 0074 72 222N 1239W 0037 0037 -999 0028 
JTWC 06W SONGDA    20220730 0600 318N 1251E 295 077 0997 1003 0204 15 111 -999 -999 -999 -999 S
JTWC 01S ONE       20220730 0600 137S 0932E 220 032 1001 1008 0435 20 101 0093 0139 0139 -999 M
NHC  08E GEORGETTE 20220730 1200 141N 1264W 255 046 0999 1008 0130 23 019 0056 0037 0056 0056 M -999 -999 -999 -999 72 144N 1292W -999 -999 -999 -999 
NHC  07E FRANK     20220730 1200 162N 1158W 310 051 0975 1008 0297 41 037 0185 0185 0111 0167 D 0093 0093 0056 0074 72 234N 1240W 0037 0037 -999 0028 
JTWC 06W SONGDA    20220730 1200 325N 1241E 300 062 0998 1002 0158 15 111 -999 -999 -999 -999 S
JTWC 01S ONE       20220730 1200 139S 0928E 230 032 1002 1007 0389 18 111 0093 0121 0111 -999 M
NHC  08E GEORGETTE 20220730 1800 137N 1273W 250 046 0999 1008 0130 23 019 0056 0037 0056 0056 M -999 -999 -999 -999 72 144N 1294W -999 -999 -999 -999 
NHC  07E FRANK     20220730 1800 168N 1166W 310 051 0975 1008 0297 41 037 0185 0185 0111 0167 D 0093 0093 0056 0074 72 240N 1247W 0037 0037 -999 0028 
JTWC 06W SONGDA    20220730 1800 335N 1236E 315 057 0992 1002 0158 15 074 -999 -999 -999 -999 S
JTWC 01S ONE       20220730 1800 140S 0924E 245 026 1002 1007 0389 18 055 0074 0074 0121 0056 M
NHC  08E GEORGETTE 20220731 0000 135N 1282W 260 046 0999 1008 0130 23 019 0056 0037 0056 0056 M -999 -999 -999 -999 72 145N 1295W -999 -999 -999 -999 
NHC  07E FRANK     20220731 0000 176N 1173W 315 051 0975 1008 0297 41 037 0185 0185 0111 0167 D 0093 0093 0056 0074 72 249N 1254W 0037 0037 -999 0028 
JTWC 95W INVEST    20220731 0000 254N 1277E 355 047 0999 1003 0213 08 138 -999 -999 -999 -999 S
JTWC 06W SONGDA    20220731 0000 336N 1230E 315 042 0991 1002 0232 15 074 -999 -999 -999 -999 S
JTWC 01S ONE       20220731 0000 140S 0924E 245 026 1002 1007 0352 18 064 0148 0111 0102 0130 S
NHC  08E GEORGETTE 20220731 0600 134N 1290W 260 041 1002 1010 0111 21 019 0037 0019 0056 0056 M -999 -999 -999 -999 72 149N 1296W -999 -999 -999 -999 
NHC  07E FRANK     20220731 0600 183N 1182W 310 051 0975 1010 0297 41 037 0204 0185 0148 0185 D 0130 0111 0056 0093 72 263N 1258W 0037 0037 -999 0028 
JTWC 95W INVEST    20220731 0600 275N 1278E 355 067 0999 1002 0213 10 138 -999 -999 -999 -999 S
JTWC 06W SONGDA    20220731 0600 339N 1232E 335 026 0999 1002 0232 15 074 -999 -999 -999 -999 S
JTWC 01S ONE       20220731 0600 137S 0917E 275 021 1002 1007 0352 18 074 -999 -999 0074 -999 S
NHC  08E GEORGETTE 20220731 1200 131N 1295W 255 036 1005 1010 0111 18 019 0037 -999 0056 0056 M -999 -999 -999 -999 72 160N 1300W -999 -999 -999 -999 
NHC  07E FRANK     20220731 1200 189N 1190W 310 051 0978 1010 0297 39 056 0222 0204 0148 0185 D 0130 0111 0056 0093 72 278N 1262W 0074 0074 -999 0046 
NHC  07E FRANK     20220731 1200 189N 1190W 310 051 0976 1010 0297 41 056 0222 0204 0148 0185 D 0130 0111 0056 0093 72 278N 1262W 0074 0074 -999 0046 
JTWC 06W SONGDA    20220731 1200 343N 1232E 350 021 1000 1002 0222 13 074 -999 -999 -999 -999 S
NHC  08E GEORGETTE 20220731 1800 129N 1299W 250 031 1006 1010 0111 15 019 -999 -999 -999 -999 M -999 -999 -999 -999 72 161N 1301W -999 -999 -999 -999 
NHC  08E GEORGETTE 20220731 1800 127N 1299W 245 031 1006 1010 0111 15 019 -999 -999 -999 -999 M -999 -999 -999 -999 72 161N 1301W -999 -999 -999 -999 
NHC  07E FRANK     20220731 1800 197N 1198W 315 051 0983 1010 0297 36 056 0222 0222 0148 0185 D 0130 0111 0056 0093 72 287N 1264W 0074 0074 -999 0046 
JTWC 95W INVEST    20220731 1800 307N 1263E 345 088 1000 1002 0176 10 111 -999 -999 -999 -999 S
JTWC 06W SONGDA    20220731 1800 349N 1230E 000 026 1000 1002 0222 13 074 -999 -999 -999 -999 S
JTWC 01S ONE       20220731 1800 135S 0910E 290 026 1002 1007 0333 15 083 -999 -999 -999 -999 S
NHC  08E GEORGETTE 20220801 0000 127N 1300W 270 015 1006 1010 0093 15 019 -999 -999 -999 -999 S -999 -999 -999 -999 72 159N 1304W -999 -999 -999 -999 
NHC  07E FRANK     20220801 0000 204N 1204W 320 051 0984 1010 0297 36 056 0222 0222 0148 0185 D 0130 0111 0056 0093 72 295N 1265W 0074 0074 -999 0046 
JTWC 07W TRASES    20220801 0000 326N 1270E 350 088 0994 1002 0176 15 092 -999 -999 -999 -999 S
JTWC 06W SONGDA    20220801 0000 354N 1232E 000 026 1000 1002 0222 13 074 -999 -999 -999 -999 S
JTWC 01S ONE       20220801 0000 133S 0903E 285 032 1002 1007 0333 15 083 -999 -999 -999 -999 S
NHC  08E GEORGETTE 20220801 0600 128N 1301W 280 010 1006 1009 0130 15 019 -999 -999 -999 -999 S -999 -999 -999 -999 72 160N 1306W -999 -999 -999 -999 
NHC  07E FRANK     20220801 0600 213N 1212W 320 051 0988 1008 0297 31 056 0222 0222 0148 0185 D 0130 0111 0056 0093 72 306N 1265W -999 -999 -999 -999 
JTWC 07W TRASES    20220801 0600 344N 1266E 355 093 1000 1002 0148 13 046 -999 -999 -999 -999 S
NHC  08E GEORGETTE 20220801 1200 132N 1304W 310 015 1006 1009 0130 15 019 -999 -999 -999 -999 S -999 -999 -999 -999 72 165N 1303W -999 -999 -999 -999 
NHC  07E FRANK     20220801 1200 220N 1222W 315 057 0992 1010 0334 28 056 0222 0222 0148 0185 M 0130 0111 0056 0093 72 318N 1265W -999 -999 -999 -999 
NHC  08E GEORGETTE 20220801 1800 133N 1309W 305 021 1006 1009 0130 15 019 -999 -999 -999 -999 S -999 -999 -999 -999 72 173N 1310W -999 -999 -999 -999 
NHC  07E FRANK     20220801 1800 224N 1230W 310 057 0996 1010 0352 23 074 0185 0167 0130 0167 M -999 -999 -999 -999 72 328N 1270W -999 -999 -999 -999 
NHC  07E FRANK     20220801 1800 224N 1230W 310 057 0995 1010 0371 26 074 0222 0222 0148 0185 M 0093 0093 0056 0074 72 328N 1270W -999 -999 -999 -999 
NHC  08E GEORGETTE 20220802 0000 133N 1313W 295 021 1006 1010 0185 15 019 -999 -999 -999 -999 S -999 -999 -999 -999 72 170N 1319W -999 -999 -999 -999 
NHC  07E FRANK     20220802 0000 230N 1236W 310 041 0999 1010 0334 21 074 0167 0148 0111 0148 M -999 -999 -999 -999 72 330N 1271W -999 -999 -999 -999 
NHC  08E GEORGETTE 20220802 0600 135N 1312W 320 010 1006 1011 0130 15 019 -999 -999 -999 -999 S -999 -999 -999 -999 72 170N 1332W -999 -999 -999 -999 
NHC  07E FRANK     20220802 0600 236N 1244W 310 046 0999 1010 0334 21 074 0148 0130 0093 0130 M -999 -999 -999 -999 72 338N 1266W -999 -999 -999 -999 
NHC  08E GEORGETTE 20220802 1200 139N 1306W 040 026 1006 1010 0167 15 074 -999 -999 -999 -999 S -999 -999 -999 -999 72 161N 1344W -999 -999 -999 -999 
NHC  07E FRANK     20220802 1200 244N 1251W 315 046 1005 1011 0334 18 074 0111 0093 -999 0093 S -999 -999 -999 -999 48 310N 1274W -999 -999 -999 -999 
NHC  08E GEORGETTE 20220802 1800 144N 1304W 030 031 1006 1011 0148 15 056 -999 -999 -999 -999 S -999 -999 -999 -999 48 168N 1310W -999 -999 -999 -999 
NHC  08E GEORGETTE 20220802 1800 144N 1303W 035 031 1006 1011 0148 15 074 -999 -999 -999 -999 S -999 -999 -999 -999 48 168N 1310W -999 -999 -999 -999 
NHC  07E FRANK     20220802 1800 252N 1256W 325 051 1005 1013 0334 18 074 0111 -999 -999 -999 S -999 -999 -999 -999 48 320N 1272W -999 -999 -999 -999 
NHC  08E GEORGETTE 20220803 0000 150N 1301W 030 031 1006 1010 0148 15 056 -999 -999 -999 -999 S -999 -999 -999 -999 48 177N 1316W -999 -999 -999 -999 
NHC  08E GEORGETTE 20220803 0600 157N 1296W 030 036 1006 1010 0148 15 056 -999 -999 -999 -999 S -999 -999 -999 -999 48 179N 1326W -999 -999 -999 -999 
JTWC 96W INVEST    20220803 0600 214N 1175E 010 042 1005 1006 0130 10 083 -999 -999 -999 -999 S
NHC  08E GEORGETTE 20220803 1200 165N 1293W 025 046 1007 1011 0185 15 056 -999 -999 -999 -999 S -999 -999 -999 -999 48 180N 1334W -999 -999 -999 -999 
JTWC 96W INVEST    20220803 1200 217N 1168E 345 032 1004 1006 0139 10 083 -999 -999 -999 -999 S
JTWC 96W INVEST    20220803 1800 218N 1161E 315 032 1003 1006 0139 10 083 -999 -999 -999 -999 S
JTWC 08W EIGHT     20220804 0000 225N 1151E 305 042 1003 1005 0139 13 083 -999 -999 -999 -999 S
JTWC 08W EIGHT     20220804 0600 229N 1141E 300 047 1002 1004 0148 10 055 -999 -999 -999 -999 S
NHC  99E INVEST    20220804 1800 105N 0950W 290 041 1007 1011 0278 15 148 -999 -999 -999 -999 S -999 -999 -999 -999 -9 -99N -999W -999 -999 -999 -999 
NHC  99E INVEST    20220805 0000 108N 0960W 285 051 1007 1011 0278 15 148 -999 -999 -999 -999 S -999 -999 -999 -999 -9 -99N -999W -999 -999 -999 -999 
JTWC 97W INVEST    20220805 0600 146N 1218E 285 037 1007 1009 0121 10 046 -999 -999 -999 -999 S
NHC  99E INVEST    20220805 1200 121N 1000W 290 082 1007 1011 0278 15 148 -999 -999 -999 -999 S -999 -999 -999 -999 -9 -99N -999W -999 -999 -999 -999 
JTWC 97W INVEST    20220805 1200 145N 1210E 275 037 1006 1008 0139 10 046 -999 -999 -999 -999 S
NHC  99E INVEST    20220805 1800 123N 1026W 280 093 1007 1011 0278 15 111 -999 -999 -999 -999 S -999 -999 -999 -999 -9 -99N -999W -999 -999 -999 -999 
JTWC 97W INVEST    20220805 1800 149N 1199E 280 042 1008 1008 0139 10 046 -999 -999 -999 -999 S
NHC  99E INVEST    20220806 0000 124N 1033W 285 077 1007 1011 0278 15 111 -999 -999 -999 -999 S -999 -999 -999 -999 -9 -99N -999W -999 -999 -999 -999 
JTWC 97W INVEST    20220806 0000 154N 1192E 285 042 1005 1008 0148 10 074 -999 -999 -999 -999 S
NHC  99E INVEST    20220806 0600 127N 1041W 285 051 1007 1010 0278 15 111 -999 -999 -999 -999 S -999 -999 -999 -999 -9 -99N -999W -999 -999 -999 -999 
JTWC 97W INVEST    20220806 0600 166N 1170E 290 067 1004 1005 0213 10 074 -999 -999 -999 -999 S
NHC  99E INVEST    20220806 1200 141N 1053W 305 057 1006 1010 0334 15 111 -999 -999 -999 -999 S -999 -999 -999 -999 -9 -99N -999W -999 -999 -999 -999 
NHC  09E NINE      20220806 1200 141N 1053W 305 057 1006 1010 0334 15 111 -999 -999 -999 -999 S -999 -999 -999 -999 -9 -99N -999W -999 -999 -999 -999 
JTWC 97W INVEST    20220806 1200 164N 1161E 280 057 1004 1006 0222 10 092 -999 -999 -999 -999 S
NHC  09E NINE      20220806 1800 147N 1063W 305 062 1006 1010 0334 15 111 -999 -999 -999 -999 S -999 -999 -999 -999 72 211N 1158W -999 -999 -999 -999 
JTWC 97W INVEST    20220806 1800 161N 1152E 265 052 1004 1006 0222 10 092 -999 -999 -999 -999 S
NHC  09E NINE      20220807 0000 154N 1074W 305 062 1006 1010 0334 15 093 -999 -999 -999 -999 S -999 -999 -999 -999 72 217N 1166W -999 -999 -999 -999 
JTWC 97W INVEST    20220807 0000 181N 1157E 320 032 1005 1007 0222 10 092 -999 -999 -999 -999 S
NHC  09E NINE      20220807 0600 160N 1087W 300 067 1006 1010 0334 15 093 -999 -999 -999 -999 S -999 -999 -999 -999 72 222N 1174W -999 -999 -999 -999 
JTWC 97W INVEST    20220807 0600 170N 1124E 270 067 1002 1003 0222 10 120 -999 -999 -999 -999 S
NHC  09E NINE      20220807 1200 164N 1096W 300 062 1006 1010 0334 15 093 -999 -999 -999 -999 S -999 -999 -999 -999 72 228N 1187W -999 -999 -999 -999 
JTWC 97W INVEST    20220807 1200 156N 1120E 240 067 1002 1004 0324 10 166 -999 -999 -999 -999 S
NHC  09E HOWARD    20220807 1800 172N 1104W 310 051 1004 1010 0278 18 074 0093 -999 -999 -999 S -999 -999 -999 -999 72 231N 1193W -999 -999 -999 -999 
JTWC 97W INVEST    20220807 1800 145N 1119E 215 062 1002 1004 0333 10 166 -999 -999 -999 -999 S
NHC  09E HOWARD    20220808 0000 180N 1113W 310 057 1004 1010 0278 18 074 0111 -999 -999 -999 S -999 -999 -999 -999 72 245N 1201W -999 -999 -999 -999 
JTWC 97W INVEST    20220808 0000 150N 1128E 170 037 1002 1006 0361 10 166 -999 -999 -999 -999 S
NHC  97L INVEST    20220808 0600 110N 0193W 275 103 1009 1012 0334 10 148 -999 -999 -999 -999 S -999 -999 -999 -999 -9 -99N -999W -999 -999 -999 -999 
NHC  09E HOWARD    20220808 0600 188N 1122W 315 057 1000 1011 0278 23 056 0056 0037 -999 0056 M -999 -999 -999 -999 72 245N 1213W -999 -999 -999 -999 
JTWC 97W INVEST    20220808 0600 157N 1125E 080 011 1000 1004 0555 13 277 -999 -999 -999 -999 S
NHC  97L INVEST    20220808 1200 115N 0212W 275 093 1010 1012 0334 13 148 -999 -999 -999 -999 S -999 -999 -999 -999 -9 -99N -999W -999 -999 -999 -999 
NHC  09E HOWARD    20220808 1200 198N 1131W 315 062 0996 1011 0278 28 037 0093 0056 0056 0074 M 0037 -999 -999 0037 72 246N 1225W -999 -999 -999 -999 
JTWC 97W INVEST    20220808 1200 160N 1129E 045 021 1000 1003 0537 13 203 -999 -999 -999 -999 S
NHC  97L INVEST    20220808 1800 117N 0227W 280 088 1010 1012 0334 13 148 -999 -999 -999 -999 S -999 -999 -999 -999 -9 -99N -999W -999 -999 -999 -999 
NHC  09E HOWARD    20220808 1800 203N 1139W 315 057 0990 1011 0278 33 028 0093 0083 0083 0093 D 0046 0046 0028 0046 72 249N 1230W 0028 -999 -999 0028 
NHC  09E HOWARD    20220808 1800 203N 1139W 315 057 0990 1011 0278 33 028 0093 0056 0056 0074 D 0046 0037 0037 0046 72 249N 1230W 0028 -999 -999 -999 
NHC  09E HOWARD    20220808 1800 203N 1139W 315 057 0987 1011 0278 36 028 0093 0083 0083 0093 D 0046 0046 0028 0046 72 249N 1230W 0028 -999 -999 0028 
JTWC 97W INVEST    20220808 1800 170N 1134E 025 037 1001 1003 0463 10 249 -999 -999 -999 -999 S
NHC  97L INVEST    20220809 0000 119N 0249W 280 093 1010 1012 0334 13 148 -999 -999 -999 -999 S -999 -999 -999 -999 -9 -99N -999W -999 -999 -999 -999 
NHC  09E HOWARD    20220809 0000 209N 1148W 305 051 0987 1011 0278 36 028 0093 0074 0074 0093 D 0046 0046 0028 0046 72 247N 1236W 0028 -999 -999 0028 
NHC  97L INVEST    20220809 0600 119N 0259W 275 077 1010 1012 0334 13 148 -999 -999 -999 -999 S -999 -999 -999 -999 -9 -99N -999W -999 -999 -999 -999 
NHC  09E HOWARD    20220809 0600 214N 1157W 305 051 0987 1009 0278 36 028 0093 0074 0074 0093 D 0046 0046 0028 0046 72 248N 1243W 0028 -999 -999 0028 
JTWC 97W INVEST    20220809 0600 173N 1129E 000 021 0998 1003 0463 10 296 -999 -999 -999 -999 S
NHC  97L INVEST    20220809 1200 120N 0275W 275 082 1010 1012 0334 13 148 -999 -999 -999 -999 S -999 -999 -999 -999 -9 -99N -999W -999 -999 -999 -999 
NHC  09E HOWARD    20220809 1200 219N 1166W 305 051 0983 1010 0222 39 028 0093 0074 0074 0093 D 0046 0046 0028 0046 72 250N 1251W 0028 -999 -999 0028 
JTWC 97W INVEST    20220809 1200 183N 1125E 345 037 0997 1003 0500 15 240 -999 -999 -999 -999 S
NHC  97L INVEST    20220809 1800 120N 0292W 275 082 1010 1012 0334 13 148 -999 -999 -999 -999 S -999 -999 -999 -999 -9 -99N -999W -999 -999 -999 -999 
NHC  09E HOWARD    20220809 1800 223N 1173W 300 046 0989 1012 0222 33 028 0093 0074 0074 0093 D 0046 0046 0028 0046 72 250N 1260W 0028 -999 -999 0028 
JTWC 97W INVEST    20220809 1800 191N 1114E 325 047 0997 1003 0500 13 259 -999 -999 -999 -999 S
JTWC 90W INVEST    20220809 1800 252N 1414E 295 088 1005 1009 0204 10 037 -999 -999 -999 -999 S
NHC  97L INVEST    20220810 0000 122N 0307W 275 082 1010 1012 0334 13 148 -999 -999 -999 -999 S -999 -999 -999 -999 -9 -99N -999W -999 -999 -999 -999 
NHC  09E HOWARD    20220810 0000 229N 1180W 305 046 0994 1012 0222 31 028 0093 0074 0074 0093 D 0046 0046 0028 0046 72 249N 1265W -999 -999 -999 -999 
JTWC 97W INVEST    20220810 0000 203N 1102E 320 067 0996 1003 0500 13 259 -999 -999 -999 -999 S
JTWC 90W INVEST    20220810 0000 261N 1399E 300 088 1007 1009 0204 10 037 -999 -999 -999 -999 S
NHC  97L INVEST    20220810 0600 123N 0319W 275 072 1010 1012 0334 13 148 -999 -999 -999 -999 S -999 -999 -999 -999 -9 -99N -999W -999 -999 -999 -999 
NHC  09E HOWARD    20220810 0600 233N 1188W 305 046 0995 1010 0222 28 028 0093 0074 0056 0093 D 0046 0037 -999 0046 48 249N 1244W -999 -999 -999 -999 
JTWC 97W INVEST    20220810 0600 202N 1106E 315 047 0996 1003 0500 13 259 -999 -999 -999 -999 S
JTWC 90W INVEST    20220810 0600 272N 1397E 310 072 1006 1009 0204 10 037 -999 -999 -999 -999 S
NHC  97L INVEST    20220810 1200 125N 0334W 275 072 1011 1013 0278 13 148 -999 -999 -999 -999 S -999 -999 -999 -999 -9 -99N -999W -999 -999 -999 -999 
NHC  09E HOWARD    20220810 1200 236N 1198W 295 046 0999 1012 0241 26 037 0093 0074 0056 0093 M 0037 -999 -999 0037 48 249N 1252W -999 -999 -999 -999 
JTWC 97W INVEST    20220810 1200 207N 1086E 300 062 0998 1003 0500 10 259 -999 -999 -999 -999 S
JTWC 90W INVEST    20220810 1200 276N 1385E 310 062 1007 1009 0204 10 101 -999 -999 -999 -999 S
NHC  97L INVEST    20220810 1800 127N 0342W 280 067 1010 1012 0278 13 148 -999 -999 -999 -999 S -999 -999 -999 -999 -9 -99N -999W -999 -999 -999 -999 
NHC  90E INVEST    20220810 1800 120N 1020W 270 051 1011 1013 0278 10 167 -999 -999 -999 -999 S -999 -999 -999 -999 -9 -99N -999W -999 -999 -999 -999 
NHC  09E HOWARD    20220810 1800 238N 1209W 285 051 1004 1014 0185 23 037 0093 0074 -999 0093 S -999 -999 -999 -999 48 249N 1260W -999 -999 -999 -999 
JTWC 97W INVEST    20220810 1800 209N 1073E 290 072 0998 1003 0500 10 259 -999 -999 -999 -999 S
JTWC 90W INVEST    20220810 1800 281N 1377E 315 052 1006 1009 0204 10 101 -999 -999 -999 -999 S
NHC  97L INVEST    20220811 0000 127N 0355W 275 062 1010 1012 0278 13 148 -999 -999 -999 -999 S -999 -999 -999 -999 -9 -99N -999W -999 -999 -999 -999 
NHC  90E INVEST    20220811 0000 125N 1028W 285 046 1011 1013 0278 10 167 -999 -999 -999 -999 S -999 -999 -999 -999 -9 -99N -999W -999 -999 -999 -999 
NHC  90C INVEST    20220811 0000 136N 1582W 295 062 1010 1012 0232 13 222 -999 -999 -999 -999 S -999 -999 -999 -999 -9 -99N -999W -999 -999 -999 -999 
NHC  09E HOWARD    20220811 0000 240N 1219W 280 051 1006 1015 0297 21 037 0074 -999 -999 0074 S -999 -999 -999 -999 48 250N 1270W -999 -999 -999 -999 
JTWC 90W INVEST    20220811 0000 287N 1366E 305 057 1007 1010 0250 10 101 -999 -999 -999 -999 S
NHC  90E INVEST    20220811 0600 124N 1037W 280 046 1010 1013 0334 13 167 -999 -999 -999 -999 S -999 -999 -999 -999 -9 -99N -999W -999 -999 -999 -999 
NHC  90C INVEST    20220811 0600 145N 1595W 305 077 1010 1013 0232 13 222 -999 -999 -999 -999 S -999 -999 -999 -999 -9 -99N -999W -999 -999 -999 -999 
JTWC 09W NINE      20220811 0600 288N 1358E 295 047 1003 1008 0250 13 101 -999 -999 -999 -999 S
NHC  90E INVEST    20220811 1200 135N 1055W 295 072 1010 1012 0371 10 167 -999 -999 -999 -999 S -999 -999 -999 -999 -9 -99N -999W -999 -999 -999 -999 
NHC  90C INVEST    20220811 1200 152N 1607W 305 077 1010 1013 0232 13 222 -999 -999 -999 -999 S -999 -999 -999 -999 -9 -99N -999W -999 -999 -999 -999 
JTWC 09W NINE      20220811 1200 288N 1361E 300 026 1002 1009 0259 15 101 -999 -999 -999 -999 S
NHC  90E INVEST    20220811 1800 138N 1059W 295 051 1009 1012 0371 13 130 -999 -999 -999 -999 S -999 -999 -999 -999 -9 -99N -999W -999 -999 -999 -999 
NHC  90C INVEST    20220811 1800 157N 1625W 295 082 1010 1012 0222 13 167 -999 -999 -999 -999 S -999 -999 -999 -999 -9 -99N -999W -999 -999 -999 -999 
JTWC 09W NINE      20220811 1800 288N 1359E 285 006 0999 1007 0259 18 101 0093 0148 0250 -999 M
NHC  90E INVEST    20220812 0000 141N 1064W 295 036 1009 1011 0371 13 130 -999 -999 -999 -999 S -999 -999 -999 -999 -9 -99N -999W -999 -999 -999 -999 
NHC  90C INVEST    20220812 0000 159N 1647W 290 088 1010 1012 0222 13 167 -999 -999 -999 -999 S -999 -999 -999 -999 -9 -99N -999W -999 -999 -999 -999 
JTWC 98A INVEST    20220812 0000 226N 0663E 275 067 0990 0993 0324 13 101 -999 -999 -999 -999 S
JTWC 09W MEARI     20220812 0000 304N 1362E 010 026 0999 1007 0259 18 101 -999 0148 -999 -999 M
NHC  90E INVEST    20220812 0600 145N 1072W 300 036 1009 1011 0371 13 130 -999 -999 -999 -999 S -999 -999 -999 -999 -9 -99N -999W -999 -999 -999 -999 
NHC  90C INVEST    20220812 0600 165N 1660W 280 062 1011 1013 0185 13 148 -999 -999 -999 -999 S -999 -999 -999 -999 -9 -99N -999W -999 -999 -999 -999 
JTWC 09W MEARI     20220812 0600 308N 1365E 015 042 0994 1006 0232 18 074 -999 0213 -999 -999 M
JTWC 03A THREE     20220812 0600 217N 0657E 265 062 0991 0995 0324 18 092 0121 0185 0139 0111 S
NHC  90E INVEST    20220812 1200 152N 1073W 315 036 1009 1011 0371 13 130 -999 -999 -999 -999 S -999 -999 -999 -999 -9 -99N -999W -999 -999 -999 -999 
NHC  90C INVEST    20220812 1200 163N 1676W 275 072 1011 1013 0185 15 093 -999 -999 -999 -999 S -999 -999 -999 -999 -9 -99N -999W -999 -999 -999 -999 
JTWC 09W MEARI     20220812 1200 319N 1367E 010 047 0997 1007 0222 18 074 0130 0158 -999 -999 M
JTWC 03A THREE     20220812 1200 220N 0656E 275 042 0989 0994 0278 18 092 -999 0185 0139 0111 S
NHC  98L INVEST    20220812 1800 283N 0923W 265 031 1014 1016 0334 10 111 -999 -999 -999 -999 S -999 -999 -999 -999 -9 -99N -999W -999 -999 -999 -999 
NHC  90E INVEST    20220812 1800 159N 1077W 320 036 1009 1011 0371 13 130 -999 -999 -999 -999 S -999 -999 -999 -999 -9 -99N -999W -999 -999 -999 -999 
JTWC 09W MEARI     20220812 1800 330N 1367E 010 047 0997 1007 0204 18 120 0065 0139 0121 -999 S
JTWC 03A THREE     20220812 1800 223N 0647E 290 032 0992 0994 0324 18 074 -999 0074 -999 0111 S
NHC  98L INVEST    20220813 0000 281N 0929W 260 031 1013 1014 0278 10 111 -999 -999 -999 -999 S -999 -999 -999 -999 -9 -99N -999W -999 -999 -999 -999 
NHC  90E INVEST    20220813 0000 168N 1086W 320 046 1009 1011 0334 13 130 -999 -999 -999 -999 S -999 -999 -999 -999 -9 -99N -999W -999 -999 -999 -999 
JTWC 09W MEARI     20220813 0000 337N 1373E 015 052 0998 1007 0204 18 092 0093 0139 0056 -999 S
JTWC 03A THREE     20220813 0000 219N 0637E 275 032 0992 0994 0204 18 092 -999 0074 0093 0111 S
NHC  98L INVEST    20220813 0600 281N 0937W 265 031 1013 1014 0278 10 111 -999 -999 -999 -999 S -999 -999 -999 -999 -9 -99N -999W -999 -999 -999 -999 
NHC  90E INVEST    20220813 0600 174N 1097W 315 051 1009 1011 0334 13 130 -999 -999 -999 -999 S -999 -999 -999 -999 -9 -99N -999W -999 -999 -999 -999 
JTWC 09W MEARI     20220813 0600 347N 1382E 025 052 0996 1007 0204 15 092 -999 -999 -999 -999 S
JTWC 03A THREE     20220813 0600 215N 0636E 255 032 0992 0997 0204 15 101 -999 -999 -999 -999 S
NHC  98L INVEST    20220813 1200 280N 0947W 265 041 1013 1014 0278 10 111 -999 -999 -999 -999 S -999 -999 -999 -999 -9 -99N -999W -999 -999 -999 -999 
NHC  90E INVEST    20220813 1200 178N 1103W 305 051 1008 1011 0222 15 074 -999 -999 -999 -999 S -999 -999 -999 -999 -9 -99N -999W -999 -999 -999 -999 
JTWC 09W MEARI     20220813 1200 357N 1401E 045 067 0997 1007 0204 15 092 -999 -999 -999 -999 S
JTWC 03A THREE     20220813 1200 216N 0648E 160 016 0991 0997 0204 15 101 -999 -999 -999 -999 S
NHC  98L INVEST    20220813 1800 276N 0956W 255 046 1013 1014 0278 13 111 -999 -999 -999 -999 S -999 -999 -999 -999 -9 -99N -999W -999 -999 -999 -999 
NHC  90E INVEST    20220813 1800 179N 1113W 290 046 1007 1011 0222 15 056 -999 -999 -999 -999 S -999 -999 -999 -999 -9 -99N -999W -999 -999 -999 -999 
NHC  10E TEN       20220813 1800 179N 1113W 290 046 1007 1011 0222 15 056 -999 -999 -999 -999 S -999 -999 -999 -999 -9 -99N -999W -999 -999 -999 -999 
JTWC 09W MEARI     20220813 1800 372N 1426E 050 093 0993 1006 0250 18 157 0084 0213 0158 -999 S
NHC  98L INVEST    20220814 0000 273N 0962W 245 036 1012 1013 0278 13 111 -999 -999 -999 -999 S -999 -999 -999 -999 -9 -99N -999W -999 -999 -999 -999 
NHC  10E TEN       20220814 0000 181N 1119W 285 041 1007 1011 0222 15 056 -999 -999 -999 -999 S -999 -999 -999 -999 48 182N 1149W -999 -999 -999 -999 
JTWC 09W MEARI     20220814 0000 392N 1448E 045 118 0996 1006 0176 18 157 0139 0204 0139 -999 S
NHC  98L INVEST    20220814 0600 270N 0972W 250 041 1012 1013 0278 10 111 -999 -999 -999 -999 S -999 -999 -999 -999 -9 -99N -999W -999 -999 -999 -999 
NHC  10E TEN       20220814 0600 183N 1124W 285 036 1007 1011 0222 15 056 -999 -999 -999 -999 S -999 -999 -999 -999 48 182N 1150W -999 -999 -999 -999 
JTWC 09W MEARI     20220814 0600 409N 1470E 045 128 0991 1006 0176 20 157 0195 0195 0167 -999 M
NHC  98L INVEST    20220814 1200 275N 0975W 265 031 1009 1012 0278 13 111 -999 -999 -999 -999 S -999 -999 -999 -999 -9 -99N -999W -999 -999 -999 -999 
NHC  10E TEN       20220814 1200 185N 1129W 295 026 1007 1011 0222 15 056 -999 -999 -999 -999 S -999 -999 -999 -999 48 182N 1152W -999 -999 -999 -999 
JTWC 09W MEARI     20220814 1200 436N 1492E 035 139 0990 1006 0176 20 157 0148 0259 0148 -999 M
NHC  98L INVEST    20220814 1800 275N 0980W 270 026 1009 1012 0278 13 111 -999 -999 -999 -999 S -999 -999 -999 -999 -9 -99N -999W -999 -999 -999 -999 
NHC  10E TEN       20220814 1800 180N 1132W 265 015 1007 1012 0222 15 056 -999 -999 -999 -999 S -999 -999 -999 -999 72 180N 1170W -999 -999 -999 -999 
NHC  10E TEN       20220815 0000 179N 1134W 240 015 1007 1012 0222 15 074 -999 -999 -999 -999 S -999 -999 -999 -999 72 176N 1173W -999 -999 -999 -999 
NHC  10E TEN       20220815 0600 180N 1134W 265 010 1007 1012 0222 13 074 -999 -999 -999 -999 S -999 -999 -999 -999 72 174N 1176W -999 -999 -999 -999 
NHC  10E TEN       20220815 1200 178N 1135W 240 005 1007 1012 0222 13 074 -999 -999 -999 -999 S -999 -999 -999 -999 72 180N 1182W -999 -999 -999 -999 
NHC  10E TEN       20220815 1800 177N 1137W 240 010 1007 1011 0222 15 074 -999 -999 -999 -999 S -999 -999 -999 -999 72 182N 1183W -999 -999 -999 -999 
NHC  10E IVETTE    20220815 1800 177N 1137W 240 010 1005 1011 0222 18 111 -999 -999 -999 0148 S -999 -999 -999 -999 72 182N 1183W -999 -999 -999 -999 
NHC  10E IVETTE    20220816 0000 177N 1141W 260 015 1006 1011 0259 15 111 -999 -999 -999 -999 S -999 -999 -999 -999 72 185N 1185W -999 -999 -999 -999 
NHC  10E IVETTE    20220816 0600 172N 1143W 230 021 1006 1009 0241 15 111 -999 -999 -999 -999 S -999 -999 -999 -999 72 186N 1190W -999 -999 -999 -999 
NHC  10E IVETTE    20220816 1200 172N 1144W 270 005 1006 1008 0334 15 111 -999 -999 -999 -999 S -999 -999 -999 -999 72 180N 1196W -999 -999 -999 -999 
NHC  10E IVETTE    20220816 1800 172N 1149W 270 015 1007 1010 0371 13 111 -999 -999 -999 -999 S -999 -999 -999 -999 72 178N 1197W -999 -999 -999 -999 
JTWC 99B INVEST    20220818 0000 189N 0934E 305 042 0994 0996 0148 13 064 -999 -999 -999 -999 S
JTWC 99B INVEST    20220818 0600 196N 0923E 300 052 0994 0996 0148 13 064 -999 -999 -999 -999 S
JTWC 99B INVEST    20220818 1200 202N 0907E 295 062 0993 0996 0315 15 064 -999 -999 -999 -999 S
NHC  99L INVEST    20220818 1800 177N 0907W 305 036 1010 1012 0222 10 111 -999 -999 -999 -999 S -999 -999 -999 -999 -9 -99N -999W -999 -999 -999 -999 
JTWC 04B FOUR      20220818 1800 205N 0899E 295 057 0992 1000 0333 18 064 0065 0065 0037 0037 S
NHC  99L INVEST    20220819 0000 182N 0910W 315 031 1009 1012 0222 10 148 -999 -999 -999 -999 S -999 -999 -999 -999 -9 -99N -999W -999 -999 -999 -999 
JTWC 04B FOUR      20220819 0000 208N 0891E 295 052 0991 1000 0333 20 064 0093 0093 0074 0084 S
NHC  99L INVEST    20220819 0600 190N 0915W 325 036 1009 1012 0222 10 148 -999 -999 -999 -999 S -999 -999 -999 -999 -9 -99N -999W -999 -999 -999 -999 
JTWC 04B FOUR      20220819 0600 210N 0891E 300 032 0990 1002 0370 23 055 0158 0121 0130 0130 M
NHC  99L INVEST    20220819 1200 196N 0928W 315 046 1009 1012 0222 10 148 -999 -999 -999 -999 S -999 -999 -999 -999 -9 -99N -999W -999 -999 -999 -999 
JTWC 04B FOUR      20220819 1200 217N 0882E 310 037 0995 1002 0370 20 055 0102 0130 0139 0093 M
NHC  99L INVEST    20220819 1800 204N 0940W 315 062 1009 1012 0222 13 148 -999 -999 -999 -999 S -999 -999 -999 -999 -9 -99N -999W -999 -999 -999 -999 
NHC  04L INVEST    20220819 1800 204N 0940W 315 062 1009 1012 0222 13 148 -999 -999 -999 -999 S -999 -999 -999 -999 -9 -99N -999W -999 -999 -999 -999 
JTWC 04B FOUR      20220819 1800 220N 0873E 305 042 0995 1002 0370 18 055 0259 0148 0102 0195 M
NHC  04L FOUR      20220820 0000 213N 0949W 310 062 1009 1012 0222 15 148 -999 -999 -999 -999 S -999 -999 -999 -999 48 271N  996W -999 -999 -999 -999 
JTWC 04B FOUR      20220820 0000 227N 0855E 295 062 0998 1002 0370 15 055 -999 -999 -999 -999 M
NHC  04L FOUR      20220820 0600 222N 0955W 320 057 1010 1012 0222 15 148 -999 -999 -999 -999 S -999 -999 -999 -999 36 269N  991W -999 -999 -999 -999 
NHC  10E IVETTE    20220820 1200 163N 1221W 230 031 1008 1012 0222 13 111 -999 -999 -999 -999 S -999 -999 -999 -999 -9 -99N -999W -999 -999 -999 -999 
NHC  10E IVETTE    20220820 1800 164N 1229W 250 031 1008 1012 0222 13 111 -999 -999 -999 -999 S -999 -999 -999 -999 -9 -99N -999W -999 -999 -999 -999 
NHC  04L FOUR      20220820 1800 241N 0970W 325 062 1010 1012 0222 15 148 -999 -999 -999 -999 S -999 -999 -999 -999 24 270N  987W -999 -999 -999 -999 
NHC  10E IVETTE    20220821 0000 166N 1237W 270 036 1008 1012 0222 13 111 -999 -999 -999 -999 S -999 -999 -999 -999 -9 -99N -999W -999 -999 -999 -999 
NHC  04L FOUR      20220821 0000 248N 0976W 320 057 1010 1011 0222 15 148 -999 -999 -999 -999 S -999 -999 -999 -999 12 263N  986W -999 -999 -999 -999 
NHC  10E IVETTE    20220821 1200 173N 1256W 290 046 1008 1012 0222 13 111 -999 -999 -999 -999 S -999 -999 -999 -999 -9 -99N -999W -999 -999 -999 -999 
JTWC 93W INVEST    20220821 1200 170N 1263E 245 047 1003 1007 0407 10 129 -999 -999 -999 -999 S
NHC  91E INVEST    20220821 1800 175N 1124W 310 057 1012 1014 0556 13 111 -999 -999 -999 -999 S -999 -999 -999 -999 -9 -99N -999W -999 -999 -999 -999 
NHC  10E IVETTE    20220821 1800 171N 1267W 280 051 1008 1012 0222 13 111 -999 -999 -999 -999 S -999 -999 -999 -999 -9 -99N -999W -999 -999 -999 -999 
NHC  91E INVEST    20220822 0000 177N 1136W 300 057 1012 1014 0371 13 148 -999 -999 -999 -999 S -999 -999 -999 -999 -9 -99N -999W -999 -999 -999 -999 
NHC  91E INVEST    20220822 0600 177N 1142W 280 046 1012 1014 0371 13 185 -999 -999 -999 -999 S -999 -999 -999 -999 -9 -99N -999W -999 -999 -999 -999 
JTWC 11W TOKAGE    20220822 0600 249N 1517E 015 042 0998 1006 0370 20 055 0102 0102 -999 -999 M
JTWC 10W MA-ON     20220822 0600 162N 1237E 260 047 0998 1005 0481 20 055 0130 0130 0130 -999 M
NHC  91E INVEST    20220822 1200 182N 1144W 295 036 1012 1014 0371 13 185 -999 -999 -999 -999 S -999 -999 -999 -999 -9 -99N -999W -999 -999 -999 -999 
NHC  90L INVEST    20220822 1200 162N 0293W 270 067 1010 1012 0278 13 056 -999 -999 -999 -999 S -999 -999 -999 -999 -9 -99N -999W -999 -999 -999 -999 
JTWC 11W TOKAGE    20220822 1200 261N 1517E 005 047 0998 1009 0370 23 055 0111 0111 -999 -999 M
JTWC 10W MA-ON     20220822 1200 162N 1232E 270 037 0996 1006 0454 23 055 0139 0130 0121 0130 M
NHC  91E INVEST    20220822 1800 186N 1156W 295 041 1012 1014 0371 13 185 -999 -999 -999 -999 S -999 -999 -999 -999 -9 -99N -999W -999 -999 -999 -999 
NHC  90L INVEST    20220822 1800 163N 0310W 270 072 1010 1012 0278 13 056 -999 -999 -999 -999 S -999 -999 -999 -999 -9 -99N -999W -999 -999 -999 -999 
JTWC 11W TOKAGE    20220822 1800 272N 1513E 000 057 0996 1009 0389 28 046 0139 0121 0093 0111 M
JTWC 10W MA-ON     20220822 1800 166N 1227E 285 032 0995 1006 0472 26 037 0121 0130 0130 0139 M
NHC  91E INVEST    20220823 0000 187N 1160W 290 036 1011 1013 0371 15 111 -999 -999 -999 -999 S -999 -999 -999 -999 -9 -99N -999W -999 -999 -999 -999 
NHC  90L INVEST    20220823 0000 161N 0336W 270 093 1010 1012 0278 13 074 -999 -999 -999 -999 S -999 -999 -999 -999 -9 -99N -999W -999 -999 -999 -999 
JTWC 11W TOKAGE    20220823 0000 285N 1505E 345 067 0987 1009 0389 31 046 0204 0139 0111 0121 M
JTWC 10W MA-ON     20220823 0000 170N 1226E 305 021 0986 1006 0389 31 037 0158 0158 0093 0074 M
NHC  91E INVEST    20220823 0600 185N 1164W 275 026 1011 1013 0371 15 111 -999 -999 -999 -999 S -999 -999 -999 -999 -9 -99N -999W -999 -999 -999 -999 
NHC  90L INVEST    20220823 0600 156N 0359W 270 108 1010 1012 0334 10 148 -999 -999 -999 -999 S -999 -999 -999 -999 -9 -99N -999W -999 -999 -999 -999 
JTWC 11W TOKAGE    20220823 0600 302N 1498E 340 077 0982 1008 0333 33 027 0213 0185 0130 0139 D
JTWC 10W MA-ON     20220823 0600 177N 1217E 315 037 0989 1004 0389 28 037 0195 0158 0148 0148 D
NHC  91E INVEST    20220823 1200 185N 1160W 270 010 1010 1012 0371 15 111 -999 -999 -999 -999 S -999 -999 -999 -999 -9 -99N -999W -999 -999 -999 -999 
NHC  90L INVEST    20220823 1200 145N 0365W 250 088 1010 1011 0334 10 148 -999 -999 -999 -999 S -999 -999 -999 -999 -9 -99N -999W -999 -999 -999 -999 
JTWC 11W TOKAGE    20220823 1200 316N 1490E 340 077 0971 1008 0333 41 009 0213 0204 0111 0167 D
JTWC 10W MA-ON     20220823 1200 186N 1204E 315 052 0992 1004 0389 26 037 0185 0185 0176 0139 D
NHC  91E INVEST    20220823 1800 185N 1167W 270 026 1009 1011 0371 13 111 -999 -999 -999 -999 S -999 -999 -999 -999 -9 -99N -999W -999 -999 -999 -999 
NHC  90L INVEST    20220823 1800 147N 0362W 260 036 1012 1014 0334 10 148 -999 -999 -999 -999 S -999 -999 -999 -999 -9 -99N -999W -999 -999 -999 -999 
JTWC 11W TOKAGE    20220823 1800 330N 1485E 340 083 0963 1008 0333 46 009 0195 0232 0139 0121 D
JTWC 10W MA-ON     20220823 1800 191N 1188E 300 072 0991 1004 0361 26 037 0333 0306 0195 0158 D
NHC  91E INVEST    20220824 0000 185N 1173W 270 026 1009 1011 0371 13 111 -999 -999 -999 -999 S -999 -999 -999 -999 -9 -99N -999W -999 -999 -999 -999 
JTWC 11W TOKAGE    20220824 0000 341N 1486E 345 067 0956 1007 0259 48 009 0232 0222 0167 0167 D
JTWC 10W MA-ON     20220824 0000 193N 1174E 290 072 0992 1004 0361 26 037 0232 0176 0176 0167 D
NHC  91E INVEST    20220824 0600 183N 1169W 260 010 1009 1011 0371 13 093 -999 -999 -999 -999 S -999 -999 -999 -999 -9 -99N -999W -999 -999 -999 -999 
JTWC 11W TOKAGE    20220824 0600 352N 1490E 000 062 0959 1007 0259 46 022 0241 0241 0195 0176 D
JTWC 10W MA-ON     20220824 0600 197N 1168E 290 062 0989 1004 0361 28 046 0213 0158 0139 0195 D
JTWC 11W TOKAGE    20220824 1200 362N 1496E 015 057 0965 1007 0259 41 022 0232 0241 0204 0185 D
JTWC 10W MA-ON     20220824 1200 203N 1153E 290 062 0987 1003 0361 28 055 0232 0195 0176 0176 D
JTWC 11W TOKAGE    20220824 1800 371N 1504E 025 057 0968 1006 0222 38 022 0158 0213 0195 0185 D
JTWC 10W MA-ON     20220824 1800 204N 1136E 285 072 0986 1001 0259 28 055 0158 0185 0167 0167 D
JTWC 11W TOKAGE    20220825 0000 387N 1515E 030 067 0973 1007 0259 36 022 0204 0222 0176 0139 D
JTWC 10W MA-ON     20220825 0000 211N 1117E 290 083 0985 1001 0185 28 055 0278 0278 0167 0130 M
JTWC 11W TOKAGE    20220825 0600 404N 1528E 030 083 0982 1007 0259 28 083 0204 0222 0185 0139 D
JTWC 10W MA-ON     20220825 0600 218N 1101E 290 088 0991 1001 0259 23 055 0213 0195 0167 0167 D
JTWC 11W TOKAGE    20220825 1200 424N 1550E 035 108 0988 1009 0287 23 083 0195 0296 -999 -999 D
JTWC 10W MA-ON     20220825 1200 218N 1082E 285 083 0993 1002 0232 20 055 -999 0176 0158 -999 M
NHC  92L INVEST    20220828 0000 320N 0542W 315 036 1014 1017 0185 13 037 -999 -999 -999 -999 S -999 -999 -999 -999 -9 -99N -999W -999 -999 -999 -999 
NHC  91L INVEST    20220828 0000 137N 0410W 285 067 1009 1011 0278 10 167 -999 -999 -999 -999 S -999 -999 -999 -999 -9 -99N -999W -999 -999 -999 -999 
NHC  92L INVEST    20220828 0600 322N 0547W 310 031 1016 1018 0185 13 037 -999 -999 -999 -999 S -999 -999 -999 -999 -9 -99N -999W -999 -999 -999 -999 
NHC  91L INVEST    20220828 0600 142N 0420W 290 062 1009 1011 0278 13 167 -999 -999 -999 -999 S -999 -999 -999 -999 -9 -99N -999W -999 -999 -999 -999 
JTWC 12W TWELVE    20220828 0600 258N 1493E 330 052 1002 1010 0278 18 037 0222 0222 0121 0121 S
NHC  92L INVEST    20220828 1200 327N 0548W 320 021 1017 1019 0185 13 037 -999 -999 -999 -999 S -999 -999 -999 -999 -9 -99N -999W -999 -999 -999 -999 
NHC  91L INVEST    20220828 1200 145N 0438W 285 077 1009 1011 0278 13 167 -999 -999 -999 -999 S -999 -999 -999 -999 -9 -99N -999W -999 -999 -999 -999 
NHC  91L INVEST    20220828 1200 145N 0438W 285 077 1008 1011 0278 15 148 -999 -999 -999 -999 S -999 -999 -999 -999 -9 -99N -999W -999 -999 -999 -999 
JTWC 12W HINNAMNOR 20220828 1200 267N 1483E 320 057 0999 1010 0278 20 037 0222 0222 0121 0121 M
NHC  92L INVEST    20220828 1800 327N 0546W 090 015 1017 1019 0185 13 037 -999 -999 -999 -999 S -999 -999 -999 -999 -9 -99N -999W -999 -999 -999 -999 
NHC  91L INVEST    20220828 1800 139N 0449W 270 067 1008 1011 0222 15 148 -999 -999 -999 -999 S -999 -999 -999 -999 -9 -99N -999W -999 -999 -999 -999 
JTWC 12W HINNAMNOR 20220828 1800 272N 1469E 310 062 0996 1010 0296 26 046 0111 0121 0084 0130 M
NHC  92L INVEST    20220829 0000 324N 0545W 160 010 1017 1020 0185 13 037 -999 -999 -999 -999 S -999 -999 -999 -999 -9 -99N -999W -999 -999 -999 -999 
NHC  91L INVEST    20220829 0000 140N 0452W 270 036 1007 1012 0222 15 148 -999 -999 -999 -999 S -999 -999 -999 -999 -9 -99N -999W -999 -999 -999 -999 
JTWC 12W HINNAMNOR 20220829 0000 273N 1453E 295 067 0990 1008 0204 28 037 0139 0102 0074 0139 M
NHC  92L INVEST    20220829 0600 322N 0543W 155 010 1017 1020 0185 13 037 -999 -999 -999 -999 S -999 -999 -999 -999 -9 -99N -999W -999 -999 -999 -999 
NHC  91L INVEST    20220829 0600 143N 0455W 295 026 1007 1012 0222 15 148 -999 -999 -999 -999 S -999 -999 -999 -999 -9 -99N -999W -999 -999 -999 -999 
JTWC 12W HINNAMNOR 20220829 0600 274N 1432E 280 077 0978 1008 0324 38 018 0139 0121 0102 0121 D
NHC  92L INVEST    20220829 1200 316N 0541W 160 021 1017 1020 0185 13 037 -999 -999 -999 -999 S -999 -999 -999 -999 -9 -99N -999W -999 -999 -999 -999 
NHC  91L INVEST    20220829 1200 147N 0467W 290 036 1007 1012 0222 15 148 -999 -999 -999 -999 S -999 -999 -999 -999 -9 -99N -999W -999 -999 -999 -999 
JTWC 12W HINNAMNOR 20220829 1200 273N 1413E 275 088 0959 1008 0324 51 012 0139 0130 0084 0121 D
NHC  91L INVEST    20220829 1800 147N 0475W 285 041 1008 1011 0222 15 148 -999 -999 -999 -999 S -999 -999 -999 -999 -9 -99N -999W -999 -999 -999 -999 
JTWC 12W HINNAMNOR 20220829 1800 271N 1393E 270 093 0936 1006 0222 64 009 0148 0130 0121 0148 D
NHC  91L INVEST    20220830 0000 147N 0478W 280 031 1007 1012 0278 15 148 -999 -999 -999 -999 S -999 -999 -999 -999 -9 -99N -999W -999 -999 -999 -999 
JTWC 98W INVEST    20220830 0000 208N 1344E 210 006 1005 1007 0158 10 055 -999 -999 -999 -999 S
JTWC 12W HINNAMNOR 20220830 0000 268N 1374E 265 088 0944 1006 0259 59 009 0148 0167 0111 0148 D
NHC  91L INVEST    20220830 0600 147N 0480W 270 026 1007 1012 0278 13 148 -999 -999 -999 -999 S -999 -999 -999 -999 -9 -99N -999W -999 -999 -999 -999 
JTWC 98W INVEST    20220830 0600 201N 1340E 210 026 1002 1004 0158 10 055 -999 -999 -999 -999 S
JTWC 12W HINNAMNOR 20220830 0600 267N 1354E 265 088 0932 1003 0269 64 009 0176 0130 0139 0176 D
NHC  91L INVEST    20220830 1200 145N 0483W 260 015 1007 1012 0278 13 148 -999 -999 -999 -999 S -999 -999 -999 -999 -9 -99N -999W -999 -999 -999 -999 
JTWC 98W INVEST    20220830 1200 198N 1329E 220 037 1003 1005 0158 10 064 -999 -999 -999 -999 S
JTWC 12W HINNAMNOR 20220830 1200 265N 1336E 265 088 0926 1003 0269 66 009 0232 0176 0195 0232 D
NHC  91L INVEST    20220830 1800 148N 0491W 275 026 1007 1012 0334 15 167 -999 -999 -999 -999 S -999 -999 -999 -999 -9 -99N -999W -999 -999 -999 -999 
JTWC 13W THIRTEEN  20220830 1800 201N 1331E 275 016 0999 1002 0176 15 074 -999 -999 -999 -999 S
JTWC 12W HINNAMNOR 20220830 1800 263N 1319E 265 083 0920 1003 0269 71 009 0130 0084 0093 0139 D
NHC  92E INVEST    20220831 0000 138N 1041W 285 067 1007 1008 0278 10 167 -999 -999 -999 -999 S -999 -999 -999 -999 -9 -99N -999W -999 -999 -999 -999 
NHC  91L INVEST    20220831 0000 150N 0495W 290 026 1007 1011 0334 15 167 -999 -999 -999 -999 S -999 -999 -999 -999 -9 -99N -999W -999 -999 -999 -999 
JTWC 13W THIRTEEN  20220831 0000 204N 1324E 310 021 0998 1003 0139 15 074 -999 -999 -999 -999 S
JTWC 12W HINNAMNOR 20220831 0000 259N 1303E 260 083 0924 1002 0287 69 009 0121 0093 0102 0121 D
NHC  92E INVEST    20220831 0600 141N 1053W 285 067 1007 1008 0278 10 167 -999 -999 -999 -999 S -999 -999 -999 -999 -9 -99N -999W -999 -999 -999 -999 
NHC  91L INVEST    20220831 0600 151N 0500W 295 026 1007 1010 0334 15 167 -999 -999 -999 -999 S -999 -999 -999 -999 -9 -99N -999W -999 -999 -999 -999 
JTWC 13W THIRTEEN  20220831 0600 209N 1324E 335 021 0998 1000 0139 15 074 -999 -999 -999 -999 S
JTWC 12W HINNAMNOR 20220831 0600 254N 1290E 255 072 0926 1002 0287 66 009 0167 0148 0148 0176 D
NHC  93L INVEST    20220831 1200 375N 0466W 085 031 1016 1018 0278 13 093 -999 -999 -999 -999 S -999 -999 -999 -999 -9 -99N -999W -999 -999 -999 -999 
NHC  92E INVEST    20220831 1200 150N 1060W 295 057 1007 1008 0278 10 167 -999 -999 -999 -999 S -999 -999 -999 -999 -9 -99N -999W -999 -999 -999 -999 
NHC  91L INVEST    20220831 1200 152N 0505W 290 026 1008 1012 0334 15 167 -999 -999 -999 -999 S -999 -999 -999 -999 -9 -99N -999W -999 -999 -999 -999 
JTWC 13W THIRTEEN  20220831 1200 221N 1320E 350 037 0995 1000 0139 15 074 -999 -999 -999 -999 S
JTWC 12W HINNAMNOR 20220831 1200 248N 1277E 250 072 0930 0999 0287 64 009 0195 0176 0185 0195 D
NHC  93L INVEST    20220831 1800 379N 0460W 060 031 1016 1018 0204 13 093 -999 -999 -999 -999 S -999 -999 -999 -999 -9 -99N -999W -999 -999 -999 -999 
NHC  92E INVEST    20220831 1800 160N 1070W 300 057 1007 1009 0278 15 167 -999 -999 -999 -999 S -999 -999 -999 -999 -9 -99N -999W -999 -999 -999 -999 
NHC  91L INVEST    20220831 1800 155N 0508W 290 026 1008 1010 0278 15 167 -999 -999 -999 -999 S -999 -999 -999 -999 -9 -99N -999W -999 -999 -999 -999 
JTWC 13W THIRTEEN  20220831 1800 230N 1303E 325 057 0998 1000 0148 13 064 -999 -999 -999 -999 S
JTWC 12W HINNAMNOR 20220831 1800 240N 1265E 240 067 0931 0999 0296 64 009 0093 0139 0148 0111 D
NHC  93L INVEST    20220901 0000 380N 0454W 060 026 1014 1017 0204 13 074 -999 -999 -999 -999 S -999 -999 -999 -999 -9 -99N -999W -999 -999 -999 -999 
NHC  92E INVEST    20220901 0000 166N 1079W 305 057 1006 1008 0334 15 167 -999 -999 -999 -999 S -999 -999 -999 -999 -9 -99N -999W -999 -999 -999 -999 
NHC  91L INVEST    20220901 0000 157N 0512W 300 021 1008 1010 0278 15 167 -999 -999 -999 -999 S -999 -999 -999 -999 -9 -99N -999W -999 -999 -999 -999 
JTWC 13W THIRTEEN  20220901 0000 242N 1294E 320 072 1000 1001 0195 13 092 -999 -999 -999 -999 S
JTWC 12W HINNAMNOR 20220901 0000 226N 1258E 225 067 0915 0999 0306 71 009 0111 0158 0167 0121 D
NHC  94L INVEST    20220901 0600 169N 0224W 305 021 1005 1008 0389 13 093 -999 -999 -999 -999 S -999 -999 -999 -999 -9 -99N -999W -999 -999 -999 -999 
NHC  93L INVEST    20220901 0600 381N 0452W 070 015 1013 1017 0204 15 074 -999 -999 -999 -999 S -999 -999 -999 -999 -9 -99N -999W -999 -999 -999 -999 
NHC  92E INVEST    20220901 0600 173N 1091W 300 062 1005 1008 0334 15 185 -999 -999 -999 -999 S -999 -999 -999 -999 -9 -99N -999W -999 -999 -999 -999 
NHC  91L INVEST    20220901 0600 158N 0518W 290 026 1008 1010 0278 15 167 -999 -999 -999 -999 S -999 -999 -999 -999 -9 -99N -999W -999 -999 -999 -999 
NHC  05L INVEST    20220901 0600 381N 0452W 070 015 1013 1017 0204 15 074 -999 -999 -999 -999 S -999 -999 -999 -999 -9 -99N -999W -999 -999 -999 -999 
JTWC 12W HINNAMNOR 20220901 0600 218N 1255E 215 062 0921 0999 0370 69 009 0111 0139 0167 0167 D
NHC  94L INVEST    20220901 1200 176N 0237W 305 041 1005 1008 0389 13 093 -999 -999 -999 -999 S -999 -999 -999 -999 -9 -99N -999W -999 -999 -999 -999 
NHC  92E INVEST    20220901 1200 180N 1098W 305 057 1004 1007 0445 15 185 -999 -999 -999 -999 S -999 -999 -999 -999 -9 -99N -999W -999 -999 -999 -999 
NHC  91L INVEST    20220901 1200 160N 0525W 285 031 1008 1010 0278 15 167 -999 -999 -999 -999 S -999 -999 -999 -999 -9 -99N -999W -999 -999 -999 -999 
NHC  05L FIVE      20220901 1200 381N 0448W 080 015 1013 1017 0204 15 074 -999 -999 -999 -999 S -999 -999 -999 -999 72 382N  451W -999 -999 -999 -999 
JTWC 12W HINNAMNOR 20220901 1200 213N 1256E 195 047 0935 0999 0370 61 009 0093 0139 0139 0139 D
NHC  94L INVEST    20220901 1800 185N 0250W 305 057 1005 1008 0389 13 093 -999 -999 -999 -999 S -999 -999 -999 -999 -9 -99N -999W -999 -999 -999 -999 
NHC  92E INVEST    20220901 1800 186N 1102W 320 046 1002 1007 0445 15 185 -999 -999 -999 -999 S -999 -999 -999 -999 -9 -99N -999W -999 -999 -999 -999 
NHC  91L INVEST    20220901 1800 162N 0545W 280 051 1008 1010 0278 15 167 -999 -999 -999 -999 S -999 -999 -999 -999 -9 -99N -999W -999 -999 -999 -999 
NHC  11E ELEVEN    20220901 1800 186N 1102W 320 046 1002 1007 0445 15 185 -999 -999 -999 -999 S -999 -999 -999 -999 -9 -99N -999W -999 -999 -999 -999 
NHC  05L DANIELLE  20220901 1800 381N 0446W 090 010 1005 1017 0185 26 037 0074 0056 -999 0056 S 0037 -999 -999 -999 72 385N  449W -999 -999 -999 -999 
JTWC 12W HINNAMNOR 20220901 1800 214N 1255E 190 021 0936 1005 0648 59 009 0185 0315 0269 0518 D
NHC  94L INVEST    20220902 0000 187N 0260W 300 062 1006 1008 0389 13 093 -999 -999 -999 -999 S -999 -999 -999 -999 -9 -99N -999W -999 -999 -999 -999 
NHC  93E INVEST    20220902 0000 129N 0946W 205 036 1008 1009 0334 10 111 -999 -999 -999 -999 S -999 -999 -999 -999 -9 -99N -999W -999 -999 -999 -999 
NHC  91L INVEST    20220902 0000 169N 0554W 290 057 1008 1010 0278 15 167 -999 -999 -999 -999 S -999 -999 -999 -999 -9 -99N -999W -999 -999 -999 -999 
NHC  11E ELEVEN    20220902 0000 193N 1110W 320 046 1003 1006 0445 15 185 -999 -999 -999 -999 S -999 -999 -999 -999 72 258N 1218W -999 -999 -999 -999 
NHC  05L DANIELLE  20220902 0000 380N 0441W 100 015 0999 1018 0204 28 037 0111 0074 0037 0093 S 0037 0037 -999 0037 72 387N  449W -999 -999 -999 -999 
JTWC 12W HINNAMNOR 20220902 0000 215N 1254E 195 006 0952 1004 0648 48 009 0343 0370 0352 0222 D
NHC  94L INVEST    20220902 0600 191N 0270W 295 057 1006 1008 0389 13 093 -999 -999 -999 -999 S -999 -999 -999 -999 -9 -99N -999W -999 -999 -999 -999 
NHC  93E INVEST    20220902 0600 126N 0954W 225 036 1008 1009 0334 10 111 -999 -999 -999 -999 S -999 -999 -999 -999 -9 -99N -999W -999 -999 -999 -999 
NHC  91L INVEST    20220902 0600 170N 0564W 285 057 1008 1010 0278 15 167 -999 -999 -999 -999 S -999 -999 -999 -999 -9 -99N -999W -999 -999 -999 -999 
NHC  11E JAVIER    20220902 0600 195N 1114W 315 036 1000 1006 0445 18 130 0093 0130 0074 0056 S -999 -999 -999 -999 72 261N 1229W -999 -999 -999 -999 
NHC  05L DANIELLE  20220902 0600 379N 0436W 100 021 0996 1018 0204 31 037 0111 0074 0056 0093 D 0037 0037 0037 0037 72 389N  445W -999 -999 -999 -999 
JTWC 12W HINNAMNOR 20220902 0600 220N 1251E 325 016 0964 1001 0648 41 027 0185 0296 0296 0167 D
NHC  94L INVEST    20220902 1200 192N 0274W 290 036 1007 1009 0389 13 093 -999 -999 -999 -999 S -999 -999 -999 -999 -9 -99N -999W -999 -999 -999 -999 
NHC  93E INVEST    20220902 1200 127N 0960W 260 031 1008 1009 0334 10 111 -999 -999 -999 -999 S -999 -999 -999 -999 -9 -99N -999W -999 -999 -999 -999 
NHC  91L INVEST    20220902 1200 171N 0575W 280 051 1008 1010 0278 15 148 -999 -999 -999 -999 S -999 -999 -999 -999 -9 -99N -999W -999 -999 -999 -999 
NHC  11E JAVIER    20220902 1200 202N 1119W 320 036 1000 1006 0334 21 130 0093 0130 0074 0056 M -999 -999 -999 -999 72 261N 1239W -999 -999 -999 -999 
NHC  05L DANIELLE  20220902 1200 380N 0432W 090 015 0992 1018 0222 33 028 0130 0093 0111 0130 D 0056 0037 0056 0056 72 392N  437W -999 -999 -999 0028 
JTWC 12W HINNAMNOR 20220902 1200 222N 1247E 315 021 0962 1001 0648 41 027 0306 0315 0306 0324 D
NHC  93E INVEST    20220902 1800 130N 0965W 290 031 1008 1009 0334 10 111 -999 -999 -999 -999 S -999 -999 -999 -999 -9 -99N -999W -999 -999 -999 -999 
NHC  91L INVEST    20220902 1800 180N 0586W 295 057 1008 1010 0278 15 148 -999 -999 -999 -999 S -999 -999 -999 -999 -9 -99N -999W -999 -999 -999 -999 
NHC  11E JAVIER    20220902 1800 213N 1125W 330 051 1000 1008 0389 21 111 0074 0130 0093 0074 M -999 -999 -999 -999 72 263N 1250W -999 -999 -999 -999 
NHC  05L DANIELLE  20220902 1800 379N 0435W 360 000 0992 1016 0222 33 028 0185 0130 0130 0148 D 0056 0056 0056 0056 72 396N  431W -999 -999 0028 0028 
JTWC 12W HINNAMNOR 20220902 1800 224N 1247E 325 016 0967 1002 0611 38 046 0259 0389 0287 0241 D
NHC  93E INVEST    20220903 0000 125N 0963W 265 015 1007 1009 0371 13 111 -999 -999 -999 -999 S -999 -999 -999 -999 -9 -99N -999W -999 -999 -999 -999 
NHC  91L INVEST    20220903 0000 183N 0598W 295 062 1005 1010 0278 18 222 0278 0278 -999 -999 S -999 -999 -999 -999 -9 -99N -999W -999 -999 -999 -999 
NHC  11E JAVIER    20220903 0000 226N 1128W 335 057 0999 1008 0556 23 111 0111 0148 0093 0074 M -999 -999 -999 -999 72 268N 1258W -999 -999 -999 -999 
NHC  11E JAVIER    20220903 0000 226N 1128W 330 062 0999 1008 0556 23 111 0111 0148 0093 0074 M -999 -999 -999 -999 72 268N 1258W -999 -999 -999 -999 
NHC  06L EARL      20220903 0000 183N 0598W 295 062 1005 1010 0278 18 222 0278 0278 -999 -999 S -999 -999 -999 -999 -9 -99N -999W -999 -999 -999 -999 
NHC  05L DANIELLE  20220903 0000 379N 0434W 360 000 0988 1019 0445 33 028 0204 0167 0167 0167 D 0074 0056 0056 0056 72 396N  436W 0028 0028 -999 -999 
NHC  05L DANIELLE  20220903 0000 379N 0434W 360 000 0988 1019 0445 33 028 0185 0130 0130 0148 D 0056 0056 0056 0056 72 396N  436W -999 -999 0028 0028 
JTWC 12W HINNAMNOR 20220903 0000 231N 1247E 345 021 0963 1002 0666 41 046 0250 0389 0296 0259 D
NHC  93E INVEST    20220903 0600 126N 0968W 275 021 1007 1009 0371 13 111 -999 -999 -999 -999 S -999 -999 -999 -999 -9 -99N -999W -999 -999 -999 -999 
NHC  11E JAVIER    20220903 0600 235N 1136W 335 062 0999 1008 0556 23 111 0148 0148 0093 0074 M -999 -999 -999 -999 72 272N 1266W -999 -999 -999 -999 
NHC  06L EARL      20220903 0600 186N 0609W 285 057 1005 1010 0278 18 222 0278 0278 -999 -999 S -999 -999 -999 -999 72 222N  677W -999 -999 -999 -999 
NHC  05L DANIELLE  20220903 0600 380N 0435W 270 005 0990 1019 0445 31 028 0204 0167 0167 0167 D 0093 0074 0056 0056 72 402N  435W -999 -999 -999 -999 
JTWC 12W HINNAMNOR 20220903 0600 237N 1247E 355 026 0959 1002 0666 43 046 0296 0361 0259 0269 D
NHC  93E INVEST    20220903 1200 127N 0971W 280 021 1006 1008 0371 13 111 -999 -999 -999 -999 S -999 -999 -999 -999 -9 -99N -999W -999 -999 -999 -999 
NHC  11E JAVIER    20220903 1200 247N 1143W 325 067 0999 1008 0556 23 111 0148 0148 0093 0074 M -999 -999 -999 -999 72 269N 1283W -999 -999 -999 -999 
NHC  06L EARL      20220903 1200 189N 0619W 290 057 1003 1010 0278 18 185 0278 0222 -999 0056 S -999 -999 -999 -999 72 226N  672W -999 -999 -999 -999 
NHC  05L DANIELLE  20220903 1200 381N 0439W 300 010 0990 1019 0445 31 028 0204 0167 0167 0167 D 0093 0074 0056 0056 72 407N  426W -999 -999 -999 -999 
JTWC 12W HINNAMNOR 20220903 1200 245N 1247E 000 037 0956 1003 0639 43 046 0426 0463 0389 0306 D
NHC  93E INVEST    20220903 1800 132N 0982W 290 036 1006 1008 0371 13 111 -999 -999 -999 -999 S -999 -999 -999 -999 -9 -99N -999W -999 -999 -999 -999 
NHC  11E JAVIER    20220903 1800 257N 1155W 320 072 1000 1008 0417 21 111 0130 -999 -999 0093 M -999 -999 -999 -999 72 271N 1291W -999 -999 -999 -999 
NHC  11E JAVIER    20220903 1800 257N 1155W 320 072 1000 1008 0417 21 111 0130 0093 -999 -999 M -999 -999 -999 -999 72 271N 1291W -999 -999 -999 -999 
NHC  06L EARL      20220903 1800 191N 0628W 285 046 1001 1010 0222 21 074 0167 0037 -999 0074 S -999 -999 -999 -999 72 240N  666W -999 -999 -999 -999 
NHC  06L EARL      20220903 1800 191N 0628W 285 046 0999 1010 0222 23 074 0167 0037 -999 0074 S -999 -999 -999 -999 72 240N  666W -999 -999 -999 -999 
NHC  05L DANIELLE  20220903 1800 380N 0447W 270 026 0990 1019 0445 31 028 0185 0185 0148 0185 D 0111 0093 0093 0111 72 415N  421W -999 -999 -999 -999 
JTWC 12W HINNAMNOR 20220903 1800 251N 1246E 355 037 0952 1002 0666 46 046 0417 0435 0278 0287 D
NHC  93E INVEST    20220904 0000 137N 0989W 295 036 1006 1008 0315 13 111 -999 -999 -999 -999 S -999 -999 -999 -999 -9 -99N -999W -999 -999 -999 -999 
NHC  11E JAVIER    20220904 0000 264N 1166W 310 062 1000 1008 0334 21 111 0130 -999 -999 0111 S -999 -999 -999 -999 72 270N 1300W -999 -999 -999 -999 
NHC  06L EARL      20220904 0000 194N 0639W 285 051 0999 1010 0185 23 074 0167 0037 -999 0074 S -999 -999 -999 -999 72 241N  666W -999 -999 -999 -999 
NHC  05L DANIELLE  20220904 0000 380N 0450W 270 021 0988 1019 0445 33 028 0204 0204 0148 0185 D 0111 0093 0093 0111 72 417N  417W 0028 0028 -999 -999 
JTWC 12W HINNAMNOR 20220904 0000 261N 1245E 355 042 0941 1004 0740 54 009 0417 0435 0296 0343 D
NHC  93E INVEST    20220904 0600 140N 0999W 295 046 1006 1009 0334 15 111 -999 -999 -999 -999 S -999 -999 -999 -999 -9 -99N -999W -999 -999 -999 -999 
NHC  11E JAVIER    20220904 0600 270N 1179W 310 067 1002 1008 0334 15 111 -999 -999 -999 -999 S -999 -999 -999 -999 72 267N 1306W -999 -999 -999 -999 
NHC  06L EARL      20220904 0600 195N 0645W 285 041 0999 1010 0185 23 074 0167 0037 -999 0074 S -999 -999 -999 -999 72 243N  669W -999 -999 -999 -999 
NHC  05L DANIELLE  20220904 0600 381N 0452W 285 010 0988 1016 0556 33 028 0204 0204 0148 0185 D 0111 0093 0093 0111 72 424N  402W 0028 0028 -999 -999 
JTWC 12W HINNAMNOR 20220904 0600 270N 1246E 355 047 0944 1004 0740 54 009 0296 0306 0278 0278 D
NHC  93E INVEST    20220904 1200 139N 1008W 280 046 1005 1008 0334 15 111 -999 -999 -999 -999 S -999 -999 -999 -999 -9 -99N -999W -999 -999 -999 -999 
NHC  12E TWELVE    20220904 1200 139N 1008W 280 046 1005 1008 0334 15 111 -999 -999 -999 -999 S -999 -999 -999 -999 -9 -99N -999W -999 -999 -999 -999 
NHC  06L EARL      20220904 1200 195N 0644W 300 015 0998 1010 0185 23 056 0167 0037 -999 0074 M -999 -999 -999 -999 72 250N  665W -999 -999 -999 -999 
NHC  05L DANIELLE  20220904 1200 381N 0453W 280 010 0983 1016 0556 36 028 0204 0204 0148 0185 D 0111 0093 0093 0111 72 431N  381W 0028 0028 -999 0028 
JTWC 12W HINNAMNOR 20220904 1200 278N 1247E 000 047 0942 1004 0722 54 009 0343 0333 0306 0315 D
NHC  12E KAY       20220904 1800 147N 1020W 290 051 1004 1007 0334 18 111 0185 -999 -999 -999 S -999 -999 -999 -999 72 196N 1113W -999 -999 -999 -999 
NHC  06L EARL      20220904 1800 200N 0649W 300 021 0998 1010 0185 23 111 0167 0167 -999 0074 M -999 -999 -999 -999 72 257N  650W -999 -999 -999 -999 
NHC  05L DANIELLE  20220904 1800 383N 0452W 360 005 0979 1014 0519 39 028 0167 0167 0148 0167 D 0093 0074 0074 0093 72 435N  363W 0037 0028 -999 0028 
JTWC 12W HINNAMNOR 20220904 1800 286N 1247E 005 042 0937 1004 0703 56 009 0417 0398 0278 0241 D
NHC  12E KAY       20220905 0000 154N 1033W 295 062 1002 1006 0334 18 111 0185 0111 -999 -999 S -999 -999 -999 -999 72 211N 1120W -999 -999 -999 -999 
NHC  06L EARL      20220905 0000 201N 0653W 305 015 0998 1010 0222 23 111 0167 0167 -999 0074 M -999 -999 -999 -999 72 264N  651W -999 -999 -999 -999 
NHC  05L DANIELLE  20220905 0000 387N 0449W 020 010 0977 1014 0519 39 028 0167 0167 0148 0167 D 0093 0074 0074 0093 72 440N  349W 0037 0028 -999 0028 
NHC  05L DANIELLE  20220905 0000 387N 0449W 020 010 0975 1014 0519 41 028 0185 0185 0148 0167 D 0093 0074 0074 0093 72 440N  349W 0037 0028 -999 0028 
JTWC 12W HINNAMNOR 20220905 0000 298N 1249E 005 052 0937 1004 0703 56 009 0380 0417 0315 0287 D
NHC  12E KAY       20220905 0600 156N 1048W 290 072 0998 1006 0371 23 111 0334 0185 -999 0167 M -999 -999 -999 -999 72 225N 1127W -999 -999 -999 -999 
NHC  06L EARL      20220905 0600 206N 0654W 330 021 0998 1010 0222 23 111 0167 0167 -999 0074 M -999 -999 -999 -999 72 264N  655W -999 -999 -999 -999 
NHC  05L DANIELLE  20220905 0600 393N 0446W 025 021 0975 1014 0519 41 028 0185 0185 0148 0167 D 0093 0074 0074 0093 72 444N  335W 0037 0028 -999 0028 
JTWC 12W HINNAMNOR 20220905 0600 311N 1255E 015 062 0941 1004 0703 54 009 0435 0398 0324 0306 D
NHC  12E KAY       20220905 1200 157N 1060W 280 067 0995 1006 0371 26 093 0334 0185 -999 0167 M 0093 -999 -999 -999 72 233N 1134W -999 -999 -999 -999 
NHC  06L EARL      20220905 1200 215N 0652W 350 026 0998 1010 0222 28 093 0167 0167 -999 0111 M 0093 -999 -999 0056 72 273N  654W -999 -999 -999 -999 
NHC  05L DANIELLE  20220905 1200 399N 0441W 030 036 0976 1016 0612 39 028 0222 0222 0185 0167 D 0111 0093 0093 0093 72 453N  325W 0037 0028 0028 0028 
JTWC 91W INVEST    20220905 1200 241N 1394E 260 067 1008 1011 0296 10 111 -999 -999 -999 -999 S
JTWC 12W HINNAMNOR 20220905 1200 325N 1265E 020 072 0943 1004 0703 51 018 0444 0472 0343 0463 D
NHC  12E KAY       20220905 1800 154N 1069W 270 051 0993 1006 0371 28 056 0278 0241 0148 0185 M 0093 0093 -999 -999 72 240N 1140W -999 -999 -999 -999 
NHC  06L EARL      20220905 1800 219N 0652W 360 026 0998 1010 0222 28 074 0167 0167 -999 0130 M 0093 -999 -999 0056 72 283N  648W -999 -999 -999 -999 
NHC  05L DANIELLE  20220905 1800 408N 0435W 030 046 0976 1016 0612 39 037 0222 0222 0222 0167 D 0111 0111 0111 0093 72 463N  309W 0037 0037 0037 0037 
JTWC 91W INVEST    20220905 1800 232N 1383E 250 062 1006 1008 0259 13 064 -999 -999 -999 -999 S
JTWC 12W HINNAMNOR 20220905 1800 343N 1280E 030 088 0952 1004 0703 46 018 0454 0389 0389 0454 D
NHC  12E KAY       20220906 0000 159N 1077W 285 046 0980 1008 0426 36 037 0278 0241 0148 0185 D 0093 0093 -999 -999 72 245N 1146W 0046 0046 -999 -999 
NHC  06L EARL      20220906 0000 225N 0652W 005 031 0996 1012 0222 31 056 0167 0167 0037 0130 M 0093 0056 -999 0056 72 292N  644W -999 -999 -999 -999 
NHC  05L DANIELLE  20220906 0000 414N 0429W 030 046 0980 1016 0612 36 037 0222 0222 0222 0167 D 0111 0111 0111 0093 72 482N  297W 0037 0037 0037 0037 
JTWC 91W INVEST    20220906 0000 225N 1374E 240 062 1006 1008 0259 13 064 -999 -999 -999 -999 S
JTWC 12W HINNAMNOR 20220906 0000 365N 1306E 035 118 0967 1004 0703 38 037 0306 0315 0306 0167 D
NHC  12E KAY       20220906 0600 166N 1085W 305 046 0980 1008 0463 36 037 0278 0259 0148 0185 D 0093 0093 -999 0074 72 256N 1150W 0046 0046 -999 0037 
NHC  12E KAY       20220906 0600 166N 1085W 305 046 0977 1008 0463 39 037 0278 0259 0148 0185 D 0093 0093 -999 0074 72 256N 1150W 0046 0046 -999 0037 
NHC  06L EARL      20220906 0600 231N 0653W 355 031 0995 1012 0297 28 056 0185 0167 0037 0130 M 0093 0056 -999 0056 72 308N  635W -999 -999 -999 -999 
NHC  05L DANIELLE  20220906 0600 419N 0423W 035 041 0986 1016 0612 33 037 0241 0222 0204 0167 D 0111 0148 0130 0093 72 492N  301W 0037 0037 0037 0037 
JTWC 91W INVEST    20220906 0600 216N 1370E 225 057 1005 1008 0250 10 064 -999 -999 -999 -999 S
JTWC 12W HINNAMNOR 20220906 0600 398N 1338E 035 159 0970 1004 0703 36 037 0380 0296 0269 0204 D
NHC  12E KAY       20220906 1200 176N 1096W 315 062 0977 1008 0463 39 037 0278 0259 0148 0185 D 0093 0093 -999 0074 72 268N 1153W 0046 0046 -999 0037 
NHC  06L EARL      20220906 1200 235N 0657W 350 031 0996 1012 0297 28 074 0185 0167 0037 0130 M 0111 0056 -999 0056 72 316N  627W -999 -999 -999 -999 
NHC  05L DANIELLE  20220906 1200 420N 0417W 050 031 0986 1016 0612 33 037 0241 0222 0204 0167 D 0111 0148 0130 0093 72 503N  316W 0037 0037 0037 0037 
JTWC 91W INVEST    20220906 1200 206N 1366E 210 052 1005 1007 0102 10 064 -999 -999 -999 -999 S
NHC  12E KAY       20220906 1800 184N 1107W 310 067 0978 1008 0463 39 037 0334 0259 0148 0315 D 0130 0093 0056 0130 72 280N 1160W 0046 0046 -999 0037 
NHC  12E KAY       20220906 1800 184N 1107W 310 067 0975 1008 0463 41 037 0278 0259 0148 0185 D 0093 0093 -999 0074 72 280N 1160W 0046 0046 -999 0037 
NHC  06L EARL      20220906 1800 239N 0657W 360 026 0994 1012 0297 31 056 0185 0167 0037 0130 M 0111 0074 -999 0093 72 330N  614W -999 -999 -999 -999 
NHC  05L DANIELLE  20220906 1800 423N 0409W 060 031 0986 1016 0612 33 056 0241 0278 0259 0259 D 0111 0167 0148 0130 72 501N  328W 0056 0056 0056 0056 
JTWC 14W FOURTEEN  20220906 1800 186N 1365E 190 067 1004 1007 0296 15 055 -999 -999 -999 -999 S
NHC  95L INVEST    20220907 0000 137N 0293W 270 082 1012 1013 0371 13 167 -999 -999 -999 -999 S -999 -999 -999 -999 -9 -99N -999W -999 -999 -999 -999 
NHC  12E KAY       20220907 0000 190N 1114W 315 062 0976 1008 0556 39 037 0334 0259 0148 0315 D 0130 0093 0056 0130 72 293N 1170W 0046 0046 -999 0037 
NHC  12E KAY       20220907 0000 190N 1114W 315 062 0975 1008 0556 41 037 0334 0259 0148 0315 D 0130 0093 0056 0130 72 293N 1170W 0046 0046 -999 0037 
NHC  06L EARL      20220907 0000 246N 0658W 350 026 0985 1013 0334 36 056 0185 0167 0037 0148 D 0111 0074 -999 0093 72 350N  591W 0065 -999 -999 -999 
NHC  05L DANIELLE  20220907 0000 425N 0399W 070 031 0987 1016 0612 33 056 0241 0278 0259 0259 D 0111 0167 0148 0130 72 500N  336W 0056 0056 0056 0056 
JTWC 14W FOURTEEN  20220907 0000 178N 1354E 205 062 1002 1007 0296 18 064 0074 0074 0111 0111 M
NHC  95L INVEST    20220907 0600 144N 0314W 280 098 1010 1013 0371 15 222 -999 -999 -999 -999 S -999 -999 -999 -999 -9 -99N -999W -999 -999 -999 -999 
NHC  12E KAY       20220907 0600 197N 1118W 325 046 0975 1010 0556 41 037 0371 0297 0148 0278 D 0130 0093 0056 0130 72 300N 1175W 0046 0046 -999 0037 
NHC  06L EARL      20220907 0600 250N 0659W 350 026 0982 1012 0408 36 056 0204 0167 0148 0148 D 0111 0074 0056 0093 72 370N  570W 0065 0046 0046 0056 
NHC  05L DANIELLE  20220907 0600 430N 0388W 065 041 0980 1016 0612 36 056 0241 0278 0259 0259 D 0111 0167 0148 0130 72 489N  349W 0056 0056 0056 0056 
JTWC 14W FOURTEEN  20220907 0600 170N 1348E 210 057 0998 1007 0250 23 055 0065 0074 0158 0185 M
NHC  95L INVEST    20220907 1200 161N 0347W 290 124 1009 1012 0371 15 185 -999 -999 -999 -999 S -999 -999 -999 -999 -9 -99N -999W -999 -999 -999 -999 
NHC  12E KAY       20220907 1200 206N 1124W 330 051 0975 1010 0556 46 037 0371 0297 0148 0278 D 0130 0111 0074 0130 72 308N 1182W 0056 0056 0037 0056 
NHC  12E KAY       20220907 1200 206N 1124W 330 051 0975 1010 0556 46 037 0371 0297 0148 0278 D 0130 0093 0056 0130 72 308N 1182W 0046 0046 -999 0037 
NHC  06L EARL      20220907 1200 254N 0658W 360 026 0978 1012 0408 39 056 0222 0185 0167 0167 D 0111 0093 0056 0093 72 379N  557W 0065 0046 0046 0056 
NHC  05L DANIELLE  20220907 1200 433N 0371W 070 051 0972 1010 0612 36 074 0334 0371 0334 0278 D 0148 0204 0185 0167 72 486N  339W 0093 0111 0111 0093 
NHC  05L DANIELLE  20220907 1200 433N 0371W 070 051 0972 1010 0612 36 074 0241 0297 0259 0259 D 0148 0204 0185 0185 72 486N  339W 0093 0111 0093 0093 
JTWC 14W FOURTEEN  20220907 1200 170N 1344E 235 042 0995 1009 0278 23 055 0074 0093 0185 0222 M
NHC  95L INVEST    20220907 1800 168N 0363W 290 088 1009 1012 0371 15 167 -999 -999 -999 -999 S -999 -999 -999 -999 -9 -99N -999W -999 -999 -999 -999 
NHC  12E KAY       20220907 1800 215N 1128W 335 051 0971 1010 0556 46 037 0371 0297 0148 0278 D 0130 0111 0074 0130 72 309N 1189W 0056 0056 0037 0056 
NHC  06L EARL      20220907 1800 261N 0656W 005 026 0974 1012 0408 39 065 0241 0204 0167 0167 D 0111 0093 0056 0093 72 401N  531W 0074 0065 0046 0056 
NHC  05L DANIELLE  20220907 1800 444N 0356W 050 072 0972 1010 0612 36 074 0334 0371 0334 0278 D 0148 0204 0185 0167 72 466N  305W 0093 0111 0111 0093 
JTWC 14W FOURTEEN  20220907 1800 173N 1337E 265 032 0995 1007 0278 23 055 0074 0093 0185 0222 M
NHC  95L INVEST    20220908 0000 178N 0375W 300 088 1009 1012 0371 15 167 -999 -999 -999 -999 S -999 -999 -999 -999 -9 -99N -999W -999 -999 -999 -999 
NHC  12E KAY       20220908 0000 226N 1129W 340 057 0975 1009 0556 41 037 0371 0297 0148 0278 D 0130 0111 0074 0130 72 312N 1196W 0056 0056 0037 0056 
NHC  06L EARL      20220908 0000 268N 0655W 010 036 0971 1012 0408 41 065 0241 0222 0167 0167 D 0111 0093 0056 0093 72 418N  506W 0074 0065 0046 0056 
NHC  05L DANIELLE  20220908 0000 451N 0336W 055 072 0975 1010 0612 33 074 0334 0371 0334 0278 D 0148 0204 0185 0167 72 453N  271W 0093 0111 0111 0093 
JTWC 14W FOURTEEN  20220908 0000 171N 1330E 265 037 1002 1009 0324 20 055 0074 0111 0158 0148 M
NHC  95L INVEST    20220908 0600 182N 0391W 295 082 1009 1012 0371 15 167 -999 -999 -999 -999 S -999 -999 -999 -999 -9 -99N -999W -999 -999 -999 -999 
NHC  12E KAY       20220908 0600 239N 1132W 350 062 0972 1010 0556 39 046 0371 0334 0241 0241 D 0111 0111 0056 0111 72 315N 1198W 0056 0056 0037 0056 
NHC  06L EARL      20220908 0600 277N 0655W 005 041 0969 1008 0445 46 065 0259 0241 0185 0185 D 0130 0111 0111 0111 72 429N  491W 0093 0065 0046 0056 
NHC  05L DANIELLE  20220908 0600 462N 0323W 050 077 0976 1010 0612 31 074 0352 0352 0334 0259 D 0111 0204 0167 0093 72 440N  240W -999 -999 -999 -999 
JTWC 14W MUIFA     20220908 0600 172N 1319E 275 042 1002 1009 0324 20 055 0121 0102 0093 0111 M
NHC  95L INVEST    20220908 1200 195N 0404W 290 082 1008 1012 0371 15 167 -999 -999 -999 -999 S -999 -999 -999 -999 -9 -99N -999W -999 -999 -999 -999 
NHC  95L INVEST    20220908 1200 195N 0404W 290 082 1007 1012 0371 18 167 0222 -999 -999 0185 S -999 -999 -999 -999 -9 -99N -999W -999 -999 -999 -999 
NHC  12E KAY       20220908 1200 252N 1135W 350 067 0974 1010 0556 39 046 0371 0334 0241 0241 D 0111 0111 0056 0111 72 317N 1204W 0056 0056 0037 0056 
NHC  06L EARL      20220908 1200 286N 0653W 005 041 0962 1008 0445 46 056 0259 0241 0185 0185 D 0130 0111 0111 0111 72 443N  490W 0093 0074 0046 0056 
NHC  05L DANIELLE  20220908 1200 472N 0314W 045 072 0973 1005 0556 31 111 0371 0352 0334 0371 D 0130 0204 0167 0130 72 428N  214W -999 -999 -999 -999 
JTWC 14W MUIFA     20220908 1200 173N 1309E 275 047 1000 1009 0324 23 064 0121 0093 0084 0121 M
NHC  95L INVEST    20220908 1800 198N 0420W 290 082 1004 1012 0371 21 222 0297 -999 -999 0148 S -999 -999 -999 -999 -9 -99N -999W -999 -999 -999 -999 
NHC  12E KAY       20220908 1800 266N 1141W 345 072 0982 1010 0556 33 046 0352 0352 0148 0241 D 0111 0074 0056 0074 72 313N 1208W 0056 -999 -999 -999 
NHC  06L EARL      20220908 1800 297N 0647W 030 051 0964 1008 0445 46 056 0259 0297 0222 0185 D 0130 0167 0130 0111 72 449N  481W 0093 0093 0074 0056 
JTWC 14W MUIFA     20220908 1800 174N 1300E 275 052 1000 1008 0370 23 064 0065 0047 0065 0074 M
NHC  95L INVEST    20220909 0000 196N 0434W 290 072 1008 1014 0371 18 334 0352 -999 -999 -999 S -999 -999 -999 -999 -9 -99N -999W -999 -999 -999 -999 
NHC  12E KAY       20220909 0000 279N 1146W 340 062 0985 1006 0556 28 046 0334 0334 0148 0241 D 0111 0074 0056 0074 72 310N 1215W -999 -999 -999 -999 
NHC  06L EARL      20220909 0000 306N 0643W 025 057 0964 1004 0352 44 056 0259 0297 0222 0185 D 0130 0167 0130 0111 72 450N  490W 0093 0093 0074 0056 
JTWC 14W MUIFA     20220909 0000 181N 1295E 290 042 0996 1010 0555 28 037 0111 0102 0111 0121 M
NHC  95L INVEST    20220909 0600 195N 0442W 260 051 1008 1013 0334 18 278 0278 -999 -999 -999 S -999 -999 -999 -999 -9 -99N -999W -999 -999 -999 -999 
NHC  12E KAY       20220909 0600 290N 1155W 335 067 0987 1006 0556 26 056 0315 0371 0148 0241 D 0111 0074 0074 0111 72 304N 1218W -999 -999 -999 -999 
NHC  06L EARL      20220909 0600 319N 0632W 030 067 0963 1005 0352 44 074 0315 0334 0278 0167 D 0185 0204 0130 0093 72 450N  492W 0111 0130 0056 0065 
JTWC 14W MUIFA     20220909 0600 192N 1287E 315 047 0996 1010 0555 28 037 0158 0139 0093 0121 M
NHC  95L INVEST    20220909 1200 198N 0450W 280 046 1008 1013 0334 18 278 0278 -999 -999 -999 S -999 -999 -999 -999 -9 -99N -999W -999 -999 -999 -999 
NHC  12E KAY       20220909 1200 299N 1163W 325 067 0991 1006 0556 23 056 0315 0371 0148 0241 D -999 -999 -999 -999 72 299N 1219W -999 -999 -999 -999 
NHC  06L EARL      20220909 1200 334N 0619W 030 093 0961 1005 0371 44 074 0315 0371 0315 0185 D 0185 0204 0130 0093 72 455N  494W 0111 0130 0056 0065 
JTWC 14W MUIFA     20220909 1200 199N 1280E 320 052 0993 1010 0555 31 037 0130 0130 0102 0130 D
NHC  95L INVEST    20220909 1800 209N 0460W 305 051 1010 1013 0417 15 408 -999 -999 -999 -999 S -999 -999 -999 -999 -9 -99N -999W -999 -999 -999 -999 
NHC  12E KAY       20220909 1800 308N 1174W 320 062 0995 1006 0556 21 111 0278 0111 -999 -999 D -999 -999 -999 -999 72 296N 1214W -999 -999 -999 -999 
NHC  12E KAY       20220909 1800 308N 1174W 320 062 0995 1006 0556 18 093 0278 0278 -999 0093 D -999 -999 -999 -999 72 296N 1214W -999 -999 -999 -999 
NHC  06L EARL      20220909 1800 349N 0598W 045 113 0954 1003 0389 46 074 0371 0445 0371 0241 D 0185 0222 0148 0093 72 455N  494W 0111 0130 0056 0065 
NHC  06L EARL      20220909 1800 349N 0598W 045 113 0954 1003 0371 46 074 0371 0445 0371 0241 D 0185 0222 0148 0093 72 455N  494W 0111 0130 0056 0065 
JTWC 14W MUIFA     20220909 1800 201N 1268E 305 052 0991 1009 0555 33 037 0130 0130 0102 0102 D
NHC  95L INVEST    20220910 0000 223N 0474W 320 088 1012 1016 0334 13 278 -999 -999 -999 -999 S -999 -999 -999 -999 -9 -99N -999W -999 -999 -999 -999 
NHC  12E KAY       20220910 0000 312N 1185W 295 057 0996 1006 0556 18 111 0222 0111 -999 -999 D -999 -999 -999 -999 72 292N 1214W -999 -999 -999 -999 
NHC  06L EARL      20220910 0000 371N 0568W 045 129 0954 0998 0278 46 074 0371 0445 0371 0241 D 0185 0222 0148 0093 72 447N  486W 0111 0130 0074 0056 
JTWC 93W INVEST    20220910 0000 215N 1584E 215 067 1006 1008 0195 10 027 -999 -999 -999 -999 S
JTWC 14W MUIFA     20220910 0000 206N 1261E 305 052 0988 1009 0518 36 037 0158 0139 0111 0148 D
NHC  95L INVEST    20220910 0600 240N 0485W 325 098 1013 1016 0278 13 222 -999 -999 -999 -999 S -999 -999 -999 -999 -9 -99N -999W -999 -999 -999 -999 
NHC  06L EARL      20220910 0600 400N 0543W 035 175 0955 1015 0853 46 083 0408 0667 0649 0593 D 0204 0334 0204 0334 72 447N  467W 0130 0148 0093 0056 
JTWC 93W INVEST    20220910 0600 205N 1575E 215 057 1007 1008 0195 10 027 -999 -999 -999 -999 S
JTWC 14W MUIFA     20220910 0600 210N 1256E 305 047 0978 1009 0518 41 027 0130 0148 0130 0167 D
NHC  06L EARL      20220910 1200 424N 0533W 025 154 0960 1015 0853 41 083 0408 0667 0649 0593 D 0204 0334 0204 0334 72 447N  464W 0130 0148 0093 0056 
JTWC 93W INVEST    20220910 1200 200N 1576E 230 026 1005 1008 0195 10 027 -999 -999 -999 -999 S
JTWC 14W MUIFA     20220910 1200 217N 1256E 325 037 0970 1009 0500 43 027 0139 0148 0167 0185 D
NHC  06L EARL      20220910 1800 433N 0528W 020 072 0964 1015 0853 39 111 0556 0667 0778 0612 D 0334 0334 0204 0334 72 453N  455W 0130 0148 0093 0148 
JTWC 15W FIFTEEN   20220910 1800 209N 1598E 060 032 1000 1005 0259 15 064 -999 -999 -999 -999 S
JTWC 14W MUIFA     20220910 1800 222N 1250E 325 037 0957 1007 0463 51 009 0213 0185 0167 0185 D
JTWC 92W INVEST    20220911 0000 268N 1434E 270 047 1003 1006 0296 10 074 -999 -999 -999 -999 S
JTWC 15W FIFTEEN   20220911 0000 212N 1595E 065 026 1000 1005 0259 15 064 -999 -999 -999 -999 S
JTWC 14W MUIFA     20220911 0000 226N 1245E 315 032 0948 1007 0463 56 027 0148 0158 0204 0176 D
JTWC 92W INVEST    20220911 0600 271N 1417E 275 062 1003 1006 0296 10 074 -999 -999 -999 -999 S
JTWC 15W FIFTEEN   20220911 0600 213N 1598E 065 021 1000 1004 0278 15 055 -999 -999 -999 -999 S
JTWC 14W MUIFA     20220911 0600 229N 1243E 315 026 0942 1007 0481 59 027 0222 0204 0195 0213 D
JTWC 92W INVEST    20220911 1200 266N 1394E 265 077 1003 1005 0315 10 074 -999 -999 -999 -999 S
JTWC 15W FIFTEEN   20220911 1200 211N 1604E 085 021 0996 1004 0278 18 083 0065 0084 -999 -999 S
JTWC 14W MUIFA     20220911 1200 233N 1243E 330 021 0949 1007 0454 54 027 0259 0259 0232 0250 D
JTWC 92W INVEST    20220911 1800 234N 1391E 260 052 1000 1005 0555 10 129 -999 -999 -999 -999 S
JTWC 15W FIFTEEN   20220911 1800 215N 1610E 070 026 0999 1004 0306 18 083 0185 0111 0084 -999 S
JTWC 14W MUIFA     20220911 1800 238N 1243E 350 021 0959 1007 0454 48 027 0167 0167 0185 0204 D
JTWC 92W INVEST    20220912 0000 229N 1391E 240 037 1000 1005 0555 10 129 -999 -999 -999 -999 S
JTWC 15W FIFTEEN   20220912 0000 214N 1614E 075 026 1000 1004 0306 18 055 0084 0176 0019 0084 S
JTWC 14W MUIFA     20220912 0000 242N 1242E 350 021 0966 1007 0454 43 055 0176 0176 0204 0204 D
JTWC 92W INVEST    20220912 0600 226N 1374E 245 047 1000 1005 0555 10 129 -999 -999 -999 -999 S
JTWC 15W MERBOK    20220912 0600 219N 1619E 060 026 1000 1004 0324 18 092 0093 0167 -999 0084 M
JTWC 14W MUIFA     20220912 0600 248N 1241E 355 026 0968 1007 0444 41 059 0148 0176 0167 0139 D
NHC  94E INVEST    20220912 1200 158N 1068W 270 031 1008 1010 0167 13 056 -999 -999 -999 -999 S -999 -999 -999 -999 -9 -99N -999W -999 -999 -999 -999 
JTWC 92W INVEST    20220912 1200 223N 1382E 225 026 1000 1005 0426 10 101 -999 -999 -999 -999 S
JTWC 15W MERBOK    20220912 1200 226N 1625E 045 037 0995 1008 0343 23 111 0222 0278 0139 0084 M
JTWC 14W MUIFA     20220912 1200 250N 1240E 345 021 0966 1007 0444 43 059 0158 0176 0167 0130 D
NHC  94E INVEST    20220912 1800 158N 1075W 270 031 1008 1012 0167 13 056 -999 -999 -999 -999 S -999 -999 -999 -999 -9 -99N -999W -999 -999 -999 -999 
JTWC 16W SIXTEEN   20220912 1800 217N 1385E 195 021 1000 1003 0407 13 129 -999 -999 -999 -999 S
JTWC 15W MERBOK    20220912 1800 233N 1631E 040 042 0994 1008 0343 26 064 0222 0278 0139 0084 M
JTWC 14W MUIFA     20220912 1800 252N 1240E 350 016 0963 1003 0444 43 059 0158 0176 0167 0130 D
NHC  94E INVEST    20220913 0000 158N 1083W 270 041 1008 1012 0167 13 056 -999 -999 -999 -999 S -999 -999 -999 -999 -9 -99N -999W -999 -999 -999 -999 
JTWC 16W SIXTEEN   20220913 0000 217N 1385E 160 011 0999 1003 0454 13 129 -999 -999 -999 -999 S
JTWC 15W MERBOK    20220913 0000 239N 1633E 030 042 0987 1007 0343 28 055 0287 0296 0176 0167 M
JTWC 14W MUIFA     20220913 0000 257N 1242E 005 021 0956 1003 0407 46 037 0204 0195 0195 0204 D
NHC  94E INVEST    20220913 0600 156N 1082W 260 021 1008 1012 0222 13 056 -999 -999 -999 -999 S -999 -999 -999 -999 -9 -99N -999W -999 -999 -999 -999 
JTWC 16W SIXTEEN   20220913 0600 221N 1392E 065 021 0997 1004 0481 13 046 -999 -999 -999 -999 S
JTWC 15W MERBOK    20220913 0600 247N 1631E 005 037 0986 1007 0343 28 055 0278 0278 0148 0176 M
JTWC 14W MUIFA     20220913 0600 261N 1241E 005 021 0956 1003 0407 46 037 0195 0195 0195 0204 D
NHC  96L INVEST    20220913 1200 148N 0443W 275 072 1011 1012 0259 08 000 -999 -999 -999 -999 S -999 -999 -999 -999 -9 -99N -999W -999 -999 -999 -999 
NHC  94E INVEST    20220913 1200 159N 1081W 360 005 1008 1010 0222 10 056 -999 -999 -999 -999 S -999 -999 -999 -999 -9 -99N -999W -999 -999 -999 -999 
JTWC 16W SIXTEEN   20220913 1200 225N 1396E 055 026 0996 1005 0463 15 046 -999 -999 -999 -999 S
JTWC 15W MERBOK    20220913 1200 256N 1628E 350 042 0985 1009 0380 31 055 0222 0232 0167 0167 M
JTWC 14W MUIFA     20220913 1200 268N 1239E 355 026 0955 1003 0407 46 027 0241 0241 0241 0232 D
NHC  96L INVEST    20220913 1800 150N 0457W 275 072 1011 1012 0259 10 148 -999 -999 -999 -999 S -999 -999 -999 -999 -9 -99N -999W -999 -999 -999 -999 
NHC  94E INVEST    20220913 1800 160N 1085W 315 005 1009 1010 0222 10 056 -999 -999 -999 -999 S -999 -999 -999 -999 -9 -99N -999W -999 -999 -999 -999 
JTWC 16W SIXTEEN   20220913 1800 225N 1402E 060 026 0999 1003 0352 18 055 -999 0093 -999 -999 S
JTWC 15W MERBOK    20220913 1800 270N 1622E 340 057 0983 1008 0380 33 055 0278 0278 0167 0158 M
JTWC 14W MUIFA     20220913 1800 273N 1236E 340 032 0959 1003 0407 43 027 0195 0195 0195 0204 D
NHC  96L INVEST    20220914 0000 155N 0466W 285 062 1010 1012 0259 13 130 -999 -999 -999 -999 S -999 -999 -999 -999 -9 -99N -999W -999 -999 -999 -999 
NHC  94E INVEST    20220914 0000 160N 1088W 305 010 1009 1010 0222 10 056 -999 -999 -999 -999 S -999 -999 -999 -999 -9 -99N -999W -999 -999 -999 -999 
JTWC 16W NANMADOL  20220914 0000 227N 1404E 060 021 0996 1004 0352 20 055 0074 0158 0121 -999 M
JTWC 15W MERBOK    20220914 0000 283N 1622E 350 062 0979 1008 0509 33 055 0352 0315 0176 0213 D
JTWC 14W MUIFA     20220914 0000 280N 1233E 340 037 0962 1005 0370 43 049 0232 0232 0213 0213 D
NHC  96L INVEST    20220914 0600 161N 0479W 290 062 1010 1012 0259 13 130 -999 -999 -999 -999 S -999 -999 -999 -999 -9 -99N -999W -999 -999 -999 -999 
NHC  94E INVEST    20220914 0600 161N 1087W 290 010 1009 1010 0222 10 056 -999 -999 -999 -999 S -999 -999 -999 -999 -9 -99N -999W -999 -999 -999 -999 
JTWC 16W NANMADOL  20220914 0600 229N 1406E 050 016 0993 1004 0555 23 055 0074 0158 0121 0010 M
JTWC 15W MERBOK    20220914 0600 298N 1622E 350 067 0977 1008 0509 36 055 0259 0241 0176 0195 D
JTWC 14W MUIFA     20220914 0600 287N 1229E 335 037 0962 1005 0370 43 049 0222 0213 0213 0204 D
NHC  96L INVEST    20220914 1200 164N 0491W 290 062 1009 1012 0222 15 111 -999 -999 -999 -999 S -999 -999 -999 -999 -9 -99N -999W -999 -999 -999 -999 
NHC  94E INVEST    20220914 1200 160N 1086W 270 000 1008 1009 0222 10 056 -999 -999 -999 -999 S -999 -999 -999 -999 -9 -99N -999W -999 -999 -999 -999 
NHC  07L SEVEN     20220914 1200 164N 0491W 290 062 1009 1012 0222 15 111 -999 -999 -999 -999 S -999 -999 -999 -999 -9 -99N -999W -999 -999 -999 -999 
JTWC 16W NANMADOL  20220914 1200 229N 1405E 035 011 0991 1005 0555 23 037 0204 0241 0185 0065 M
JTWC 15W MERBOK    20220914 1200 319N 1619E 355 083 0976 1008 0509 36 027 0315 0324 0130 0158 D
JTWC 14W MUIFA     20220914 1200 299N 1224E 340 047 0965 1004 0287 41 049 0259 0259 0222 0250 D
NHC  95E INVEST    20220914 1800 128N 0953W 290 010 1009 1010 0278 10 130 -999 -999 -999 -999 S -999 -999 -999 -999 -9 -99N -999W -999 -999 -999 -999 
NHC  94E INVEST    20220914 1800 155N 1080W 130 021 1007 1009 0222 13 056 -999 -999 -999 -999 S -999 -999 -999 -999 -9 -99N -999W -999 -999 -999 -999 
NHC  07L SEVEN     20220914 1800 167N 0501W 285 057 1008 1011 0259 15 093 -999 -999 -999 -999 S -999 -999 -999 -999 72 174N  646W -999 -999 -999 -999 
JTWC 16W NANMADOL  20220914 1800 231N 1398E 305 011 0989 1003 0555 26 037 0222 0185 0176 0222 M
JTWC 14W MUIFA     20220914 1800 312N 1218E 340 062 0975 1005 0324 36 046 0167 0148 0111 0148 D
NHC  95E INVEST    20220915 0000 128N 0956W 280 010 1009 1010 0278 10 130 -999 -999 -999 -999 S -999 -999 -999 -999 -9 -99N -999W -999 -999 -999 -999 
NHC  94E INVEST    20220915 0000 152N 1073W 120 026 1007 1009 0222 13 056 -999 -999 -999 -999 S -999 -999 -999 -999 -9 -99N -999W -999 -999 -999 -999 
NHC  07L SEVEN     20220915 0000 169N 0514W 285 062 1008 1011 0259 15 093 -999 -999 -999 -999 S -999 -999 -999 -999 72 176N  645W -999 -999 -999 -999 
NHC  07L SEVEN     20220915 0000 169N 0514W 285 062 1002 1011 0259 23 093 0185 0222 -999 -999 M -999 -999 -999 -999 72 176N  645W -999 -999 -999 -999 
JTWC 16W NANMADOL  20220915 0000 233N 1388E 285 032 0980 1002 0555 28 055 0324 0454 0185 0278 M
JTWC 15W MERBOK    20220915 0000 367N 1645E 020 118 0968 0998 0509 33 074 0324 0287 0213 0232 D
JTWC 14W MUIFA     20220915 0000 328N 1210E 340 077 0978 1002 0241 31 046 0167 0167 0139 0148 D
NHC  95E INVEST    20220915 0600 125N 0959W 250 015 1009 1010 0259 10 130 -999 -999 -999 -999 S -999 -999 -999 -999 -9 -99N -999W -999 -999 -999 -999 
NHC  94E INVEST    20220915 0600 154N 1075W 120 015 1007 1009 0222 13 056 -999 -999 -999 -999 S -999 -999 -999 -999 -9 -99N -999W -999 -999 -999 -999 
NHC  07L FIONA     20220915 0600 166N 0524W 270 057 1002 1011 0259 23 093 0185 0222 -999 -999 M -999 -999 -999 -999 72 178N  658W -999 -999 -999 -999 
JTWC 16W NANMADOL  20220915 0600 235N 1379E 285 042 0975 1003 0639 33 037 0315 0139 0084 0333 D
JTWC 14W MUIFA     20220915 0600 340N 1202E 335 077 0992 1002 0241 23 037 0102 0065 -999 0019 M
NHC  95E INVEST    20220915 1200 124N 0952W 100 015 1007 1009 0222 13 093 -999 -999 -999 -999 S -999 -999 -999 -999 -9 -99N -999W -999 -999 -999 -999 
NHC  94E INVEST    20220915 1200 152N 1063W 100 041 1007 1009 0371 13 093 -999 -999 -999 -999 S -999 -999 -999 -999 -9 -99N -999W -999 -999 -999 -999 
NHC  07L FIONA     20220915 1200 166N 0537W 270 062 1002 1011 0185 23 093 0222 0204 -999 0185 M -999 -999 -999 -999 72 177N  661W -999 -999 -999 -999 
NHC  07L FIONA     20220915 1200 166N 0537W 270 062 1002 1011 0185 23 093 0185 0222 -999 -999 M -999 -999 -999 -999 72 177N  661W -999 -999 -999 -999 
JTWC 16W NANMADOL  20220915 1200 234N 1373E 280 042 0970 1003 0639 36 037 0296 0269 0241 0259 D
JTWC 14W MUIFA     20220915 1200 352N 1203E 345 072 0995 1002 0222 20 037 0167 0121 0019 0047 S
NHC  95E INVEST    20220915 1800 125N 0952W 030 010 1007 1010 0222 15 093 -999 -999 -999 -999 S -999 -999 -999 -999 -9 -99N -999W -999 -999 -999 -999 
NHC  94E INVEST    20220915 1800 152N 1065W 100 026 1007 1010 0371 13 093 -999 -999 -999 -999 S -999 -999 -999 -999 -9 -99N -999W -999 -999 -999 -999 
NHC  13E THIRTEEN  20220915 1800 125N 0952W 030 010 1007 1010 0222 15 093 -999 -999 -999 -999 S -999 -999 -999 -999 -9 -99N -999W -999 -999 -999 -999 
NHC  07L FIONA     20220915 1800 163N 0548W 265 062 1006 1011 0222 26 056 0222 0204 -999 0185 M 0056 -999 -999 -999 72 178N  666W -999 -999 -999 -999 
NHC  07L FIONA     20220915 1800 163N 0548W 265 062 1002 1011 0222 23 111 0222 0204 -999 0185 M -999 -999 -999 -999 72 178N  666W -999 -999 -999 -999 
JTWC 16W NANMADOL  20220915 1800 234N 1364E 275 042 0962 1003 0639 43 046 0324 0241 0222 0315 D
JTWC 14W MUIFA     20220915 1800 365N 1206E 355 062 0995 1006 0444 18 074 0167 0167 -999 0111 S
NHC  94E INVEST    20220916 0000 152N 1068W 090 005 1007 1010 0371 13 093 -999 -999 -999 -999 S -999 -999 -999 -999 -9 -99N -999W -999 -999 -999 -999 
NHC  13E THIRTEEN  20220916 0000 126N 0955W 360 005 1007 1010 0222 15 093 -999 -999 -999 -999 S -999 -999 -999 -999 48 169N 1005W -999 -999 -999 -999 
NHC  07L FIONA     20220916 0000 161N 0562W 265 067 1005 1011 0222 26 056 0222 0204 -999 0185 M 0056 -999 -999 -999 72 177N  671W -999 -999 -999 -999 
JTWC 16W NANMADOL  20220916 0000 238N 1358E 285 037 0950 1003 0639 56 037 0333 0241 0222 0333 D
JTWC 14W MUIFA     20220916 0000 378N 1213E 010 062 0996 1006 0444 18 074 0167 0167 -999 0111 S
NHC  94E INVEST    20220916 0600 148N 1072W 205 005 1007 1010 0371 13 093 -999 -999 -999 -999 S -999 -999 -999 -999 -9 -99N -999W -999 -999 -999 -999 
NHC  13E THIRTEEN  20220916 0600 130N 0956W 345 015 1005 1010 0204 18 074 -999 0074 0074 -999 S -999 -999 -999 -999 48 173N 1009W -999 -999 -999 -999 
NHC  07L FIONA     20220916 0600 158N 0575W 260 067 1005 1011 0278 26 056 0222 0204 -999 0185 M 0056 -999 -999 -999 72 178N  685W -999 -999 -999 -999 
JTWC 16W NANMADOL  20220916 0600 242N 1353E 290 032 0935 1003 0666 59 037 0352 0287 0269 0324 D
NHC  94E INVEST    20220916 1200 145N 1069W 210 015 1007 1010 0371 13 093 -999 -999 -999 -999 S -999 -999 -999 -999 -9 -99N -999W -999 -999 -999 -999 
NHC  13E LESTER    20220916 1200 134N 0961W 315 021 1005 1010 0204 18 074 -999 0074 0074 -999 S -999 -999 -999 -999 48 180N 1018W -999 -999 -999 -999 
NHC  07L FIONA     20220916 1200 158N 0588W 265 067 1005 1011 0278 23 074 0222 0204 -999 0185 M -999 -999 -999 -999 72 181N  692W -999 -999 -999 -999 
JTWC 16W NANMADOL  20220916 1200 248N 1347E 310 037 0920 1004 0703 66 037 0343 0324 0278 0343 D
NHC  94E INVEST    20220916 1800 147N 1069W 190 010 1007 1010 0371 13 093 -999 -999 -999 -999 S -999 -999 -999 -999 -9 -99N -999W -999 -999 -999 -999 
NHC  94E INVEST    20220916 1800 147N 1069W 190 010 1006 1010 0371 15 093 -999 -999 -999 -999 S -999 -999 -999 -999 -9 -99N -999W -999 -999 -999 -999 
NHC  13E LESTER    20220916 1800 140N 0969W 315 036 1005 1010 0204 18 074 0130 0074 0074 0074 S -999 -999 -999 -999 48 187N 1027W -999 -999 -999 -999 
NHC  07L FIONA     20220916 1800 163N 0604W 280 072 1005 1011 0278 23 074 0222 0204 -999 0167 M -999 -999 -999 -999 72 185N  696W -999 -999 -999 -999 
JTWC 16W NANMADOL  20220916 1800 255N 1338E 315 042 0917 1004 0703 69 027 0324 0306 0278 0324 D
NHC  94E INVEST    20220917 0000 147N 1067W 045 005 1006 1010 0371 15 093 -999 -999 -999 -999 S -999 -999 -999 -999 -9 -99N -999W -999 -999 -999 -999 
NHC  13E LESTER    20220917 0000 145N 0975W 310 046 1004 1010 0204 18 074 0130 0074 0074 0074 S -999 -999 -999 -999 36 181N 1014W -999 -999 -999 -999 
NHC  07L FIONA     20220917 0000 165N 0616W 280 067 1002 1011 0278 26 074 0222 0204 -999 0167 M 0111 -999 -999 -999 72 196N  702W -999 -999 -999 -999 
NHC  07L FIONA     20220917 0000 165N 0616W 280 067 1002 1011 0278 26 056 0222 0204 -999 0167 M 0056 -999 -999 -999 72 196N  702W -999 -999 -999 -999 
JTWC 16W NANMADOL  20220917 0000 260N 1331E 310 047 0917 1004 0740 66 027 0444 0398 0389 0417 D
NHC  94E INVEST    20220917 0600 149N 1065W 045 010 1006 1008 0334 15 093 -999 -999 -999 -999 S -999 -999 -999 -999 -9 -99N -999W -999 -999 -999 -999 
NHC  13E LESTER    20220917 0600 151N 0982W 310 046 1002 1009 0185 21 074 0130 0074 0074 0074 S -999 -999 -999 -999 36 191N 1022W -999 -999 -999 -999 
NHC  07L FIONA     20220917 0600 163N 0628W 270 062 1000 1010 0278 26 056 0204 0185 -999 0148 M 0093 -999 -999 -999 72 204N  705W -999 -999 -999 -999 
JTWC 16W NANMADOL  20220917 0600 267N 1324E 315 047 0919 1004 0740 66 027 0407 0361 0343 0361 D
NHC  94E INVEST    20220917 1200 155N 1065W 025 015 1003 1007 0297 18 093 -999 0278 0334 -999 S -999 -999 -999 -999 -9 -99N -999W -999 -999 -999 -999 
NHC  13E LESTER    20220917 1200 159N 0987W 330 046 1004 1008 0148 18 074 0093 0074 -999 -999 S -999 -999 -999 -999 36 196N 1028W -999 -999 -999 -999 
NHC  07L FIONA     20220917 1200 162N 0632W 260 041 1000 1010 0278 26 056 0204 0185 -999 0148 M 0093 -999 -999 -999 72 208N  706W -999 -999 -999 -999 
NHC  07L FIONA     20220917 1200 162N 0631W 260 036 1000 1010 0278 26 056 0204 0185 -999 0148 M 0093 -999 -999 -999 72 208N  706W -999 -999 -999 -999 
JTWC 16W NANMADOL  20220917 1200 276N 1320E 325 047 0923 1005 0740 64 022 0435 0398 0389 0398 D
NHC  94E INVEST    20220917 1800 157N 1069W 360 010 1000 1007 0297 21 093 -999 0204 0130 -999 S -999 -999 -999 -999 -9 -99N -999W -999 -999 -999 -999 
NHC  14E MADELINE  20220917 1800 157N 1069W 360 010 1000 1007 0297 21 093 -999 0204 0130 -999 S -999 -999 -999 -999 -9 -99N -999W -999 -999 -999 -999 
NHC  07L FIONA     20220917 1800 167N 0641W 285 041 1002 1009 0222 26 037 0204 0222 -999 0148 M 0056 -999 -999 -999 72 216N  700W -999 -999 -999 -999 
JTWC 16W NANMADOL  20220917 1800 285N 1314E 330 052 0930 1002 0703 59 009 0435 0389 0370 0389 D
NHC  14E MADELINE  20220918 0000 165N 1068W 350 026 1000 1007 0297 21 093 -999 0204 0130 -999 S -999 -999 -999 -999 72 205N 1126W -999 -999 -999 -999 
NHC  14E MADELINE  20220918 0000 165N 1067W 355 026 1000 1007 0297 21 093 -999 0204 0130 -999 S -999 -999 -999 -999 72 205N 1126W -999 -999 -999 -999 
NHC  07L FIONA     20220918 0000 164N 0647W 280 041 0997 1009 0222 26 056 0204 0222 0056 0148 M 0056 -999 -999 -999 72 227N  705W -999 -999 -999 -999 
JTWC 16W NANMADOL  20220918 0000 297N 1310E 335 057 0939 1003 0703 54 018 0444 0389 0370 0389 D
NHC  14E MADELINE  20220918 0600 173N 1066W 005 036 1000 1007 0297 21 130 -999 0241 0241 -999 M -999 -999 -999 -999 72 207N 1130W -999 -999 -999 -999 
NHC  07L FIONA     20220918 0600 169N 0655W 285 036 0994 1009 0222 28 056 0204 0222 0056 0148 M 0093 -999 -999 -999 72 230N  705W -999 -999 -999 -999 
JTWC 16W NANMADOL  20220918 0600 307N 1307E 340 057 0947 1003 0703 48 018 0398 0389 0389 0389 D
NHC  14E MADELINE  20220918 1200 182N 1067W 360 046 0998 1006 0259 21 130 0167 0241 0241 -999 M -999 -999 -999 -999 72 212N 1132W -999 -999 -999 -999 
NHC  07L FIONA     20220918 1200 171N 0661W 285 031 0991 1008 0222 31 056 0204 0222 0056 0148 D 0093 -999 -999 -999 72 239N  707W -999 -999 -999 -999 
JTWC 16W NANMADOL  20220918 1200 319N 1306E 350 062 0958 1003 0703 41 037 0435 0454 0389 0370 D
NHC  14E MADELINE  20220918 1800 185N 1071W 340 031 0999 1006 0241 21 130 0167 0204 0204 0093 M -999 -999 -999 -999 72 216N 1138W -999 -999 -999 -999 
NHC  07L FIONA     20220918 1800 178N 0669W 305 041 0986 1008 0222 39 046 0204 0222 0056 0148 D 0093 0093 -999 -999 72 246N  706W 0046 0046 -999 -999 
JTWC 16W NANMADOL  20220918 1800 331N 1305E 355 057 0965 1001 0629 36 037 0435 0454 0389 0370 D
NHC  97L INVEST    20220919 0000 278N 0460W 350 057 1015 1017 0241 13 111 -999 -999 -999 -999 S -999 -999 -999 -999 -9 -99N -999W -999 -999 -999 -999 
NHC  14E MADELINE  20220919 0000 190N 1076W 330 031 0996 1006 0241 23 130 0167 0204 0204 0093 M -999 -999 -999 -999 72 216N 1149W -999 -999 -999 -999 
NHC  07L FIONA     20220919 0000 181N 0678W 300 046 0984 1008 0259 39 028 0222 0222 0056 0167 D 0093 0093 -999 0056 72 257N  707W 0046 0046 -999 0028 
JTWC 16W NANMADOL  20220919 0000 341N 1311E 005 057 0975 1002 0592 31 037 0417 0444 0370 0370 D
NHC  97L INVEST    20220919 0600 284N 0462W 350 051 1014 1017 0241 13 111 -999 -999 -999 -999 S -999 -999 -999 -999 -9 -99N -999W -999 -999 -999 -999 
NHC  14E MADELINE  20220919 0600 199N 1080W 320 041 0993 1006 0259 26 074 0185 0185 0148 0093 M 0074 0093 -999 -999 72 216N 1155W -999 -999 -999 -999 
NHC  07L FIONA     20220919 0600 182N 0684W 300 036 0977 1008 0259 41 028 0222 0241 0093 0167 D 0093 0093 -999 0056 72 264N  705W 0046 0046 -999 0028 
JTWC 16W NANMADOL  20220919 0600 348N 1324E 025 057 0971 1000 0555 28 092 0537 0398 0333 0500 M
NHC  97L INVEST    20220919 1200 287N 0463W 345 036 1014 1017 0241 13 111 -999 -999 -999 -999 S -999 -999 -999 -999 -9 -99N -999W -999 -999 -999 -999 
NHC  14E MADELINE  20220919 1200 204N 1085W 325 041 0992 1006 0259 28 056 0185 0185 0148 0093 M 0074 0093 -999 -999 72 219N 1161W -999 -999 -999 -999 
NHC  07L FIONA     20220919 1200 187N 0689W 310 036 0980 1008 0222 39 028 0222 0222 0093 0167 D 0093 0093 -999 0056 72 270N  702W 0046 0046 -999 0028 
JTWC 16W NANMADOL  20220919 1200 361N 1343E 045 072 0971 1000 0518 26 111 0481 0407 0426 0537 M
NHC  97L INVEST    20220919 1800 296N 0457W 010 031 1014 1017 0241 13 111 -999 -999 -999 -999 S -999 -999 -999 -999 -9 -99N -999W -999 -999 -999 -999 
NHC  14E MADELINE  20220919 1800 208N 1095W 295 051 0994 1006 0259 26 056 0130 0148 0148 0093 M -999 0074 0074 -999 72 219N 1166W -999 -999 -999 -999 
NHC  07L FIONA     20220919 1800 196N 0695W 315 046 0972 1008 0222 44 028 0222 0222 0093 0185 D 0093 0093 -999 0074 72 282N  699W 0046 0046 -999 0037 
JTWC 16W NANMADOL  20220919 1800 374N 1371E 055 103 0978 1000 0518 23 111 0481 0148 0241 0537 M
NHC  97L INVEST    20220920 0000 304N 0458W 010 036 1014 1017 0241 13 111 -999 -999 -999 -999 S -999 -999 -999 -999 -9 -99N -999W -999 -999 -999 -999 
NHC  14E MADELINE  20220920 0000 209N 1105W 295 041 0997 1006 0259 23 056 0130 0148 0148 0093 M -999 -999 -999 -999 72 217N 1178W -999 -999 -999 -999 
NHC  07L FIONA     20220920 0000 203N 0701W 325 046 0974 1008 0334 49 019 0241 0241 0111 0185 D 0111 0093 0056 0074 72 299N  689W 0046 0046 0028 0037 
NHC  97L INVEST    20220920 0600 313N 0460W 360 041 1013 1017 0222 13 093 -999 -999 -999 -999 S -999 -999 -999 -999 -9 -99N -999W -999 -999 -999 -999 
NHC  14E MADELINE  20220920 0600 211N 1110W 280 036 0999 1007 0297 21 056 0111 0093 0056 0074 M -999 -999 -999 -999 72 216N 1189W -999 -999 -999 -999 
NHC  07L FIONA     20220920 0600 208N 0707W 325 046 0967 1008 0334 51 019 0241 0241 0111 0185 D 0111 0093 0074 0093 72 311N  680W 0046 0046 0037 0046 
NHC  98L INVEST    20220920 1200 103N 0530W 270 082 1011 1012 0278 13 130 -999 -999 -999 -999 S -999 -999 -999 -999 -9 -99N -999W -999 -999 -999 -999 
NHC  98L INVEST    20220920 1200 102N 0542W 270 103 1010 1012 0278 15 167 -999 -999 -999 -999 S -999 -999 -999 -999 -9 -99N -999W -999 -999 -999 -999 
NHC  97L INVEST    20220920 1200 322N 0461W 350 046 1013 1017 0204 15 093 -999 -999 -999 -999 S -999 -999 -999 -999 -9 -99N -999W -999 -999 -999 -999 
NHC  14E MADELINE  20220920 1200 211N 1117W 280 036 1002 1007 0259 15 056 -999 -999 -999 -999 M -999 -999 -999 -999 72 213N 1197W -999 -999 -999 -999 
NHC  08L EIGHT     20220920 1200 322N 0460W 355 046 1013 1017 0204 15 093 -999 -999 -999 -999 S -999 -999 -999 -999 -9 -99N -999W -999 -999 -999 -999 
NHC  07L FIONA     20220920 1200 216N 0712W 330 046 0961 1008 0278 51 019 0241 0241 0111 0185 D 0111 0093 0074 0093 72 326N  668W 0046 0046 0037 0046 
NHC  98L INVEST    20220920 1800 101N 0560W 270 103 1009 1010 0278 15 167 -999 -999 -999 -999 S -999 -999 -999 -999 -9 -99N -999W -999 -999 -999 -999 
NHC  14E MADELINE  20220920 1800 212N 1122W 275 031 1004 1009 0232 15 056 -999 -999 -999 -999 S -999 -999 -999 -999 72 210N 1208W -999 -999 -999 -999 
NHC  08L EIGHT     20220920 1800 341N 0448W 020 077 1009 1016 0185 18 046 0111 -999 -999 0093 M -999 -999 -999 -999 72 398N  337W -999 -999 -999 -999 
NHC  07L FIONA     20220920 1800 223N 0717W 330 041 0959 1008 0297 51 019 0241 0241 0148 0222 D 0130 0111 0074 0111 72 347N  652W 0056 0046 0037 0046 
JTWC 94W INVEST    20220920 1800 216N 1400E 030 062 1004 1006 0259 10 101 -999 -999 -999 -999 S
NHC  98L INVEST    20220921 0000 102N 0566W 275 051 1009 1011 0278 15 167 -999 -999 -999 -999 S -999 -999 -999 -999 -9 -99N -999W -999 -999 -999 -999 
NHC  96E INVEST    20220921 0000 167N 1021W 285 036 1008 1010 0185 13 093 -999 -999 -999 -999 S -999 -999 -999 -999 -9 -99N -999W -999 -999 -999 -999 
NHC  08L GASTON    20220921 0000 356N 0441W 020 082 1004 1018 0222 23 056 0111 0111 -999 0093 M -999 -999 -999 -999 72 404N  325W -999 -999 -999 -999 
JTWC 94W INVEST    20220921 0000 224N 1407E 025 062 1004 1006 0259 10 101 -999 -999 -999 -999 S
NHC  98L INVEST    20220921 0600 102N 0578W 270 046 1009 1011 0278 15 167 -999 -999 -999 -999 S -999 -999 -999 -999 -9 -99N -999W -999 -999 -999 -999 
NHC  96E INVEST    20220921 0600 167N 1036W 280 041 1008 1010 0185 13 074 -999 -999 -999 -999 S -999 -999 -999 -999 -9 -99N -999W -999 -999 -999 -999 
NHC  08L GASTON    20220921 0600 370N 0431W 025 088 1000 1018 0222 28 037 0111 0111 0111 0093 M -999 0056 0056 0056 72 404N  319W -999 -999 -999 -999 
NHC  07L FIONA     20220921 0600 235N 0718W 355 031 0942 1008 0297 59 028 0259 0241 0148 0222 D 0130 0111 0074 0111 72 395N  618W 0074 0056 0037 0056 
JTWC 94W INVEST    20220921 0600 237N 1412E 025 062 1004 1006 0287 10 092 -999 -999 -999 -999 S
NHC  96E INVEST    20220921 1200 163N 1041W 260 036 1007 1010 0185 13 074 -999 -999 -999 -999 S -999 -999 -999 -999 -9 -99N -999W -999 -999 -999 -999 
JTWC 94W INVEST    20220921 1200 247N 1400E 355 057 1004 1006 0287 10 101 -999 -999 -999 -999 S
NHC  96E INVEST    20220921 1800 169N 1049W 275 046 1007 1010 0185 15 074 -999 -999 -999 -999 S -999 -999 -999 -999 -9 -99N -999W -999 -999 -999 -999 
NHC  96E INVEST    20220921 1800 164N 1048W 265 046 1007 1010 0185 13 074 -999 -999 -999 -999 S -999 -999 -999 -999 -9 -99N -999W -999 -999 -999 -999 
JTWC 95W INVEST    20220921 1800 177N 1341E 080 026 1007 1008 0278 10 055 -999 -999 -999 -999 S
JTWC 17W SEVENTEEN 20220921 1800 254N 1389E 335 057 1004 1006 0287 13 101 -999 -999 -999 -999 S
JTWC 18W EIGHTEEN  20220922 0000 177N 1347E 085 032 1002 1008 0278 13 055 -999 -999 -999 -999 S
JTWC 17W SEVENTEEN 20220922 0000 260N 1377E 315 057 1002 1008 0287 13 101 -999 -999 -999 -999 S
NHC  99L INVEST    20220922 0600 109N 0335W 280 026 1010 1011 0278 10 167 -999 -999 -999 -999 S -999 -999 -999 -999 -9 -99N -999W -999 -999 -999 -999 
NHC  98L INVEST    20220922 0600 113N 0641W 280 067 1008 1010 0278 15 167 -999 -999 -999 -999 S -999 -999 -999 -999 -9 -99N -999W -999 -999 -999 -999 
NHC  15E NEWTON    20220922 0600 176N 1076W 285 051 1000 1010 0167 26 037 0093 0037 0037 0093 M 0037 -999 -999 -999 48 189N 1119W -999 -999 -999 -999 
NHC  08L GASTON    20220922 0600 401N 0363W 060 082 0999 1018 0222 28 046 0074 0093 0093 0093 M -999 0046 0046 -999 72 388N  318W -999 -999 -999 -999 
NHC  07L FIONA     20220922 0600 268N 0710W 015 046 0934 1008 0445 59 028 0278 0334 0241 0278 D 0185 0185 0148 0185 72 485N  613W 0102 0111 0083 0083 
JTWC 18W EIGHTEEN  20220922 0600 179N 1343E 065 011 1000 1005 0278 18 037 0037 0084 0056 0037 S
JTWC 17W SEVENTEEN 20220922 0600 269N 1365E 310 067 1000 1006 0287 15 101 -999 -999 -999 -999 S
NHC  99L INVEST    20220922 1200 110N 0341W 285 031 1010 1011 0278 10 167 -999 -999 -999 -999 S -999 -999 -999 -999 -9 -99N -999W -999 -999 -999 -999 
NHC  98L INVEST    20220922 1200 115N 0650W 280 057 1008 1010 0278 15 167 -999 -999 -999 -999 S -999 -999 -999 -999 -9 -99N -999W -999 -999 -999 -999 
NHC  90L INVEST    20220922 1200 152N 0160W 270 051 1008 1010 0278 13 167 -999 -999 -999 -999 S -999 -999 -999 -999 -9 -99N -999W -999 -999 -999 -999 
NHC  15E NEWTON    20220922 1200 178N 1081W 285 046 1000 1009 0167 28 037 0074 0037 0037 0074 D 0037 -999 -999 -999 72 193N 1165W -999 -999 -999 -999 
NHC  08L GASTON    20220922 1200 408N 0344W 065 093 0999 1018 0222 28 046 0074 0093 0093 0093 M -999 0046 0046 -999 72 386N  322W -999 -999 -999 -999 
NHC  08L GASTON    20220922 1200 408N 0344W 065 093 0999 1018 0222 28 037 0167 0185 0185 0167 M -999 0074 -999 -999 72 386N  322W -999 -999 -999 -999 
NHC  07L FIONA     20220922 1200 280N 0706W 020 057 0936 1008 0445 57 037 0278 0334 0241 0278 D 0185 0185 0148 0185 72 497N  604W 0102 0111 0083 0083 
JTWC 18W EIGHTEEN  20220922 1200 180N 1345E 050 011 1002 1007 0278 18 037 0019 0065 0047 0019 S
JTWC 17W SEVENTEEN 20220922 1200 285N 1361E 320 067 1001 1008 0287 15 101 -999 -999 -999 -999 S
NHC  99L INVEST    20220922 1800 106N 0341W 265 021 1010 1011 0278 10 167 -999 -999 -999 -999 S -999 -999 -999 -999 -9 -99N -999W -999 -999 -999 -999 
NHC  98L INVEST    20220922 1800 123N 0663W 290 062 1006 1010 0278 15 130 -999 -999 -999 -999 S -999 -999 -999 -999 -9 -99N -999W -999 -999 -999 -999 
NHC  90L INVEST    20220922 1800 150N 0190W 265 098 1007 1010 0278 13 167 -999 -999 -999 -999 S -999 -999 -999 -999 -9 -99N -999W -999 -999 -999 -999 
NHC  15E NEWTON    20220922 1800 179N 1087W 285 031 1000 1009 0167 26 037 0074 0037 0037 0074 D 0037 -999 -999 -999 72 198N 1170W -999 -999 -999 -999 
NHC  08L GASTON    20220922 1800 411N 0327W 070 077 0999 1018 0222 28 037 0167 0185 0185 0167 M -999 0074 -999 -999 72 391N  336W -999 -999 -999 -999 
NHC  07L FIONA     20220922 1800 296N 0699W 020 082 0936 1007 0500 59 037 0334 0445 0241 0278 D 0204 0204 0148 0185 72 518N  592W 0111 0111 0083 0093 
JTWC 18W EIGHTEEN  20220922 1800 181N 1334E 290 021 1000 1005 0241 20 037 0019 0065 0047 0019 S
JTWC 17W SEVENTEEN 20220922 1800 295N 1350E 330 072 1000 1007 0287 15 101 -999 -999 -999 -999 S
NHC  99L INVEST    20220923 0000 104N 0344W 250 021 1010 1011 0278 10 167 -999 -999 -999 -999 S -999 -999 -999 -999 -9 -99N -999W -999 -999 -999 -999 
NHC  98L INVEST    20220923 0000 129N 0672W 290 057 1006 1010 0278 15 130 -999 -999 -999 -999 S -999 -999 -999 -999 -9 -99N -999W -999 -999 -999 -999 
NHC  90L INVEST    20220923 0000 152N 0195W 275 072 1007 1011 0463 13 111 -999 -999 -999 -999 S -999 -999 -999 -999 -9 -99N -999W -999 -999 -999 -999 
NHC  15E NEWTON    20220923 0000 178N 1094W 280 031 0996 1008 0222 26 028 0074 0037 0037 0074 D 0037 -999 -999 -999 72 199N 1176W -999 -999 -999 -999 
NHC  08L GASTON    20220923 0000 410N 0312W 075 067 0999 1020 0278 28 037 0167 0185 0185 0167 M -999 0074 -999 -999 72 393N  350W -999 -999 -999 -999 
NHC  07L FIONA     20220923 0000 309N 0690W 030 082 0932 1004 0371 59 037 0408 0445 0278 0297 D 0222 0222 0185 0185 72 539N  581W 0148 0148 0111 0093 
JTWC 18W EIGHTEEN  20220923 0000 181N 1326E 275 037 1000 1005 0241 20 037 0019 0065 0047 0019 S
JTWC 17W SEVENTEEN 20220923 0000 308N 1348E 340 072 1000 1009 0278 15 083 -999 -999 -999 -999 S
NHC  99L INVEST    20220923 0600 108N 0350W 285 021 1009 1011 0278 10 167 -999 -999 -999 -999 S -999 -999 -999 -999 -9 -99N -999W -999 -999 -999 -999 
NHC  98L INVEST    20220923 0600 137N 0681W 305 057 1006 1010 0278 15 111 -999 -999 -999 -999 S -999 -999 -999 -999 -9 -99N -999W -999 -999 -999 -999 
NHC  90L INVEST    20220923 0600 166N 0197W 300 057 1005 1011 0463 13 111 -999 -999 -999 -999 M -999 -999 -999 -999 -9 -99N -999W -999 -999 -999 -999 
NHC  15E NEWTON    20220923 0600 180N 1101W 280 031 1000 1008 0222 23 028 0074 0037 0037 0074 D -999 -999 -999 -999 72 193N 1189W -999 -999 -999 -999 
NHC  15E NEWTON    20220923 0600 180N 1101W 280 031 0996 1008 0222 23 028 0074 0037 0037 0074 D -999 -999 -999 -999 72 193N 1189W -999 -999 -999 -999 
NHC  09L NINE      20220923 0600 137N 0681W 300 057 1006 1010 0278 15 111 -999 -999 -999 -999 S -999 -999 -999 -999 -9 -99N -999W -999 -999 -999 -999 
NHC  08L GASTON    20220923 0600 408N 0299W 085 062 0999 1020 0278 26 037 0167 0185 0185 0167 M -999 0074 -999 -999 72 398N  364W -999 -999 -999 -999 
NHC  07L FIONA     20220923 0600 325N 0678W 030 098 0936 1002 0371 57 037 0463 0556 0278 0297 D 0222 0222 0185 0185 72 562N  579W 0148 0185 0111 0093 
JTWC 18W NORU      20220923 0600 180N 1318E 270 037 0998 1004 0232 20 037 0056 0111 0111 0084 S
JTWC 17W TALAS     20220923 0600 320N 1353E 355 062 1000 1007 0278 15 083 -999 -999 -999 -999 S
NHC  99L INVEST    20220923 1200 112N 0355W 295 026 1009 1011 0278 10 167 -999 -999 -999 -999 S -999 -999 -999 -999 -9 -99N -999W -999 -999 -999 -999 
NHC  90L INVEST    20220923 1200 174N 0196W 330 046 1003 1011 0463 15 111 -999 -999 -999 -999 M -999 -999 -999 -999 -9 -99N -999W -999 -999 -999 -999 
NHC  15E NEWTON    20220923 1200 182N 1105W 285 031 1000 1008 0222 23 028 0074 0037 0037 0074 D -999 -999 -999 -999 72 181N 1189W -999 -999 -999 -999 
NHC  10L TEN       20220923 1200 174N 0196W 330 046 1003 1011 0463 15 111 -999 -999 -999 -999 M -999 -999 -999 -999 -9 -99N -999W -999 -999 -999 -999 
NHC  09L NINE      20220923 1200 141N 0694W 300 062 1006 1010 0241 15 111 -999 -999 -999 -999 S -999 -999 -999 -999 72 189N  805W -999 -999 -999 -999 
NHC  08L GASTON    20220923 1200 405N 0292W 120 031 0999 1022 0371 26 037 0167 0185 0185 0167 M -999 0074 -999 -999 72 386N  380W -999 -999 -999 -999 
NHC  08L GASTON    20220923 1200 405N 0292W 120 031 0995 1022 0371 28 037 0167 0185 0185 0278 M 0074 -999 -999 -999 72 386N  380W -999 -999 -999 -999 
NHC  07L FIONA     20220923 1200 343N 0650W 045 129 0937 1002 0371 57 046 0463 0556 0278 0297 D 0222 0222 0185 0185 72 575N  583W 0148 0185 0111 0093 
NHC  07L FIONA     20220923 1200 343N 0650W 045 129 0937 1002 0371 51 046 0463 0556 0278 0297 D 0222 0222 0185 0185 72 575N  583W 0148 0185 0111 0093 
JTWC 18W NORU      20220923 1200 178N 1302E 265 052 0991 1006 0398 23 037 0093 0111 0111 0148 S
JTWC 17W TALAS     20220923 1200 330N 1360E 015 062 0998 1007 0278 15 083 -999 -999 -999 -999 S
NHC  99L INVEST    20220923 1800 116N 0360W 310 036 1009 1011 0278 10 167 -999 -999 -999 -999 S -999 -999 -999 -999 -9 -99N -999W -999 -999 -999 -999 
NHC  15E NEWTON    20220923 1800 180N 1109W 280 026 1003 1010 0185 21 028 0074 0037 0037 0074 M -999 -999 -999 -999 72 178N 1194W -999 -999 -999 -999 
NHC  10L HERMINE   20220923 1800 182N 0203W 325 062 1002 1010 0463 18 074 0074 -999 -999 -999 M -999 -999 -999 -999 72 243N  212W -999 -999 -999 -999 
NHC  09L NINE      20220923 1800 146N 0707W 290 067 1006 1010 0241 15 111 -999 -999 -999 -999 S -999 -999 -999 -999 72 198N  814W -999 -999 -999 -999 
NHC  08L GASTON    20220923 1800 398N 0286W 145 041 0995 1020 0371 28 037 0167 0185 0185 0278 M -999 -999 -999 0074 72 390N  386W -999 -999 -999 -999 
NHC  07L FIONA     20220923 1800 375N 0616W 040 180 0940 1002 0334 57 056 0463 0556 0278 0371 D 0222 0222 0185 0222 72 583N  569W 0148 0185 0111 0148 
JTWC 18W NORU      20220923 1800 172N 1293E 255 057 0997 1005 0398 23 046 0102 0102 0111 0111 M
JTWC 17W TALAS     20220923 1800 329N 1372E 045 052 1004 1007 0278 13 083 -999 -999 -999 -999 S
NHC  99L INVEST    20220924 0000 120N 0363W 315 031 1009 1011 0278 10 167 -999 -999 -999 -999 S -999 -999 -999 -999 -9 -99N -999W -999 -999 -999 -999 
NHC  15E NEWTON    20220924 0000 185N 1115W 290 026 1003 1010 0185 21 028 0074 0037 0037 0074 M -999 -999 -999 -999 48 185N 1169W -999 -999 -999 -999 
NHC  10L HERMINE   20220924 0000 189N 0207W 330 046 1002 1010 0463 18 074 0074 -999 -999 -999 M -999 -999 -999 -999 72 248N  217W -999 -999 -999 -999 
NHC  09L NINE      20220924 0000 148N 0715W 290 051 1005 1010 0259 18 056 -999 -999 -999 0056 S -999 -999 -999 -999 72 207N  823W -999 -999 -999 -999 
NHC  09L IAN       20220924 0000 148N 0715W 290 051 1005 1010 0259 18 056 -999 -999 -999 0056 S -999 -999 -999 -999 72 207N  823W -999 -999 -999 -999 
NHC  08L GASTON    20220924 0000 391N 0291W 160 031 0999 1020 0371 23 037 0167 0185 0185 0278 M -999 -999 -999 -999 72 389N  391W -999 -999 -999 -999 
NHC  07L FIONA     20220924 0000 423N 0607W 020 232 0932 1002 0334 51 278 0463 0556 0371 0371 D 0222 0334 0334 0222 72 600N  570W 0185 0297 0297 0148 
JTWC 18W NORU      20220924 0000 164N 1280E 245 062 0995 1005 0398 26 037 0093 0093 0084 0102 D
JTWC 17W TALAS     20220924 0000 333N 1381E 060 042 1005 1007 0278 10 083 -999 -999 -999 -999 S
NHC  99L INVEST    20220924 0600 122N 0365W 315 026 1009 1011 0278 10 167 -999 -999 -999 -999 S -999 -999 -999 -999 -9 -99N -999W -999 -999 -999 -999 
NHC  15E NEWTON    20220924 0600 188N 1121W 305 036 1004 1010 0185 18 028 0074 0037 -999 0074 M -999 -999 -999 -999 48 185N 1173W -999 -999 -999 -999 
NHC  10L HERMINE   20220924 0600 197N 0208W 340 041 1002 1010 0463 18 074 0074 -999 -999 -999 M -999 -999 -999 -999 72 261N  217W -999 -999 -999 -999 
NHC  09L IAN       20220924 0600 147N 0728W 275 057 1005 1010 0297 18 056 -999 -999 -999 0056 S -999 -999 -999 -999 72 212N  824W -999 -999 -999 -999 
NHC  08L GASTON    20220924 0600 387N 0297W 190 031 0999 1020 0371 23 037 0167 0185 0185 0278 M -999 -999 -999 -999 72 383N  405W -999 -999 -999 -999 
NHC  07L FIONA     20220924 0600 451N 0611W 360 180 0933 1000 0556 44 185 0510 0649 0649 0510 D 0334 0408 0371 0315 72 630N  575W 0185 0278 0222 0148 
JTWC 18W NORU      20220924 0600 160N 1268E 250 062 0990 1003 0380 28 027 0130 0084 0102 0139 D
NHC  99L INVEST    20220924 1200 120N 0365W 305 010 1009 1011 0278 13 167 -999 -999 -999 -999 S -999 -999 -999 -999 -9 -99N -999W -999 -999 -999 -999 
NHC  15E NEWTON    20220924 1200 190N 1128W 290 036 1004 1010 0185 18 028 0074 0037 -999 0074 M -999 -999 -999 -999 48 181N 1178W -999 -999 -999 -999 
NHC  10L HERMINE   20220924 1200 203N 0208W 360 036 1002 1010 0463 18 074 0074 -999 -999 -999 M -999 -999 -999 -999 72 262N  221W -999 -999 -999 -999 
NHC  09L IAN       20220924 1200 144N 0745W 260 067 1003 1010 0297 21 056 -999 -999 -999 0093 S -999 -999 -999 -999 72 220N  833W -999 -999 -999 -999 
NHC  08L GASTON    20220924 1200 382N 0303W 220 036 1001 1018 0297 21 074 0167 0167 0185 0259 S -999 -999 -999 -999 72 366N  418W -999 -999 -999 -999 
NHC  07L FIONA     20220924 1200 472N 0616W 360 113 0940 1000 0556 36 185 0500 0649 0649 0445 D 0278 0334 0334 0278 72 641N  571W 0185 0185 -999 -999 
JTWC 18W NORU      20220924 1200 156N 1260E 245 057 0979 1005 0361 38 027 0111 0093 0121 0130 D
NHC  99L INVEST    20220924 1800 124N 0365W 335 005 1009 1011 0278 13 167 -999 -999 -999 -999 S -999 -999 -999 -999 -9 -99N -999W -999 -999 -999 -999 
NHC  15E NEWTON    20220924 1800 193N 1137W 290 036 1005 1010 0185 15 028 -999 -999 -999 -999 S -999 -999 -999 -999 48 175N 1185W -999 -999 -999 -999 
NHC  10L HERMINE   20220924 1800 214N 0206W 005 046 1003 1010 0334 18 074 0074 -999 -999 -999 M -999 -999 -999 -999 48 250N  205W -999 -999 -999 -999 
NHC  09L IAN       20220924 1800 142N 0762W 265 077 1003 1010 0297 21 056 -999 -999 -999 0093 S -999 -999 -999 -999 72 227N  841W -999 -999 -999 -999 
NHC  08L GASTON    20220924 1800 381N 0312W 260 036 1002 1016 0297 18 074 0167 0167 0185 0204 S -999 -999 -999 -999 72 356N  430W -999 -999 -999 -999 
NHC  07L FIONA     20220924 1800 477N 0609W 040 036 0952 1000 0556 26 185 0500 0667 0890 0389 D 0222 0278 0278 0222 72 653N  564W -999 -999 -999 -999 
JTWC 18W NORU      20220924 1800 151N 1247E 250 057 0925 1003 0306 69 012 0148 0121 0148 0167 D
NHC  99L INVEST    20220925 0000 129N 0360W 025 015 1009 1011 0278 13 167 -999 -999 -999 -999 S -999 -999 -999 -999 -9 -99N -999W -999 -999 -999 -999 
NHC  15E NEWTON    20220925 0000 195N 1144W 280 041 1006 1010 0185 15 028 -999 -999 -999 -999 S -999 -999 -999 -999 48 170N 1193W -999 -999 -999 -999 
NHC  10L HERMINE   20220925 0000 225N 0205W 005 046 1006 1010 0334 15 074 -999 -999 -999 -999 M -999 -999 -999 -999 48 251N  210W -999 -999 -999 -999 
NHC  10L HERMINE   20220925 0000 225N 0204W 010 046 1006 1010 0334 15 074 -999 -999 -999 -999 M -999 -999 -999 -999 48 251N  210W -999 -999 -999 -999 
NHC  09L IAN       20220925 0000 146N 0772W 275 057 1002 1009 0352 23 056 0074 -999 -999 0093 S -999 -999 -999 -999 72 231N  850W -999 -999 -999 -999 
NHC  08L GASTON    20220925 0000 385N 0328W 265 041 1000 1016 0297 21 093 0185 -999 -999 0111 S -999 -999 -999 -999 72 370N  450W -999 -999 -999 -999 
NHC  08L GASTON    20220925 0000 385N 0328W 265 041 0997 1016 0297 23 093 0185 -999 -999 0111 S -999 -999 -999 -999 72 370N  450W -999 -999 -999 -999 
JTWC 96W INVEST    20220925 0000 169N 1462E 345 047 1003 1005 0333 10 092 -999 -999 -999 -999 S
JTWC 18W NORU      20220925 0000 150N 1237E 255 052 0919 1003 0306 71 009 0148 0130 0130 0148 D
NHC  99L INVEST    20220925 0600 136N 0358W 030 036 1009 1011 0278 13 167 -999 -999 -999 -999 S -999 -999 -999 -999 -9 -99N -999W -999 -999 -999 -999 
NHC  15E NEWTON    20220925 0600 195N 1153W 280 041 1006 1010 0185 15 028 -999 -999 -999 -999 S -999 -999 -999 -999 48 166N 1200W -999 -999 -999 -999 
NHC  10L HERMINE   20220925 0600 233N 0203W 010 051 1008 1010 0334 13 074 -999 -999 -999 -999 M -999 -999 -999 -999 48 255N  216W -999 -999 -999 -999 
NHC  10L HERMINE   20220925 0600 233N 0203W 010 051 1006 1010 0334 15 074 -999 -999 -999 -999 M -999 -999 -999 -999 48 255N  216W -999 -999 -999 -999 
NHC  09L IAN       20220925 0600 146N 0783W 280 057 1003 1008 0334 23 056 0074 -999 -999 0093 S -999 -999 -999 -999 72 239N  849W -999 -999 -999 -999 
NHC  08L GASTON    20220925 0600 389N 0340W 295 057 0997 1016 0297 23 093 0185 -999 -999 0111 S -999 -999 -999 -999 72 368N  466W -999 -999 -999 -999 
JTWC 96W INVEST    20220925 0600 212N 1463E 350 093 1003 1005 0278 10 074 -999 -999 -999 -999 S
JTWC 18W NORU      20220925 0600 150N 1225E 265 057 0925 1003 0287 66 012 0148 0130 0102 0139 D
NHC  99L INVEST    20220925 1200 139N 0363W 350 026 1009 1011 0278 13 130 -999 -999 -999 -999 S -999 -999 -999 -999 -9 -99N -999W -999 -999 -999 -999 
NHC  15E NEWTON    20220925 1200 192N 1161W 265 041 1008 1011 0185 15 028 -999 -999 -999 -999 S -999 -999 -999 -999 48 150N 1207W -999 -999 -999 -999 
NHC  09L IAN       20220925 1200 150N 0794W 285 062 1001 1008 0334 23 056 0074 -999 -999 0093 S -999 -999 -999 -999 72 248N  848W -999 -999 -999 -999 
NHC  08L GASTON    20220925 1200 393N 0358W 270 062 0997 1016 0259 23 074 0185 -999 0111 0111 M -999 -999 -999 -999 72 361N  484W -999 -999 -999 -999 
JTWC 96W INVEST    20220925 1200 211N 1450E 330 072 1003 1005 0278 10 074 -999 -999 -999 -999 S
JTWC 18W NORU      20220925 1200 151N 1214E 270 057 0932 1005 0500 59 009 0139 0111 0130 0074 D
NHC  99L INVEST    20220925 1800 142N 0361W 355 021 1009 1011 0278 13 130 -999 -999 -999 -999 S -999 -999 -999 -999 -9 -99N -999W -999 -999 -999 -999 
NHC  15E NEWTON    20220925 1800 186N 1168W 250 041 1008 1011 0185 13 028 -999 -999 -999 -999 S -999 -999 -999 -999 48 145N 1215W -999 -999 -999 -999 
NHC  09L IAN       20220925 1800 157N 0800W 300 051 1003 1008 0334 21 056 0056 -999 -999 -999 S -999 -999 -999 -999 72 255N  848W -999 -999 -999 -999 
NHC  08L GASTON    20220925 1800 392N 0370W 285 057 1000 1016 0259 21 111 0167 -999 0093 0111 M -999 -999 -999 -999 48 374N  445W -999 -999 -999 -999 
JTWC 19W NINETEEN  20220925 1800 224N 1450E 325 062 1001 1005 0278 15 074 -999 -999 -999 -999 M
JTWC 18W NORU      20220925 1800 156N 1198E 280 067 0968 1005 0333 46 018 0158 0130 0148 0167 D
NHC  99L INVEST    20220926 0000 148N 0359W 005 021 1009 1012 0278 13 111 -999 -999 -999 -999 S -999 -999 -999 -999 -9 -99N -999W -999 -999 -999 -999 
NHC  09L IAN       20220926 0000 169N 0809W 315 057 0991 1007 0222 26 056 0111 0111 -999 0056 D 0056 -999 -999 -999 72 262N  844W -999 -999 -999 -999 
JTWC 19W NINETEEN  20220926 0000 230N 1436E 315 062 1001 1005 0278 15 074 -999 -999 -999 -999 M
JTWC 18W NORU      20220926 0000 159N 1184E 285 072 0979 1005 0333 38 018 0158 0130 0102 0158 D
NHC  99L INVEST    20220926 0600 148N 0358W 030 015 1008 1012 0278 13 111 -999 -999 -999 -999 S -999 -999 -999 -999 -9 -99N -999W -999 -999 -999 -999 
NHC  09L IAN       20220926 0600 177N 0817W 320 062 0985 1007 0278 33 028 0130 0130 0056 0130 D 0056 0056 -999 0037 72 276N  835W 0028 -999 -999 -999 
JTWC 19W KULAP     20220926 0600 239N 1425E 315 067 0998 1005 0296 20 083 0213 0185 0130 0121 M
JTWC 18W NORU      20220926 0600 159N 1169E 280 072 0965 1005 0352 41 018 0204 0139 0130 0176 D
NHC  99L INVEST    20220926 1200 144N 0358W 180 005 1008 1012 0278 13 111 -999 -999 -999 -999 S -999 -999 -999 -999 -9 -99N -999W -999 -999 -999 -999 
NHC  09L IAN       20220926 1200 187N 0824W 325 062 0981 1008 0278 36 028 0167 0148 0074 0167 D 0074 0074 -999 0056 72 277N  834W 0037 -999 -999 -999 
JTWC 91S INVEST    20220926 1200 127S 0831E 210 026 1003 1009 0259 13 055 -999 -999 -999 -999 S
JTWC 19W KULAP     20220926 1200 250N 1418E 325 067 0998 1005 0296 20 083 0185 0148 -999 0074 M
JTWC 18W NORU      20220926 1200 159N 1157E 275 067 0963 1005 0370 41 018 0287 0195 0195 0287 D
NHC  99L INVEST    20220926 1800 140N 0358W 170 015 1008 1012 0278 13 093 -999 -999 -999 -999 S -999 -999 -999 -999 -9 -99N -999W -999 -999 -999 -999 
NHC  09L IAN       20220926 1800 197N 0830W 330 057 0976 1008 0278 41 037 0185 0167 0111 0167 D 0093 0093 0037 0056 72 280N  832W 0056 0046 -999 0037 
JTWC 19W KULAP     20220926 1800 268N 1418E 340 072 0997 1006 0296 20 083 0185 0148 -999 0074 M
JTWC 18W NORU      20220926 1800 159N 1139E 270 072 0956 1004 0426 46 018 0287 0195 0195 0232 D
JTWC 02S TWO       20220926 1800 131S 0826E 215 032 0999 1010 0296 20 046 0074 0111 0111 0093 S
NHC  99L INVEST    20220927 0000 137N 0353W 155 010 1008 1012 0278 13 093 -999 -999 -999 -999 S -999 -999 -999 -999 -9 -99N -999W -999 -999 -999 -999 
NHC  09L IAN       20220927 0000 208N 0833W 330 057 0965 1006 0241 44 037 0185 0167 0111 0167 D 0093 0093 0037 0056 72 281N  829W 0056 0046 -999 0037 
JTWC 19W KULAP     20220927 0000 280N 1419E 355 072 0995 1006 0296 23 083 0185 0148 0074 0074 M
JTWC 18W NORU      20220927 0000 155N 1122E 265 077 0944 1004 0426 64 018 0287 0195 0195 0232 D
JTWC 02S TWO       20220927 0000 134S 0820E 230 037 0999 1009 0306 20 046 0037 0102 0167 0065 S
NHC  99L INVEST    20220927 0600 136N 0350W 135 021 1008 1012 0278 13 093 -999 -999 -999 -999 S -999 -999 -999 -999 -9 -99N -999W -999 -999 -999 -999 
NHC  15E NEWTON    20220927 0600 152N 1207W 235 041 1009 1011 0185 13 028 -999 -999 -999 -999 S -999 -999 -999 -999 -9 -99N -999W -999 -999 -999 -999 
NHC  09L IAN       20220927 0600 218N 0836W 345 057 0956 1008 0371 51 028 0185 0185 0130 0167 D 0093 0093 0056 0074 72 286N  824W 0056 0046 0037 0037 
JTWC 97W INVEST    20220927 0600 179N 1349E 345 072 1004 1005 0232 10 074 -999 -999 -999 -999 S
JTWC 19W KULAP     20220927 0600 287N 1416E 345 057 0990 1007 0333 26 037 0222 0148 0130 0176 M
JTWC 18W NORU      20220927 0600 156N 1112E 265 072 0934 1002 0426 64 012 0195 0185 0185 0195 D
JTWC 02S TWO       20220927 0600 134S 0808E 250 042 0998 1010 0306 20 055 -999 0093 0121 -999 S
NHC  99L INVEST    20220927 1200 136N 0346W 110 021 1008 1012 0278 13 093 -999 -999 -999 -999 S -999 -999 -999 -999 -9 -99N -999W -999 -999 -999 -999 
NHC  15E NEWTON    20220927 1200 146N 1208W 225 036 1008 1011 0185 13 028 -999 -999 -999 -999 S -999 -999 -999 -999 -9 -99N -999W -999 -999 -999 -999 
NHC  09L IAN       20220927 1200 226N 0836W 360 046 0950 1009 0500 57 028 0222 0222 0185 0222 D 0111 0111 0093 0111 72 290N  820W 0056 0046 0037 0037 
JTWC 97W INVEST    20220927 1200 188N 1343E 330 072 1004 1007 0204 10 074 -999 -999 -999 -999 S
JTWC 19W KULAP     20220927 1200 298N 1426E 010 052 0989 1009 0361 26 037 0232 0241 0204 0222 D
JTWC 18W NORU      20220927 1200 158N 1103E 270 057 0949 1000 0380 54 009 0195 0185 0185 0195 D
JTWC 02S ASHLEY    20220927 1200 134S 0797E 265 047 1004 1008 0259 18 055 0121 0093 0121 0102 S
NHC  99L INVEST    20220927 1800 143N 0344W 040 026 1008 1012 0278 13 093 -999 -999 -999 -999 S -999 -999 -999 -999 -9 -99N -999W -999 -999 -999 -999 
NHC  97E INVEST    20220927 1800 134N 0996W 270 072 1009 1011 0222 13 185 -999 -999 -999 -999 S -999 -999 -999 -999 -9 -99N -999W -999 -999 -999 -999 
NHC  15E NEWTON    20220927 1800 140N 1215W 230 041 1008 1011 0185 13 028 -999 -999 -999 -999 S -999 -999 -999 -999 -9 -99N -999W -999 -999 -999 -999 
NHC  09L IAN       20220927 1800 235N 0833W 010 046 0951 1009 0500 54 028 0222 0222 0185 0222 D 0111 0111 0093 0111 72 295N  815W 0065 0065 0037 0037 
JTWC 97W INVEST    20220927 1800 193N 1337E 325 062 1006 1006 0370 10 074 -999 -999 -999 -999 S
JTWC 19W KULAP     20220927 1800 310N 1442E 035 067 0986 1008 0463 28 037 0232 0241 0204 0222 D
JTWC 18W NORU      20220927 1800 160N 1090E 280 052 0958 1000 0380 48 009 0195 0185 0185 0195 D
JTWC 02S ASHLEY    20220927 1800 133S 0786E 270 057 1004 1008 0250 15 055 -999 -999 -999 -999 S
NHC  99L INVEST    20220928 0000 148N 0343W 020 026 1009 1012 0278 15 093 -999 -999 -999 -999 S -999 -999 -999 -999 -9 -99N -999W -999 -999 -999 -999 
NHC  97E INVEST    20220928 0000 130N 0992W 275 046 1008 1010 0222 13 185 -999 -999 -999 -999 S -999 -999 -999 -999 -9 -99N -999W -999 -999 -999 -999 
NHC  15E NEWTON    20220928 0000 140N 1218W 250 021 1007 1010 0185 13 028 -999 -999 -999 -999 S -999 -999 -999 -999 -9 -99N -999W -999 -999 -999 -999 
NHC  09L IAN       20220928 0000 244N 0830W 015 046 0947 1008 0334 54 037 0222 0222 0185 0222 D 0111 0111 0093 0111 72 310N  811W 0065 0065 0037 0037 
JTWC 97W INVEST    20220928 0000 203N 1332E 325 057 1006 1008 0315 10 074 -999 -999 -999 -999 S
JTWC 19W KULAP     20220928 0000 321N 1454E 045 083 0983 1008 0463 31 055 0139 0278 0259 0204 D
JTWC 18W NORU      20220928 0000 160N 1078E 275 057 0970 1001 0463 41 009 0195 0185 0185 0195 D
JTWC 02S ASHLEY    20220928 0000 136S 0774E 265 057 1004 1008 0250 15 055 -999 -999 -999 -999 S
NHC  99L INVEST    20220928 0600 147N 0343W 025 015 1009 1012 0278 15 093 -999 -999 -999 -999 S -999 -999 -999 -999 -9 -99N -999W -999 -999 -999 -999 
NHC  97E INVEST    20220928 0600 133N 1008W 275 051 1008 1010 0222 13 185 -999 -999 -999 -999 S -999 -999 -999 -999 -9 -99N -999W -999 -999 -999 -999 
NHC  15E NEWTON    20220928 0600 138N 1229W 250 036 1007 1010 0185 13 028 -999 -999 -999 -999 S -999 -999 -999 -999 -9 -99N -999W -999 -999 -999 -999 
NHC  09L IAN       20220928 0600 252N 0829W 015 046 0953 1010 0371 54 037 0222 0241 0185 0278 D 0130 0111 0111 0130 72 327N  812W 0065 0065 0056 0065 
JTWC 20W TWENTY    20220928 0600 219N 1322E 330 067 1002 1006 0232 15 074 -999 -999 -999 -999 S
JTWC 19W KULAP     20220928 0600 332N 1477E 050 093 0974 1003 0481 33 055 0232 0269 0241 0222 D
JTWC 18W NORU      20220928 0600 156N 1058E 270 072 0989 1000 0315 26 037 0287 0093 0093 0111 D
JTWC 02S ASHLEY    20220928 0600 146S 0760E 250 067 1008 1011 0250 15 055 -999 -999 -999 -999 S
NHC  99L INVEST    20220928 1200 157N 0342W 010 031 1008 1012 0278 15 093 -999 -999 -999 -999 S -999 -999 -999 -999 48 215N  391W -999 -999 -999 -999 
NHC  97E INVEST    20220928 1200 135N 1025W 280 072 1008 1010 0222 13 185 -999 -999 -999 -999 S -999 -999 -999 -999 -9 -99N -999W -999 -999 -999 -999 
NHC  15E NEWTON    20220928 1200 137N 1237W 260 041 1007 1010 0185 13 028 -999 -999 -999 -999 S -999 -999 -999 -999 -9 -99N -999W -999 -999 -999 -999 
NHC  11L ELEVEN    20220928 1200 157N 0342W 010 031 1008 1012 0278 15 093 -999 -999 -999 -999 S -999 -999 -999 -999 48 215N  391W -999 -999 -999 -999 
NHC  09L IAN       20220928 1200 260N 0827W 015 046 0937 1010 0500 69 037 0222 0259 0185 0278 D 0130 0111 0130 0148 72 336N  814W 0074 0074 0056 0074 
JTWC 20W TWENTY    20220928 1200 231N 1317E 335 067 1003 1006 0232 18 055 0102 -999 -999 0084 S
JTWC 19W KULAP     20220928 1200 347N 1505E 055 118 0973 1002 0426 33 055 0241 0278 0250 0222 D
NHC  97E INVEST    20220928 1800 140N 1027W 285 051 1007 1010 0222 15 056 -999 -999 -999 -999 S -999 -999 -999 -999 -9 -99N -999W -999 -999 -999 -999 
NHC  97E INVEST    20220928 1800 137N 1032W 285 057 1008 1010 0222 13 185 -999 -999 -999 -999 S -999 -999 -999 -999 -9 -99N -999W -999 -999 -999 -999 
NHC  15E NEWTON    20220928 1800 139N 1244W 275 041 1007 1010 0185 13 028 -999 -999 -999 -999 S -999 -999 -999 -999 -9 -99N -999W -999 -999 -999 -999 
NHC  11L ELEVEN    20220928 1800 165N 0344W 350 036 1008 1012 0278 15 074 -999 -999 -999 -999 S -999 -999 -999 -999 48 238N  393W -999 -999 -999 -999 
NHC  09L IAN       20220928 1800 266N 0824W 015 041 0938 1010 0500 69 037 0241 0278 0185 0278 D 0093 0111 0130 0148 72 347N  815W 0056 0074 0056 0083 
JTWC 20W ROKE      20220928 1800 239N 1317E 345 062 0997 1006 0232 23 055 0121 0065 0084 0084 M
JTWC 19W KULAP     20220928 1800 366N 1531E 055 139 0971 1000 0370 33 037 0213 0324 0269 0176 D
NHC  97E INVEST    20220929 0000 141N 1032W 290 041 1007 1010 0222 15 056 -999 -999 -999 -999 S -999 -999 -999 -999 -9 -99N -999W -999 -999 -999 -999 
NHC  16E SIXTEEN   20220929 0000 141N 1032W 290 041 1007 1011 0222 15 056 -999 -999 -999 -999 S -999 -999 -999 -999 -9 -99N -999W -999 -999 -999 -999 
NHC  16E SIXTEEN   20220929 0000 141N 1032W 290 041 1007 1011 0204 15 056 -999 -999 -999 -999 S -999 -999 -999 -999 -9 -99N -999W -999 -999 -999 -999 
NHC  15E NEWTON    20220929 0000 139N 1252W 280 036 1008 1010 0185 10 028 -999 -999 -999 -999 S -999 -999 -999 -999 -9 -99N -999W -999 -999 -999 -999 
NHC  11L ELEVEN    20220929 0000 167N 0352W 335 036 1008 1012 0278 15 074 -999 -999 -999 -999 S -999 -999 -999 -999 48 251N  395W -999 -999 -999 -999 
NHC  09L IAN       20220929 0000 273N 0817W 025 041 0960 1010 0463 51 037 0241 0278 0185 0278 D 0093 0111 0130 0148 72 360N  815W 0056 0074 0056 0083 
JTWC 20W ROKE      20220929 0000 250N 1317E 350 052 0990 1006 0232 28 027 0111 0056 0056 0084 D
JTWC 19W KULAP     20220929 0000 385N 1553E 050 144 0970 1000 0370 33 037 0296 0324 0315 0195 D
NHC  16E SIXTEEN   20220929 0600 145N 1044W 290 046 1006 1011 0204 18 056 0056 0056 -999 -999 S -999 -999 -999 -999 72 197N 1077W -999 -999 -999 -999 
NHC  11L ELEVEN    20220929 0600 175N 0360W 315 046 1008 1012 0278 15 093 -999 -999 -999 -999 S -999 -999 -999 -999 48 260N  400W -999 -999 -999 -999 
NHC  09L IAN       20220929 0600 277N 0811W 045 036 0986 1010 0445 31 037 0667 0222 0278 0371 D 0111 0093 0074 0130 72 370N  815W -999 -999 -999 -999 
JTWC 20W ROKE      20220929 0600 258N 1322E 005 052 0985 1006 0232 36 009 0185 0111 0093 0084 D
NHC  16E ORLENE    20220929 1200 149N 1054W 290 057 1005 1011 0204 18 037 0056 0056 -999 -999 M -999 -999 -999 -999 72 200N 1082W -999 -999 -999 -999 
NHC  11L ELEVEN    20220929 1200 187N 0370W 320 062 1008 1012 0278 15 093 -999 -999 -999 -999 S -999 -999 -999 -999 36 236N  407W -999 -999 -999 -999 
NHC  09L IAN       20220929 1200 285N 0807W 040 041 0987 1009 0445 31 074 0667 0222 0278 0371 D 0111 0093 0074 0130 48 343N  808W -999 -999 -999 -999 
JTWC 20W ROKE      20220929 1200 267N 1331E 025 052 0975 1012 0250 43 009 0195 0139 0111 0093 D
NHC  16E ORLENE    20220929 1800 152N 1062W 290 051 1005 1011 0204 21 037 0037 0056 0037 0037 M -999 -999 -999 -999 72 205N 1081W -999 -999 -999 -999 
NHC  11L ELEVEN    20220929 1800 186N 0375W 310 051 1008 1012 0278 15 130 -999 -999 -999 -999 S -999 -999 -999 -999 24 228N  404W -999 -999 -999 -999 
NHC  09L IAN       20220929 1800 289N 0801W 040 036 0986 1008 0482 33 074 0667 0259 0278 0371 D 0222 -999 0074 0185 48 359N  811W -999 -999 -999 0074 
JTWC 20W ROKE      20220929 1800 272N 1342E 045 052 0979 1012 0287 38 018 0176 0185 0167 0139 D
NHC  16E ORLENE    20220930 0000 154N 1065W 295 036 1002 1009 0185 23 037 0037 0056 0037 0037 M -999 -999 -999 -999 72 208N 1078W -999 -999 -999 -999 
NHC  09L IAN       20220930 0000 297N 0794W 030 046 0986 1008 0482 36 074 0667 0259 0278 0371 D 0222 -999 0074 0185 48 365N  810W -999 -999 -999 0074 
JTWC 20W ROKE      20220930 0000 282N 1355E 050 067 0988 1012 0287 33 018 0111 0111 0093 0084 D
NHC  16E ORLENE    20220930 0600 157N 1068W 300 026 0999 1009 0185 26 028 0056 0056 0037 0037 M 0028 0028 -999 -999 72 213N 1072W -999 -999 -999 -999 
NHC  09L IAN       20220930 0600 302N 0791W 025 041 0984 1007 0334 39 074 0778 0241 0185 0297 D 0148 0111 0148 0222 48 375N  810W -999 -999 0074 0111 
JTWC 20W ROKE      20220930 0600 292N 1379E 055 083 0991 1012 0278 31 018 0111 0111 0093 0074 M
NHC  16E ORLENE    20220930 1200 159N 1070W 315 021 0998 1009 0185 26 028 0056 0056 0037 0037 M 0028 0028 -999 -999 72 218N 1066W -999 -999 -999 -999 
NHC  09L IAN       20220930 1200 315N 0790W 005 046 0984 1008 0389 39 074 0445 0241 0222 0259 D 0148 0111 0148 0148 36 363N  803W 0074 -999 0074 0111 
JTWC 20W ROKE      20220930 1200 302N 1404E 060 108 0994 1013 0278 28 027 0111 0102 0074 0065 M
NHC  16E ORLENE    20220930 1800 164N 1071W 335 021 0994 1009 0185 28 028 0074 0056 0037 0037 M 0037 0028 -999 0028 72 229N 1064W -999 -999 -999 -999 
NHC  09L IAN       20220930 1800 333N 0792W 355 072 0977 1007 0389 39 074 0352 0241 0185 0111 D 0148 0111 0148 0074 36 375N  800W -999 0056 0074 -999 
JTWC 20W ROKE      20220930 1800 306N 1425E 065 113 0996 1012 0315 28 037 0093 0139 0074 0065 M
NHC  16E ORLENE    20221001 0000 168N 1072W 340 021 0994 1009 0185 28 028 0074 0056 0037 0037 M 0037 0028 0028 0028 72 230N 1064W -999 -999 -999 -999 
NHC  09L IAN       20221001 0000 347N 0794W 350 077 0990 1007 0389 26 148 0297 0297 -999 0074 D -999 0148 -999 -999 24 375N  800W -999 -999 -999 -999 
JTWC 20W ROKE      20221001 0000 318N 1444E 065 108 0995 1012 0315 28 037 0111 0102 0074 0056 M
NHC  16E ORLENE    20221001 0600 170N 1070W 355 021 0994 1009 0185 28 028 0074 0056 0037 0037 M 0037 0028 0028 0028 72 236N 1060W -999 -999 -999 -999 
NHC  09L IAN       20221001 0600 353N 0797W 345 051 0999 1008 0343 15 334 -999 -999 -999 -999 D -999 -999 -999 -999 24 380N  792W -999 -999 -999 -999 
JTWC 20W ROKE      20221001 0600 331N 1465E 055 103 0994 1012 0315 28 055 0148 0111 0074 0056 M
NHC  16E ORLENE    20221001 1200 173N 1071W 350 021 0991 1009 0185 31 028 0074 0056 0037 0037 M 0037 0028 0028 0028 72 237N 1056W -999 -999 -999 -999 
NHC  09L IAN       20221001 1200 360N 0801W 345 046 1005 1010 0751 08 741 -999 -999 -999 -999 M -999 -999 -999 -999 12 368N  796W -999 -999 -999 -999 
JTWC 20W ROKE      20221001 1200 341N 1485E 055 103 0989 1012 0315 31 037 0222 0130 0074 0195 M
NHC  98E INVEST    20221001 1800 146N 1132W 035 021 1009 1011 0222 10 167 -999 -999 -999 -999 S -999 -999 -999 -999 -9 -99N -999W -999 -999 -999 -999 
NHC  16E ORLENE    20221001 1800 177N 1071W 355 021 0979 1009 0185 36 019 0074 0074 0074 0074 M 0046 0046 0037 0037 72 240N 1054W 0019 0019 0019 0019 
NHC  09L IAN       20221001 1800 367N 0792W 360 041 1008 1009 0148 10 139 -999 -999 -999 -999 M -999 -999 -999 -999 24 367N  781W -999 -999 -999 -999 
NHC  09L IAN       20221001 1800 367N 0792W 360 041 1008 1009 0111 10 102 -999 -999 -999 -999 M -999 -999 -999 -999 24 367N  781W -999 -999 -999 -999 
NHC  09L IAN       20221001 1800 367N 0792W 360 041 1008 1009 0102 10 093 -999 -999 -999 -999 M -999 -999 -999 -999 24 367N  781W -999 -999 -999 -999 
JTWC 20W ROKE      20221001 1800 354N 1502E 050 098 0988 1012 0315 31 037 0222 0130 0074 0195 M
NHC  98E INVEST    20221002 0000 148N 1130W 045 015 1008 1010 0222 10 167 -999 -999 -999 -999 S -999 -999 -999 -999 -9 -99N -999W -999 -999 -999 -999 
NHC  16E ORLENE    20221002 0000 181N 1070W 005 021 0970 1009 0185 46 019 0093 0093 0093 0093 D 0046 0046 0037 0037 72 241N 1052W 0019 0019 0019 0019 
NHC  09L IAN       20221002 0000 373N 0785W 025 036 1009 1010 0083 08 074 -999 -999 -999 -999 S -999 -999 -999 -999 12 372N  782W -999 -999 -999 -999 
JTWC 20W ROKE      20221002 0000 363N 1525E 055 103 0992 1013 0315 28 037 0222 0130 0074 0195 M
NHC  98E INVEST    20221002 0600 147N 1126W 070 015 1008 1010 0222 10 167 -999 -999 -999 -999 S -999 -999 -999 -999 -9 -99N -999W -999 -999 -999 -999 
NHC  16E ORLENE    20221002 0600 186N 1068W 010 026 0957 1008 0185 54 019 0093 0093 0093 0093 D 0046 0046 0037 0037 48 225N 1059W 0019 0019 0019 0019 
JTWC 20W ROKE      20221002 0600 370N 1547E 060 098 0989 1012 0370 28 064 0232 0232 0176 0185 M
NHC  98E INVEST    20221002 1200 149N 1120W 075 021 1008 1010 0222 13 167 -999 -999 -999 -999 S -999 -999 -999 -999 -9 -99N -999W -999 -999 -999 -999 
NHC  16E ORLENE    20221002 1200 193N 1069W 005 036 0949 1008 0278 59 019 0111 0111 0093 0093 D 0056 0056 0037 0037 48 228N 1057W 0028 0028 0019 0019 
JTWC 20W ROKE      20221002 1200 371N 1562E 070 088 0987 1012 0370 28 046 0296 0232 0222 0278 M
NHC  98E INVEST    20221002 1800 145N 1116W 100 026 1008 1011 0278 13 056 -999 -999 -999 -999 S -999 -999 -999 -999 -9 -99N -999W -999 -999 -999 -999 
NHC  91L INVEST    20221002 1800 095N 0475W 275 051 1012 1013 0278 13 167 -999 -999 -999 -999 S -999 -999 -999 -999 -9 -99N -999W -999 -999 -999 -999 
NHC  16E ORLENE    20221002 1800 200N 1070W 360 036 0972 1009 0259 51 019 0130 0148 0093 0130 D 0056 0056 0037 0037 48 233N 1057W 0028 0028 0019 0019 
JTWC 20W ROKE      20221002 1800 372N 1575E 075 067 0988 1011 0315 26 046 0296 0232 0222 0278 M
NHC  98E INVEST    20221003 0000 145N 1116W 100 015 1008 1011 0278 13 056 -999 -999 -999 -999 S -999 -999 -999 -999 -9 -99N -999W -999 -999 -999 -999 
NHC  91L INVEST    20221003 0000 097N 0490W 275 057 1012 1013 0278 13 167 -999 -999 -999 -999 S -999 -999 -999 -999 -9 -99N -999W -999 -999 -999 -999 
NHC  16E ORLENE    20221003 0000 209N 1067W 010 041 0975 1009 0222 49 019 0130 0148 0093 0130 D 0056 0056 0037 0037 48 242N 1053W 0028 0028 0019 0019 
JTWC 20W ROKE      20221003 0000 368N 1581E 095 047 0989 1013 0407 26 046 0296 0232 0222 0278 M
NHC  98E INVEST    20221003 0600 147N 1116W 090 010 1008 1011 0278 13 056 -999 -999 -999 -999 S -999 -999 -999 -999 -9 -99N -999W -999 -999 -999 -999 
NHC  91L INVEST    20221003 0600 098N 0501W 275 062 1012 1013 0278 13 167 -999 -999 -999 -999 S -999 -999 -999 -999 -9 -99N -999W -999 -999 -999 -999 
NHC  16E ORLENE    20221003 0600 218N 1065W 010 041 0976 1008 0222 44 019 0130 0148 0111 0111 D 0056 0056 0037 0037 36 236N 1059W 0028 0028 0019 0019 
JTWC 20W ROKE      20221003 0600 369N 1590E 095 037 0995 1014 0417 20 083 0296 -999 0204 0259 M
NHC  98E INVEST    20221003 1200 154N 1116W 360 026 1008 1011 0278 13 056 -999 -999 -999 -999 S -999 -999 -999 -999 -9 -99N -999W -999 -999 -999 -999 
NHC  92L INVEST    20221003 1200 113N 0264W 270 041 1011 1012 0334 10 167 -999 -999 -999 -999 S -999 -999 -999 -999 -9 -99N -999W -999 -999 -999 -999 
NHC  91L INVEST    20221003 1200 093N 0507W 270 051 1012 1013 0278 13 167 -999 -999 -999 -999 S -999 -999 -999 -999 -9 -99N -999W -999 -999 -999 -999 
NHC  16E ORLENE    20221003 1200 226N 1061W 015 046 0980 1008 0185 41 019 0111 0148 0111 0111 D 0056 0056 0037 0037 36 240N 1060W 0028 0028 0019 0019 
NHC  16E ORLENE    20221003 1200 226N 1060W 020 046 0980 1008 0185 41 019 0111 0148 0111 0111 D 0056 0056 0037 0037 36 240N 1060W 0028 0028 0019 0019 
NHC  98E INVEST    20221003 1800 157N 1118W 345 026 1006 1012 0241 18 046 -999 0046 0056 0056 S -999 -999 -999 -999 -9 -99N -999W -999 -999 -999 -999 
NHC  92L INVEST    20221003 1800 113N 0277W 270 046 1008 1010 0278 13 148 -999 -999 -999 -999 S -999 -999 -999 -999 -9 -99N -999W -999 -999 -999 -999 
NHC  91L INVEST    20221003 1800 097N 0519W 275 051 1012 1013 0278 13 167 -999 -999 -999 -999 S -999 -999 -999 -999 -9 -99N -999W -999 -999 -999 -999 
NHC  17E PAINE     20221003 1800 157N 1118W 345 026 1006 1012 0241 18 046 -999 0046 0056 0056 S -999 -999 -999 -999 -9 -99N -999W -999 -999 -999 -999 
NHC  16E ORLENE    20221003 1800 233N 1055W 025 046 0996 1008 0185 23 019 0093 0111 0074 0056 M -999 -999 -999 -999 24 247N 1049W -999 -999 -999 -999 
NHC  92L INVEST    20221004 0000 123N 0280W 295 041 1008 1010 0278 13 148 -999 -999 -999 -999 M -999 -999 -999 -999 -9 -99N -999W -999 -999 -999 -999 
NHC  17E PAINE     20221004 0000 163N 1121W 340 026 1006 1012 0222 18 037 0037 0056 0056 0056 S -999 -999 -999 -999 72 188N 1148W -999 -999 -999 -999 
NHC  16E ORLENE    20221004 0000 240N 1050W 030 046 1008 1010 0185 10 019 -999 -999 -999 -999 S -999 -999 -999 -999 12 245N 1048W -999 -999 -999 -999 
NHC  92L INVEST    20221004 0600 128N 0290W 300 051 1008 1010 0278 15 167 -999 -999 -999 -999 M -999 -999 -999 -999 -9 -99N -999W -999 -999 -999 -999 
NHC  91L INVEST    20221004 0600 107N 0540W 285 057 1009 1011 0334 13 167 -999 -999 -999 -999 M -999 -999 -999 -999 -9 -99N -999W -999 -999 -999 -999 
NHC  17E PAINE     20221004 0600 167N 1125W 325 026 1006 1012 0167 18 037 0037 0056 0056 0056 S -999 -999 -999 -999 72 193N 1154W -999 -999 -999 -999 
NHC  92L INVEST    20221004 1200 140N 0296W 320 062 1008 1011 0222 13 167 -999 -999 -999 -999 M -999 -999 -999 -999 -9 -99N -999W -999 -999 -999 -999 
NHC  91L INVEST    20221004 1200 117N 0558W 295 088 1009 1011 0222 13 167 -999 -999 -999 -999 M -999 -999 -999 -999 -9 -99N -999W -999 -999 -999 -999 
NHC  17E PAINE     20221004 1200 173N 1129W 325 031 1006 1012 0167 18 037 0037 0056 0056 0056 S -999 -999 -999 -999 72 192N 1158W -999 -999 -999 -999 
NHC  92L INVEST    20221004 1800 146N 0303W 315 051 1007 1011 0222 15 167 -999 -999 -999 -999 M -999 -999 -999 -999 -9 -99N -999W -999 -999 -999 -999 
NHC  91L INVEST    20221004 1800 112N 0572W 280 077 1008 1011 0278 15 167 -999 -999 -999 -999 M -999 -999 -999 -999 -9 -99N -999W -999 -999 -999 -999 
NHC  17E PAINE     20221004 1800 176N 1132W 320 026 1004 1012 0148 21 037 0037 0056 0056 0056 M -999 -999 -999 -999 72 194N 1167W -999 -999 -999 -999 
NHC  12L TWELVE    20221004 1800 146N 0303W 315 051 1007 1011 0222 15 167 -999 -999 -999 -999 M -999 -999 -999 -999 -9 -99N -999W -999 -999 -999 -999 
JTWC 92S INVEST    20221004 1800 098S 0883E 210 042 1004 1007 0481 13 064 -999 -999 -999 -999 S
JTWC 20W ROKE      20221004 1800 392N 1622E 055 062 0998 1017 0444 15 129 -999 -999 -999 -999 S
NHC  91L INVEST    20221005 0000 113N 0581W 280 062 1007 1011 0278 15 148 -999 -999 -999 -999 M -999 -999 -999 -999 -9 -99N -999W -999 -999 -999 -999 
NHC  17E PAINE     20221005 0000 179N 1138W 305 026 1004 1012 0148 21 037 0056 0074 0074 0074 M -999 -999 -999 -999 48 192N 1151W -999 -999 -999 -999 
NHC  12L TWELVE    20221005 0000 150N 0305W 320 036 1007 1011 0222 15 111 -999 -999 -999 -999 M -999 -999 -999 -999 48 205N  353W -999 -999 -999 -999 
JTWC 92S INVEST    20221005 0000 096S 0876E 230 026 1002 1007 0315 15 074 -999 -999 -999 -999 S
JTWC 20W ROKE      20221005 0000 399N 1638E 055 072 1000 1009 0148 15 129 -999 -999 -999 -999 S
NHC  91L INVEST    20221005 0600 115N 0597W 280 067 1007 1009 0278 15 148 -999 -999 -999 -999 M -999 -999 -999 -999 -9 -99N -999W -999 -999 -999 -999 
NHC  17E PAINE     20221005 0600 182N 1142W 305 026 1006 1012 0148 18 037 0056 0074 0074 0074 S -999 -999 -999 -999 48 191N 1159W -999 -999 -999 -999 
NHC  12L TWELVE    20221005 0600 155N 0309W 325 036 1007 1011 0222 15 111 -999 -999 -999 -999 M -999 -999 -999 -999 36 191N  342W -999 -999 -999 -999 
JTWC 92S INVEST    20221005 0600 087S 0882E 245 016 1003 1006 0315 13 074 -999 -999 -999 -999 S
NHC  91L INVEST    20221005 1200 115N 0617W 275 082 1007 1010 0278 15 148 -999 -999 -999 -999 M -999 -999 -999 -999 -9 -99N -999W -999 -999 -999 -999 
NHC  17E PAINE     20221005 1200 183N 1143W 305 021 1006 1010 0148 15 037 -999 -999 -999 -999 S -999 -999 -999 -999 48 191N 1165W -999 -999 -999 -999 
NHC  12L TWELVE    20221005 1200 154N 0316W 305 031 1007 1011 0222 15 111 -999 -999 -999 -999 M -999 -999 -999 -999 36 191N  353W -999 -999 -999 -999 
JTWC 92S INVEST    20221005 1200 091S 0882E 210 042 1003 1006 0333 13 074 -999 -999 -999 -999 S
NHC  91L INVEST    20221005 1800 114N 0628W 270 072 1006 1008 0222 15 167 -999 -999 -999 -999 S -999 -999 -999 -999 -9 -99N -999W -999 -999 -999 -999 
NHC  17E PAINE     20221005 1800 183N 1147W 285 021 1008 1012 0148 15 037 -999 -999 -999 -999 S -999 -999 -999 -999 36 189N 1156W -999 -999 -999 -999 
NHC  17E PAINE     20221005 1800 183N 1147W 285 021 1008 1012 0148 13 037 -999 -999 -999 -999 S -999 -999 -999 -999 36 189N 1156W -999 -999 -999 -999 
NHC  12L TWELVE    20221005 1800 160N 0320W 305 031 1007 1011 0222 15 111 -999 -999 -999 -999 M -999 -999 -999 -999 36 181N  374W -999 -999 -999 -999 
JTWC 92S INVEST    20221005 1800 093S 0876E 240 021 1001 1008 0380 15 074 -999 -999 -999 -999 S
NHC  91L INVEST    20221006 0000 114N 0644W 270 067 1006 1008 0222 15 167 -999 -999 -999 -999 S -999 -999 -999 -999 -9 -99N -999W -999 -999 -999 -999 
NHC  12L TWELVE    20221006 0000 173N 0321W 330 041 1006 1012 0167 15 093 -999 -999 -999 -999 M -999 -999 -999 -999 36 190N  378W -999 -999 -999 -999 
JTWC 03S THREE     20221006 0000 097S 0866E 245 032 1001 1008 0380 18 074 0139 0278 0222 0185 S
NHC  91L INVEST    20221006 0600 114N 0647W 270 051 1006 1008 0222 15 167 -999 -999 -999 -999 M -999 -999 -999 -999 -9 -99N -999W -999 -999 -999 -999 
NHC  12L TWELVE    20221006 0600 177N 0329W 330 041 1007 1012 0148 15 093 -999 -999 -999 -999 M -999 -999 -999 -999 36 203N  382W -999 -999 -999 -999 
JTWC 03S THREE     20221006 0600 095S 0865E 250 026 0998 1007 0370 18 074 -999 -999 0278 0232 S
NHC  91L INVEST    20221006 1200 114N 0663W 270 067 1006 1009 0222 15 167 -999 -999 -999 -999 M -999 -999 -999 -999 -9 -99N -999W -999 -999 -999 -999 
NHC  13L THIRTEEN  20221006 1200 114N 0663W 270 067 1006 1009 0222 15 167 -999 -999 -999 -999 M -999 -999 -999 -999 -9 -99N -999W -999 -999 -999 -999 
NHC  12L TWELVE    20221006 1200 181N 0339W 315 046 1007 1012 0148 15 093 -999 -999 -999 -999 M -999 -999 -999 -999 24 193N  370W -999 -999 -999 -999 
JTWC 03S THREE     20221006 1200 094S 0865E 265 016 0999 1007 0389 18 074 -999 -999 0241 0195 S
NHC  13L THIRTEEN  20221006 1800 115N 0680W 270 077 1005 1009 0185 15 130 -999 -999 -999 -999 M -999 -999 -999 -999 72 128N  827W -999 -999 -999 -999 
NHC  12L TWELVE    20221006 1800 187N 0351W 295 057 1009 1012 0148 13 093 -999 -999 -999 -999 M -999 -999 -999 -999 24 188N  388W -999 -999 -999 -999 
JTWC 03S THREE     20221006 1800 093S 0859E 285 016 1000 1008 0361 18 074 -999 -999 0241 0185 S
NHC  13L THIRTEEN  20221007 0000 118N 0691W 280 067 1004 1009 0185 15 130 -999 -999 -999 -999 M -999 -999 -999 -999 72 133N  841W -999 -999 -999 -999 
NHC  12L TWELVE    20221007 0000 187N 0362W 290 057 1010 1012 0167 15 130 -999 -999 -999 -999 M -999 -999 -999 -999 24 190N  412W -999 -999 -999 -999 
JTWC 03S THREE     20221007 0000 098S 0854E 255 021 1000 1008 0389 18 074 -999 -999 0241 0185 S
NHC  13L THIRTEEN  20221007 0600 120N 0705W 280 067 1004 1009 0185 15 130 -999 -999 -999 -999 M -999 -999 -999 -999 72 139N  854W -999 -999 -999 -999 
JTWC 03S THREE     20221007 0600 103S 0853E 230 021 1001 1008 0426 18 074 -999 0121 0232 0185 M
NHC  13L THIRTEEN  20221007 1200 123N 0720W 280 072 1004 1009 0222 18 056 0056 -999 -999 0056 M -999 -999 -999 -999 72 141N  867W -999 -999 -999 -999 
NHC  13L JULIA     20221007 1200 124N 0723W 280 082 1002 1009 0222 18 056 0130 -999 -999 0056 M -999 -999 -999 -999 72 141N  867W -999 -999 -999 -999 
JTWC 03S THREE     20221007 1200 103S 0852E 225 021 1000 1007 0444 18 074 -999 0121 0222 0185 M
NHC  13L JULIA     20221007 1800 129N 0739W 285 082 1002 1008 0241 18 130 0130 -999 -999 -999 M -999 -999 -999 -999 72 145N  885W -999 -999 -999 -999 
JTWC 03S THREE     20221007 1800 109S 0852E 195 021 1001 1007 0444 18 074 0121 0185 0167 0093 M
NHC  13L JULIA     20221008 0000 128N 0753W 275 077 0999 1008 0297 21 074 0167 -999 -999 0093 M -999 -999 -999 -999 72 143N  898W -999 -999 -999 -999 
JTWC 03S THREE     20221008 0000 113S 0851E 180 026 1002 1008 0537 18 074 0130 0139 0121 0130 M
NHC  13L JULIA     20221008 0600 127N 0772W 265 082 0999 1008 0297 26 074 0185 -999 -999 0148 M 0074 -999 -999 -999 72 144N  909W -999 -999 -999 -999 
JTWC 03S BALITA    20221008 0600 121S 0857E 160 032 1004 1008 0500 18 074 0139 0139 0047 0047 M
NHC  13L JULIA     20221008 1200 128N 0790W 270 093 0994 1008 0315 28 074 0167 0111 0111 0148 M 0074 -999 -999 0056 48 132N  878W -999 -999 -999 -999 
NHC  13L JULIA     20221008 1200 127N 0790W 270 093 0994 1008 0315 28 074 0167 0074 0074 0148 M 0074 0037 -999 0056 48 132N  878W -999 -999 -999 -999 
JTWC 03S BALITA    20221008 1200 131S 0859E 165 037 1002 1008 0500 20 074 0139 0139 0047 0047 M
NHC  13L JULIA     20221008 1800 126N 0806W 270 082 0993 1008 0334 28 037 0185 0093 0093 0167 M 0074 0056 -999 0056 48 132N  895W -999 -999 -999 -999 
JTWC 03S BALITA    20221008 1800 143S 0859E 170 047 1002 1008 0500 20 074 0130 0093 -999 -999 M
NHC  13L JULIA     20221009 0000 125N 0820W 270 077 0989 1008 0334 33 056 0185 0111 0111 0185 D 0093 0074 -999 0074 48 133N  913W 0056 -999 -999 -999 
JTWC 03S BALITA    20221009 0000 152S 0866E 165 052 1000 1009 0528 20 074 0130 0278 0398 0121 M
NHC  13L JULIA     20221009 0600 124N 0833W 265 072 0982 1008 0334 39 046 0185 0130 0111 0185 D 0093 0074 0056 0074 48 134N  928W 0056 -999 -999 0037 
JTWC 03S BALITA    20221009 0600 151S 0865E 165 037 1001 1009 0528 18 074 0139 0333 0398 0111 S
NHC  13L JULIA     20221009 1200 124N 0847W 270 067 0989 1006 0259 33 046 0148 0111 0093 0148 D 0074 0037 0037 0056 48 141N  933W 0056 -999 -999 0037 
JTWC 03S BALITA    20221009 1200 156S 0871E 155 037 1002 1009 0491 18 074 -999 -999 0232 -999 S
NHC  18E JULIA     20221009 1800 123N 0863W 270 077 0998 1006 0185 23 046 0111 0093 0074 0111 D -999 -999 -999 -999 36 140N  919W -999 -999 -999 -999 
NHC  13L JULIA     20221009 1800 123N 0863W 270 077 0998 1006 0185 23 046 0111 0093 0074 0111 D -999 -999 -999 -999 36 140N  919W -999 -999 -999 -999 
NHC  18E JULIA     20221010 0000 126N 0876W 280 067 1000 1005 0185 21 046 0093 0093 0056 0093 M -999 -999 -999 -999 24 136N  907W -999 -999 -999 -999 
NHC  18E JULIA     20221010 0600 133N 0889W 290 067 1002 1005 0185 18 046 0037 0056 0037 -999 M -999 -999 -999 -999 12 134N  901W -999 -999 -999 -999 
NHC  18E JULIA     20221010 1200 136N 0897W 290 062 1002 1005 0167 18 037 0037 0056 0037 0037 M -999 -999 -999 -999 12 143N  910W -999 -999 -999 -999 
JTWC 98W INVEST    20221010 1200 163N 1256E 270 016 1005 1008 0278 10 092 -999 -999 -999 -999 S
NHC  18E JULIA     20221010 1800 145N 0910W 300 067 1006 1008 0167 13 111 -999 -999 -999 -999 S -999 -999 -999 -999 12 152N  920W -999 -999 -999 -999 
JTWC 98W INVEST    20221010 1800 160N 1251E 245 021 1005 1006 0241 10 092 -999 -999 -999 -999 S
JTWC 98W INVEST    20221011 0000 161N 1247E 260 021 1006 1007 0241 10 092 -999 -999 -999 -999 S
NHC  93L INVEST    20221011 0600 190N 0940W 325 067 1008 1010 0167 13 111 -999 -999 -999 -999 S -999 -999 -999 -999 -9 -99N -999W -999 -999 -999 -999 
JTWC 98W INVEST    20221011 0600 163N 1248E 285 016 1003 1004 0241 10 092 -999 -999 -999 -999 S
JTWC 97W INVEST    20221011 0600 148N 1422E 000 026 1003 1004 0426 10 074 -999 -999 -999 -999 S
NHC  93L INVEST    20221011 1200 193N 0940W 340 021 1008 1010 0167 15 111 -999 -999 -999 -999 S -999 -999 -999 -999 -9 -99N -999W -999 -999 -999 -999 
JTWC 98W INVEST    20221011 1200 154N 1255E 145 011 1005 1007 0278 10 092 -999 -999 -999 -999 S
JTWC 97W INVEST    20221011 1200 152N 1420E 345 026 1005 1006 0407 10 074 -999 -999 -999 -999 S
NHC  93L INVEST    20221011 1800 194N 0942W 330 010 1008 1011 0222 18 185 0185 -999 -999 -999 S -999 -999 -999 -999 -9 -99N -999W -999 -999 -999 -999 
NHC  14L KARL      20221011 1800 194N 0942W 330 010 1008 1011 0222 18 185 0185 -999 -999 -999 S -999 -999 -999 -999 -9 -99N -999W -999 -999 -999 -999 
JTWC 98W INVEST    20221011 1800 154N 1255E 145 011 1003 1005 0278 10 092 -999 -999 -999 -999 S
JTWC 97W INVEST    20221011 1800 156N 1419E 340 026 1004 1005 0555 10 074 -999 -999 -999 -999 S
NHC  99E INVEST    20221012 0000 146N 0964W 270 031 1008 1011 0185 13 056 -999 -999 -999 -999 S -999 -999 -999 -999 -9 -99N -999W -999 -999 -999 -999 
NHC  14L KARL      20221012 0000 202N 0948W 330 026 1006 1010 0185 18 167 0185 -999 0111 -999 S -999 -999 -999 -999 72 199N  970W -999 -999 -999 -999 
JTWC 98W INVEST    20221012 0000 164N 1254E 025 016 1003 1005 0278 10 092 -999 -999 -999 -999 S
JTWC 97W INVEST    20221012 0000 165N 1412E 330 037 1005 1006 0463 10 074 -999 -999 -999 -999 S
NHC  99E INVEST    20221012 0600 145N 0976W 270 041 1009 1012 0185 13 056 -999 -999 -999 -999 S -999 -999 -999 -999 -9 -99N -999W -999 -999 -999 -999 
NHC  14L KARL      20221012 0600 209N 0948W 345 036 1006 1010 0185 18 167 0185 -999 0111 -999 M -999 -999 -999 -999 72 191N  971W -999 -999 -999 -999 
JTWC 99W INVEST    20221012 0600 158N 1511E 290 016 1004 1006 0185 10 074 -999 -999 -999 -999 S
JTWC 98W INVEST    20221012 0600 160N 1251E 245 021 1004 1005 0241 10 092 -999 -999 -999 -999 S
JTWC 97W INVEST    20221012 0600 173N 1400E 315 052 1002 1003 0213 10 074 -999 -999 -999 -999 S
NHC  99E INVEST    20221012 1200 153N 0971W 300 026 1009 1012 0185 13 056 -999 -999 -999 -999 S -999 -999 -999 -999 -9 -99N -999W -999 -999 -999 -999 
NHC  14L KARL      20221012 1200 215N 0948W 350 031 1004 1011 0222 21 167 0185 -999 0139 -999 M -999 -999 -999 -999 72 186N  961W -999 -999 -999 -999 
JTWC 98W INVEST    20221012 1200 163N 1244E 310 026 1004 1005 0241 10 092 -999 -999 -999 -999 S
JTWC 97W INVEST    20221012 1200 178N 1392E 310 052 1002 1004 0185 10 074 -999 -999 -999 -999 S
JTWC 21W TWENTY-ON 20221012 1200 152N 1513E 215 011 1004 1008 0213 13 074 -999 -999 -999 -999 S
NHC  99E INVEST    20221012 1800 155N 0975W 310 021 1009 1012 0148 13 037 -999 -999 -999 -999 S -999 -999 -999 -999 -9 -99N -999W -999 -999 -999 -999 
NHC  14L KARL      20221012 1800 221N 0944W 010 031 1002 1012 0222 26 074 0185 0130 0093 -999 M 0074 0074 -999 -999 72 181N  954W -999 -999 -999 -999 
NHC  99E INVEST    20221013 0000 157N 0979W 305 021 1009 1012 0148 13 037 -999 -999 -999 -999 S -999 -999 -999 -999 -9 -99N -999W -999 -999 -999 -999 
NHC  14L KARL      20221013 0000 224N 0943W 030 021 1000 1011 0222 26 074 0167 0148 0074 -999 M 0074 0074 -999 -999 72 175N  947W -999 -999 -999 -999 
NHC  14L KARL      20221013 0000 224N 0942W 030 015 1000 1011 0222 26 074 0167 0130 0074 -999 M 0074 0074 -999 -999 72 175N  947W -999 -999 -999 -999 
JTWC 90W INVEST    20221013 0000 119N 1144E 270 026 1005 1006 0250 10 083 -999 -999 -999 -999 S
JTWC 21W TWENTY-ON 20221013 0000 146N 1514E 165 016 1005 1008 0259 13 064 -999 -999 -999 -999 S
NHC  99E INVEST    20221013 0600 159N 0985W 295 026 1010 1012 0148 10 019 -999 -999 -999 -999 S -999 -999 -999 -999 -9 -99N -999W -999 -999 -999 -999 
NHC  14L KARL      20221013 0600 224N 0943W 360 000 1002 1012 0222 23 074 0148 0130 0074 0056 M -999 -999 -999 -999 72 169N  947W -999 -999 -999 -999 
JTWC 97W INVEST    20221013 0600 203N 1320E 285 088 1000 1002 0278 10 083 -999 -999 -999 -999 S
JTWC 90W INVEST    20221013 0600 129N 1140E 315 037 1001 1003 0278 10 083 -999 -999 -999 -999 S
JTWC 21W TWENTY-ON 20221013 0600 152N 1527E 090 026 1005 1008 0259 13 064 -999 -999 -999 -999 S
NHC  14L KARL      20221013 1200 220N 0941W 155 010 1002 1011 0278 23 074 0111 0130 0093 0056 M -999 -999 -999 -999 72 164N  954W -999 -999 -999 -999 
JTWC 97W INVEST    20221013 1200 197N 1317E 265 067 1000 1002 0278 10 083 -999 -999 -999 -999 S
JTWC 90W INVEST    20221013 1200 130N 1129E 300 047 1001 1003 0278 10 083 -999 -999 -999 -999 S
JTWC 21W TWENTY-ON 20221013 1200 157N 1540E 070 052 1004 1008 0259 15 046 -999 -999 -999 -999 S
NHC  14L KARL      20221013 1800 212N 0937W 155 031 1000 1011 0278 21 093 -999 0148 0093 0056 M -999 -999 -999 -999 48 180N  943W -999 -999 -999 -999 
JTWC 97W INVEST    20221013 1800 198N 1311E 255 047 1000 1002 0296 10 101 -999 -999 -999 -999 S
JTWC 90W INVEST    20221013 1800 141N 1123E 315 052 1001 1003 0296 10 129 -999 -999 -999 -999 S
JTWC 21W TWENTY-ON 20221013 1800 167N 1551E 060 072 1004 1008 0250 15 055 -999 -999 -999 -999 S
NHC  14L KARL      20221014 0000 208N 0931W 145 036 0999 1011 0278 21 093 -999 0111 0093 0056 M -999 -999 -999 -999 48 175N  943W -999 -999 -999 -999 
JTWC 97W INVEST    20221014 0000 201N 1302E 270 042 1000 1002 0296 10 101 -999 -999 -999 -999 S
JTWC 22W TWENTY--T 20221014 0000 133N 1124E 300 026 1000 1006 0259 13 092 -999 -999 -999 -999 S
JTWC 21W TWENTY-ON 20221014 0000 185N 1560E 045 077 1000 1007 0306 18 074 0074 0065 -999 -999 M
NHC  14L KARL      20221014 0600 204N 0926W 130 031 1001 1011 0278 18 093 -999 0093 0093 0074 M -999 -999 -999 -999 36 180N  934W -999 -999 -999 -999 
JTWC 97W INVEST    20221014 0600 195N 1291E 265 042 0998 1000 0296 10 101 -999 -999 -999 -999 S
JTWC 22W TWENTY-TW 20221014 0600 142N 1114E 310 042 1000 1004 0259 15 092 -999 -999 -999 -999 S
JTWC 21W TWENTY-ON 20221014 0600 212N 1566E 025 103 1004 1007 0306 18 074 0111 0167 -999 -999 M
NHC  14L KARL      20221014 1200 197N 0926W 155 031 0998 1011 0278 21 056 -999 0093 0093 0074 M -999 -999 -999 -999 36 177N  934W -999 -999 -999 -999 
JTWC 97W INVEST    20221014 1200 191N 1283E 255 042 0998 1000 0296 10 101 -999 -999 -999 -999 S
JTWC 22W SONCA     20221014 1200 146N 1105E 305 047 0998 1004 0259 18 083 -999 -999 0148 0222 S
JTWC 21W TWENTY-ON 20221014 1200 236N 1576E 020 118 0999 1007 0306 20 055 0185 0232 -999 -999 M
NHC  14L KARL      20221014 1800 196N 0928W 195 021 1003 1011 0278 18 074 -999 0111 0074 0056 S -999 -999 -999 -999 24 181N  933W -999 -999 -999 -999 
JTWC 23W TWENTY-TH 20221014 1800 188N 1276E 250 042 0999 1001 0296 13 101 -999 -999 -999 -999 S
JTWC 23W TWENTY-TH 20221014 1800 188N 1276E 250 042 0999 1001 0296 
JTWC 23W TWENTY-TH 20221014 1800 13 101 -999 -999 -999 -999 S 20 055 0176 0315 -999 -999 M
JTWC 22W SONCA     20221014 1800 153N 1089E 300 062 0999 1004 0130 18 083 0102 0093 -999 -999 S
JTWC 21W TWENTY-ON 20221014 1800 267N 1582E 015 139 1000 1007 0306 20 055 0176 0315 -999 -999 M
JTWC 21W TWENTY-ON 20221014 1800 267N 1582E 015 139 1000 1007 0306 
NHC  14L KARL      20221015 0000 192N 0927W 190 015 1004 1009 0185 15 074 -999 -999 -999 -999 S -999 -999 -999 -999 24 184N  938W -999 -999 -999 -999 
JTWC 23W TWENTY-TH 20221015 0000 189N 1266E 260 042 0997 1006 0555 13 101 -999 -999 -999 -999 S
JTWC 22W SONCA	   20221015 0000 157N 1075E 295 067 1002 1004 0130 3 083 -999 -999 -999 -999 S
JTWC 22W SONCA     20221015 0000 157N 1075E 295 067 1002 1004 0130 13 083 -999 -999 -999 -999 S
JTWC 21W TWENTY-ON 20221015 0000 296N 1585E 010 144 1002 1007 0306 15 055 -999 -999 -999 -999 M
NHC  14L KARL      20221015 0600 187N 0929W 200 021 1007 1011 0167 13 074 -999 -999 -999 -999 S -999 -999 -999 -999 24 182N  936W -999 -999 -999 -999 
JTWC 91W INVEST    20221015 0600 274N 1531E 275 021 1000 1006 0306 15 157 -999 -999 -999 -999 M
JTWC 23W NESAT     20221015 0600 185N 1240E 265 072 0998 1003 0481 18 101 0204 0148 -999 0158 M
JTWC 21W TWENTY-ON 20221015 0600 327N 1606E 015 164 1003 1006 0185 15 055 -999 -999 -999 -999 M
JTWC 91W INVEST    20221015 1200 263N 1529E 220 032 1000 1008 0269 15 157 -999 -999 -999 -999 M
JTWC 23W NESAT     20221015 1200 188N 1230E 270 067 0999 1005 0509 20 074 0185 0148 0084 0111 M
JTWC 91W INVEST    20221015 1800 267N 1534E 190 016 1001 1008 0315 18 120 0037 0121 0121 0111 M
JTWC 23W NESAT     20221015 1800 192N 1223E 280 057 0995 1005 0509 23 074 0185 0148 0111 0269 M
JTWC 91W INVEST    20221016 0000 267N 1536E 145 016 1001 1008 0315 18 120 0047 0111 0148 0111 M
JTWC 23W NESAT     20221016 0000 193N 1212E 285 047 0994 1007 0555 26 074 0185 0148 0111 0269 M
JTWC 91W INVEST    20221016 0600 261N 1545E 100 026 1003 1008 0269 15 074 -999 -999 -999 -999 M
JTWC 23W NESAT     20221016 0600 195N 1199E 280 057 0980 1004 0491 36 031 0167 0139 0130 0241 D
JTWC 91W INVEST    20221016 1200 271N 1557E 075 042 1005 1010 0287 13 074 -999 -999 -999 -999 S
JTWC 23W NESAT     20221016 1200 198N 1189E 285 047 0978 1006 0491 38 046 0176 0158 0139 0250 D
JTWC 91W INVEST    20221016 1800 276N 1567E 070 052 1006 1010 0324 13 074 -999 -999 -999 -999 S
JTWC 23W NESAT     20221016 1800 197N 1177E 280 052 0978 1006 0491 38 046 0176 0158 0139 0250 D
JTWC 91W INVEST    20221017 0000 272N 1568E 060 042 1007 1012 0324 13 074 -999 -999 -999 -999 S
JTWC 23W NESAT     20221017 0000 198N 1168E 275 052 0973 1005 0315 41 046 0176 0158 0139 0250 D
JTWC 91W INVEST    20221017 0600 270N 1577E 090 032 1005 1010 0306 13 074 -999 -999 -999 -999 S
JTWC 23W NESAT     20221017 0600 192N 1164E 260 042 0964 1004 0426 46 027 0176 0148 0176 0269 D
JTWC 91W INVEST    20221017 1200 276N 1578E 075 026 1007 1011 0306 10 074 -999 -999 -999 -999 S
JTWC 23W NESAT     20221017 1200 190N 1154E 255 047 0964 1004 0426 46 009 0278 0185 0222 0278 D
JTWC 91W INVEST    20221017 1800 280N 1578E 045 021 1007 1011 0306 10 074 -999 -999 -999 -999 S
JTWC 23W NESAT	   20221017 1800 187N 1146E 255 047 0964 1004 0444 6 009 0259 0195 0204 0278 D
JTWC 23W NESAT     20221017 1800 187N 1146E 255 047 0964 1004 0444 46 009 0259 0195 0204 0278 D
NHC  90E INVEST    20221018 0000 113N 0973W 315 041 1008 1011 0334 13 185 -999 -999 -999 -999 S -999 -999 -999 -999 -9 -99N -999W -999 -999 -999 -999 
JTWC 92B INVEST    20221018 0000 121N 0941E 305 047 1005 1009 0389 10 074 -999 -999 -999 -999 S
JTWC 24W TWENTY-FO 20221018 0000 286N 1582E 015 032 1004 1011 0315 15 092 -999 -999 -999 -999 S
JTWC 23W NESAT     20221018 0000 182N 1137E 250 047 0972 1004 0426 41 009 0703 0130 0185 0398 D
NHC  90E INVEST    20221018 0600 121N 0978W 320 036 1008 1011 0334 13 167 -999 -999 -999 -999 S -999 -999 -999 -999 -9 -99N -999W -999 -999 -999 -999 
JTWC 24W TWENTY-FO 20221018 0600 296N 1588E 025 037 1004 1010 0315 15 092 -999 -999 -999 -999 S
JTWC 23W NESAT     20221018 0600 181N 1131E 250 042 0972 1006 0426 41 018 0703 0130 0148 0250 D
NHC  90E INVEST    20221018 1200 131N 0983W 330 046 1008 1011 0334 13 167 -999 -999 -999 -999 S -999 -999 -999 -999 -9 -99N -999W -999 -999 -999 -999 
JTWC 24W HAITANG   20221018 1200 310N 1590E 020 047 1004 1010 0315 18 092 -999 0139 -999 -999 S
JTWC 23W NESAT     20221018 1200 175N 1127E 245 037 0979 1006 0426 36 018 0472 0121 0195 0296 D
NHC  90E INVEST    20221018 1800 139N 0984W 340 051 1008 1011 0334 13 167 -999 -999 -999 -999 S -999 -999 -999 -999 -9 -99N -999W -999 -999 -999 -999 
JTWC 24W HAITANG   20221018 1800 327N 1611E 030 077 1006 1010 0315 15 101 -999 -999 -999 -999 S
JTWC 23W NESAT     20221018 1800 172N 1119E 245 037 0983 1006 0444 33 055 0463 0121 0158 0324 D
NHC  90E INVEST    20221019 0000 142N 0987W 330 036 1008 1011 0334 13 167 -999 -999 -999 -999 S -999 -999 -999 -999 -9 -99N -999W -999 -999 -999 -999 
JTWC 23W NESAT     20221019 0000 170N 1109E 255 042 0988 1008 0241 28 092 0343 0093 0121 0195 M
NHC  90E INVEST    20221019 0600 147N 0996W 310 041 1008 1011 0334 13 148 -999 -999 -999 -999 S -999 -999 -999 -999 -9 -99N -999W -999 -999 -999 -999 
JTWC 92W INVEST    20221019 0600 210N 1308E 285 032 1006 1008 0287 10 101 -999 -999 -999 -999 S
JTWC 24W HAITANG   20221019 0600 352N 1649E 050 103 1006 1010 0315 15 101 -999 -999 -999 -999 S
JTWC 23W NESAT     20221019 0600 170N 1102E 260 037 0997 1008 0241 26 046 0093 0084 0084 0102 M
NHC  90E INVEST    20221019 1200 151N 1003W 300 041 1008 1011 0334 13 148 -999 -999 -999 -999 S -999 -999 -999 -999 -9 -99N -999W -999 -999 -999 -999 
JTWC 92W INVEST    20221019 1200 209N 1307E 280 021 1005 1008 0287 10 101 -999 -999 -999 -999 S
JTWC 23W NESAT     20221019 1200 172N 1094E 275 037 1002 1008 0241 20 046 0093 0084 0084 0093 M
NHC  90E INVEST    20221019 1800 152N 1009W 295 036 1008 1011 0334 13 148 -999 -999 -999 -999 S -999 -999 -999 -999 -9 -99N -999W -999 -999 -999 -999 
JTWC 92W INVEST    20221019 1800 208N 1303E 260 021 1007 1008 0287 10 101 -999 -999 -999 -999 S
JTWC 23W NESAT     20221019 1800 174N 1085E 280 042 1002 1008 0241 20 046 0093 -999 0056 0130 M
NHC  90E INVEST    20221020 0000 151N 1010W 285 021 1008 1011 0278 15 130 -999 -999 -999 -999 S -999 -999 -999 -999 -9 -99N -999W -999 -999 -999 -999 
NHC  19E NINETEEN  20221020 0000 151N 1010W 285 021 1007 1011 0278 15 130 -999 -999 -999 -999 S -999 -999 -999 -999 -9 -99N -999W -999 -999 -999 -999 
JTWC 25W TWENTY-FI 20221020 0000 207N 1292E 260 032 1006 1008 0287 13 185 -999 -999 -999 -999 S
JTWC 23W NESAT     20221020 0000 176N 1082E 290 037 1008 1012 0167 18 046 0093 -999 0056 0130 M
NHC  19E NINETEEN  20221020 0600 151N 1013W 275 015 1007 1011 0222 15 130 -999 -999 -999 -999 S -999 -999 -999 -999 72 189N 1063W -999 -999 -999 -999 
JTWC 25W TWENTY-FI 20221020 0600 212N 1286E 280 037 1004 1008 0278 13 083 -999 -999 -999 -999 S
JTWC 23W NESAT     20221020 0600 177N 1082E 295 021 1009 1012 0176 13 046 -999 -999 -999 -999 S
NHC  19E NINETEEN  20221020 1200 151N 1017W 270 021 1006 1011 0222 18 093 0093 -999 -999 -999 M -999 -999 -999 -999 72 194N 1062W -999 -999 -999 -999 
JTWC 25W TWENTY-FI 20221020 1200 207N 1274E 265 047 1005 1012 0278 13 083 -999 -999 -999 -999 S
JTWC 23W NESAT     20221020 1200 175N 1079E 285 016 1008 1012 0139 13 046 -999 -999 -999 -999 S
NHC  19E ROSLYN    20221020 1800 154N 1026W 280 031 1005 1011 0222 21 074 0093 -999 -999 -999 M -999 -999 -999 -999 72 203N 1059W -999 -999 -999 -999 
NHC  19E ROSLYN    20221020 1800 154N 1026W 280 031 1005 1011 0222 18 074 0093 -999 -999 -999 M -999 -999 -999 -999 72 203N 1059W -999 -999 -999 -999 
JTWC 25W TWENTY-FI 20221020 1800 205N 1261E 260 052 1006 1010 0167 15 083 -999 -999 -999 -999 S
NHC  19E ROSLYN    20221021 0000 156N 1033W 285 036 1001 1010 0222 23 074 0093 0056 -999 -999 M -999 -999 -999 -999 72 218N 1060W -999 -999 -999 -999 
JTWC 92B INVEST    20221021 0000 109N 0950E 295 016 1009 1009 0139 08 092 -999 -999 -999 -999 S
JTWC 25W TWENTY-FI 20221021 0000 204N 1246E 260 062 1004 1010 0167 15 083 -999 -999 -999 -999 S
NHC  19E ROSLYN    20221021 0600 160N 1035W 305 031 0998 1011 0334 28 074 0111 0148 0037 0111 M 0074 -999 -999 -999 72 234N 1056W -999 -999 -999 -999 
JTWC 92B INVEST    20221021 0600 110N 0940E 290 026 1008 1009 0232 08 092 -999 -999 -999 -999 S
JTWC 25W TWENTY-FI 20221021 0600 203N 1229E 265 067 1006 1010 0222 15 074 -999 -999 -999 -999 S
NHC  19E ROSLYN    20221021 1200 165N 1041W 305 036 0997 1011 0334 28 056 0111 0148 0037 0111 M 0074 -999 -999 -999 72 257N 1033W -999 -999 -999 -999 
NHC  19E ROSLYN    20221021 1200 163N 1041W 305 031 0997 1011 0334 28 056 0111 0148 0037 0111 M 0074 -999 -999 -999 72 257N 1033W -999 -999 -999 -999 
JTWC 92B INVEST    20221021 1200 127N 0942E 335 042 1007 1008 0222 08 092 -999 -999 -999 -999 S
JTWC 25W TWENTY-FI 20221021 1200 204N 1217E 270 067 1006 1013 0222 15 074 -999 -999 -999 -999 S
NHC  94L INVEST    20221021 1800 293N 0411W 245 082 1011 1014 0185 18 093 0093 -999 -999 0093 M -999 -999 -999 -999 -9 -99N -999W -999 -999 -999 -999 
NHC  19E ROSLYN    20221021 1800 162N 1048W 290 036 0992 1011 0334 31 028 0093 0111 0037 0093 D 0037 -999 -999 0019 72 271N 1025W -999 -999 -999 -999 
JTWC 92B INVEST    20221021 1800 116N 0934E 295 032 1006 1009 0259 13 148 -999 -999 -999 -999 S
JTWC 25W TWENTY-FI 20221021 1800 202N 1198E 270 072 1007 1011 0176 13 101 -999 -999 -999 -999 S
NHC  94L INVEST    20221022 0000 286N 0428W 250 082 1011 1014 0185 18 093 0111 -999 -999 0111 M -999 -999 -999 -999 -9 -99N -999W -999 -999 -999 -999 
NHC  19E ROSLYN    20221022 0000 166N 1053W 295 031 0982 1009 0222 39 019 0111 0111 0056 0093 D 0037 -999 -999 0037 48 226N 1050W 0019 -999 -999 0019 
JTWC 92B INVEST    20221022 0000 121N 0927E 300 037 1006 1009 0259 13 148 -999 -999 -999 -999 S
JTWC 25W TWENTY-FI 20221022 0000 199N 1192E 265 062 1007 1011 0176 13 101 -999 -999 -999 -999 S
NHC  94L INVEST    20221022 0600 284N 0442W 250 077 1012 1016 0185 18 093 0111 -999 -999 0111 M -999 -999 -999 -999 -9 -99N -999W -999 -999 -999 -999 
NHC  19E ROSLYN    20221022 0600 169N 1058W 305 031 0963 1009 0222 51 028 0130 0130 0074 0093 D 0056 0037 0037 0037 48 244N 1040W 0037 0028 0019 0028 
JTWC 92B INVEST    20221022 0600 140N 0915E 315 026 1006 1009 0259 13 148 -999 -999 -999 -999 S
JTWC 25W TWENTY-FI 20221022 0600 202N 1195E 265 037 1007 1011 0176 13 101 -999 -999 -999 -999 S
NHC  94L INVEST    20221022 1200 283N 0456W 270 072 1013 1016 0167 15 093 -999 -999 -999 -999 M -999 -999 -999 -999 -9 -99N -999W -999 -999 -999 -999 
NHC  19E ROSLYN    20221022 1200 176N 1062W 320 036 0955 1009 0222 57 028 0130 0130 0074 0093 D 0074 0056 0037 0056 48 257N 1025W 0046 0028 0028 0037 
JTWC 92B INVEST    20221022 1200 145N 0906E 295 052 1005 1009 0259 13 083 -999 -999 -999 -999 S
JTWC 25W TWENTY-FI 20221022 1200 203N 1189E 270 037 1007 1011 0176 13 101 -999 -999 -999 -999 S
NHC  94L INVEST    20221022 1800 287N 0470W 275 062 1014 1015 0167 15 093 -999 -999 -999 -999 S -999 -999 -999 -999 -9 -99N -999W -999 -999 -999 -999 
NHC  19E ROSLYN    20221022 1800 184N 1066W 335 041 0955 1010 0222 59 019 0130 0130 0074 0093 D 0074 0056 0037 0056 48 271N 1018W 0046 0028 0028 0037 
JTWC 92B INVEST    20221022 1800 151N 0895E 300 057 1004 1008 0407 15 083 -999 -999 -999 -999 S
JTWC 25W TWENTY-FI 20221022 1800 205N 1179E 275 042 1009 1010 0111 13 101 -999 -999 -999 -999 S
NHC  94L INVEST    20221023 0000 291N 0488W 285 072 1015 1016 0167 15 093 -999 -999 -999 -999 S -999 -999 -999 -999 -9 -99N -999W -999 -999 -999 -999 
NHC  19E ROSLYN    20221023 0000 195N 1067W 360 046 0954 1008 0185 59 019 0130 0130 0074 0093 D 0074 0056 0037 0056 36 260N 1028W 0046 0028 0028 0037 
JTWC 92B INVEST    20221023 0000 157N 0885E 300 057 1004 1008 0444 15 083 -999 -999 -999 -999 S
JTWC 25W TWENTY-FI 20221023 0000 201N 1167E 265 047 1011 1012 0111 15 083 -999 -999 -999 -999 S
NHC  94L INVEST    20221023 0600 300N 0506W 290 082 1015 1016 0167 15 093 -999 -999 -999 -999 S -999 -999 -999 -999 -9 -99N -999W -999 -999 -999 -999 
NHC  19E ROSLYN    20221023 0600 205N 1064W 010 051 0958 1008 0185 57 019 0130 0130 0093 0093 D 0074 0056 0056 0056 36 275N 1015W 0037 0037 0028 0037 
JTWC 92B INVEST    20221023 0600 152N 0881E 285 042 1000 1008 0444 15 083 -999 -999 -999 -999 S
NHC  94L INVEST    20221023 1200 307N 0526W 295 093 1016 1017 0167 15 093 -999 -999 -999 -999 S -999 -999 -999 -999 -9 -99N -999W -999 -999 -999 -999 
NHC  19E ROSLYN    20221023 1200 221N 1055W 015 067 0960 1008 0185 54 019 0111 0130 0093 0093 D 0056 0056 0056 0056 24 260N 1025W 0037 0037 0028 0037 
JTWC 05B FIVE      20221023 1200 158N 0884E 315 026 0998 1006 0444 18 074 0167 0084 0084 0167 S
NHC  94L INVEST    20221023 1800 313N 0547W 295 098 1015 1017 0167 15 037 -999 -999 -999 -999 S -999 -999 -999 -999 -9 -99N -999W -999 -999 -999 -999 
NHC  19E ROSLYN    20221023 1800 238N 1044W 030 098 0988 1008 0167 31 028 0093 0093 0074 0093 D 0056 0056 0037 0056 24 276N 1012W -999 -999 -999 -999 
JTWC 05B SITRANG   20221023 1800 167N 0888E 010 032 0998 1009 0583 18 083 0074 0084 -999 -999 S
NHC  94L INVEST    20221024 0000 315N 0572W 285 103 1015 1017 0167 15 037 -999 -999 -999 -999 S -999 -999 -999 -999 -9 -99N -999W -999 -999 -999 -999 
NHC  19E ROSLYN    20221024 0000 252N 1020W 040 103 1005 1008 0167 15 056 -999 -999 -999 -999 D -999 -999 -999 -999 12 268N 1013W -999 -999 -999 -999 
JTWC 05B SITRANG   20221024 0000 177N 0892E 020 047 0997 1009 0611 18 101 0093 0102 -999 -999 S
NHC  94L INVEST    20221024 0600 315N 0598W 275 108 1015 1017 0167 15 037 -999 -999 -999 -999 S -999 -999 -999 -999 -9 -99N -999W -999 -999 -999 -999 
JTWC 05B SITRANG   20221024 0600 193N 0897E 020 062 0999 1009 0611 20 120 0352 0287 0176 0296 M
NHC  94L INVEST    20221024 1200 318N 0620W 275 108 1014 1017 0167 15 037 -999 -999 -999 -999 S -999 -999 -999 -999 -9 -99N -999W -999 -999 -999 -999 
JTWC 05B SITRANG   20221024 1200 210N 0902E 015 077 0999 1009 0611 23 120 0278 0213 0111 0241 M
NHC  94L INVEST    20221024 1800 315N 0636W 270 082 1013 1016 0222 15 037 -999 -999 -999 -999 S -999 -999 -999 -999 -9 -99N -999W -999 -999 -999 -999 
JTWC 05B SITRANG   20221024 1800 241N 0910E 015 108 0994 1007 0333 18 120 -999 -999 -999 -999 M
NHC  94L INVEST    20221025 0000 314N 0645W 270 067 1010 1016 0222 15 019 -999 -999 -999 -999 S -999 -999 -999 -999 -9 -99N -999W -999 -999 -999 -999 
JTWC 93W INVEST    20221025 0000 114N 1323E 300 057 1006 1009 0592 10 000 -999 -999 -999 -999 S
NHC  94L INVEST    20221025 0600 318N 0651W 275 046 1010 1015 0278 15 019 -999 -999 -999 -999 S -999 -999 -999 -999 -9 -99N -999W -999 -999 -999 -999 
JTWC 93W INVEST    20221025 0600 118N 1289E 285 088 1004 1006 0592 10 000 -999 -999 -999 -999 S
NHC  94L INVEST    20221025 1200 325N 0650W 360 036 1010 1015 0278 15 019 -999 -999 -999 -999 S -999 -999 -999 -999 -9 -99N -999W -999 -999 -999 -999 
JTWC 93W INVEST    20221025 1200 114N 1364E 085 072 1006 1008 0592 10 000 -999 -999 -999 -999 S
NHC  94L INVEST    20221025 1800 336N 0649W 005 051 1010 1014 0259 13 037 -999 -999 -999 -999 S -999 -999 -999 -999 -9 -99N -999W -999 -999 -999 -999 
JTWC 93W INVEST    20221025 1800 110N 1357E 328 021 1003 1006 0555 10 157 -999 -999 -999 -999 S
NHC  94L INVEST    20221026 0000 350N 0650W 360 067 1010 1014 0259 13 037 -999 -999 -999 -999 S -999 -999 -999 -999 -9 -99N -999W -999 -999 -999 -999 
JTWC 93W INVEST    20221026 0000 122N 1356E 345 037 1004 1007 0555 10 157 -999 -999 -999 -999 S
NHC  94L INVEST    20221026 0600 368N 0654W 355 082 1010 1014 0259 13 037 -999 -999 -999 -999 S -999 -999 -999 -999 -9 -99N -999W -999 -999 -999 -999 
JTWC 93W INVEST    20221026 0600 134N 1340E 330 057 1003 1005 0555 13 157 -999 -999 -999 -999 S
NHC  94L INVEST    20221026 1200 395N 0655W 355 113 1010 1011 0167 13 093 -999 -999 -999 -999 S -999 -999 -999 -999 -9 -99N -999W -999 -999 -999 -999 
JTWC 93W INVEST    20221026 1200 138N 1332E 315 062 1003 1007 0555 13 157 -999 -999 -999 -999 S
JTWC 93W INVEST    20221026 1800 123N 1315E 285 037 1001 1004 0417 10 111 -999 -999 -999 -999 S
JTWC 26W TWENTY-SI 20221027 0000 126N 1307E 290 037 1000 1004 0417 13 111 -999 -999 -999 -999 S
JTWC 26W NALGAE    20221027 0600 122N 1300E 275 037 0998 1002 0417 15 111 -999 -999 -999 -999 S
JTWC 26W NALGAE    20221027 1200 121N 1301E 270 021 0997 1002 0417 15 092 -999 -999 -999 -999 S
JTWC 26W NALGAE    20221027 1800 121N 1296E 270 026 0992 1002 0444 20 111 0185 0241 0204 -999 S
JTWC 26W NALGAE    20221028 0000 121N 1284E 270 037 0993 1002 0417 20 074 0185 0259 0269 0065 S
JTWC 26W NALGAE    20221028 0600 125N 1267E 275 057 0994 1002 0417 20 064 0259 0195 0167 0213 M
NHC  95L INVEST    20221028 1200 120N 0660W 290 021 1009 1010 0278 10 185 -999 -999 -999 -999 S -999 -999 -999 -999 -9 -99N -999W -999 -999 -999 -999 
JTWC 94W INVEST    20221028 1200 082N 1403E 270 037 1004 1008 0232 10 083 -999 -999 -999 -999 S
JTWC 26W NALGAE    20221028 1200 131N 1252E 285 067 0994 1004 0398 23 046 0259 0195 0167 0213 M
NHC  95L INVEST    20221028 1800 123N 0666W 295 026 1009 1010 0259 10 185 -999 -999 -999 -999 S -999 -999 -999 -999 -9 -99N -999W -999 -999 -999 -999 
JTWC 94W INVEST    20221028 1800 081N 1393E 270 042 1004 1008 0232 13 083 -999 -999 -999 -999 S
JTWC 26W NALGAE    20221028 1800 141N 1236E 295 077 0989 1004 0463 28 046 0361 0324 0093 0204 M
NHC  95L INVEST    20221029 0000 130N 0672W 315 041 1009 1010 0259 10 185 -999 -999 -999 -999 S -999 -999 -999 -999 -9 -99N -999W -999 -999 -999 -999 
JTWC 94W INVEST    20221029 0000 089N 1399E 280 037 1007 1009 0213 10 111 -999 -999 -999 -999 S
JTWC 26W NALGAE    20221029 0000 136N 1222E 285 077 0990 1005 0555 28 046 0278 0232 0148 0241 D
JTWC 94W INVEST    20221029 0600 088N 1394E 270 032 1004 1005 0213 10 111 -999 -999 -999 -999 S
JTWC 26W NALGAE    20221029 0600 139N 1214E 280 067 0990 1003 0555 28 046 0278 0232 0148 0241 D
NHC  95L INVEST    20221029 1200 137N 0693W 290 051 1009 1010 0259 10 185 -999 -999 -999 -999 S -999 -999 -999 -999 -9 -99N -999W -999 -999 -999 -999 
JTWC 94W INVEST    20221029 1200 088N 1393E 270 021 1005 1006 0213 10 111 -999 -999 -999 -999 S
JTWC 26W NALGAE    20221029 1200 143N 1208E 280 052 0991 1005 0555 28 046 0278 0232 0148 0241 D
NHC  95L INVEST    20221029 1800 139N 0704W 290 051 1008 1009 0259 10 167 -999 -999 -999 -999 S -999 -999 -999 -999 -9 -99N -999W -999 -999 -999 -999 
NHC  95L INVEST    20221029 1800 139N 0704W 290 051 1007 1009 0259 10 167 -999 -999 -999 -999 S -999 -999 -999 -999 -9 -99N -999W -999 -999 -999 -999 
JTWC 94W INVEST    20221029 1800 090N 1389E 280 021 1003 1006 0232 10 111 -999 -999 -999 -999 S
JTWC 26W NALGAE    20221029 1800 158N 1202E 320 052 0991 1004 0602 23 037 0278 0176 0269 0472 D
NHC  95L INVEST    20221030 0000 145N 0714W 295 057 1007 1010 0259 10 167 -999 -999 -999 -999 S -999 -999 -999 -999 -9 -99N -999W -999 -999 -999 -999 
JTWC 94W INVEST    20221030 0000 090N 1381E 275 032 1003 1008 0241 10 111 -999 -999 -999 -999 S
JTWC 26W NALGAE    20221030 0000 163N 1186E 310 062 0992 1005 0611 23 037 0296 0232 0278 0518 D
NHC  95L INVEST    20221030 0600 148N 0719W 295 046 1007 1010 0259 13 167 -999 -999 -999 -999 S -999 -999 -999 -999 -9 -99N -999W -999 -999 -999 -999 
JTWC 94W INVEST    20221030 0600 090N 1369E 270 047 1003 1006 0370 10 111 -999 -999 -999 -999 S
JTWC 26W NALGAE    20221030 0600 154N 1172E 280 067 0990 1005 0611 23 037 0296 0232 0278 0518 D
NHC  95L INVEST    20221030 1200 155N 0716W 300 036 1007 1010 0259 15 148 -999 -999 -999 -999 S -999 -999 -999 -999 -9 -99N -999W -999 -999 -999 -999 
JTWC 94W INVEST    20221030 1200 086N 1360E 260 052 1005 1008 0278 10 111 -999 -999 -999 -999 S
JTWC 26W NALGAE    20221030 1200 150N 1177E 250 042 0987 1006 0611 23 037 0296 0232 0278 0518 D
NHC  15L FIFTEEN   20221030 1800 157N 0733W 290 051 1005 1009 0297 18 130 0185 -999 -999 0093 S -999 -999 -999 -999 -9 -99N -999W -999 -999 -999 -999 
JTWC 27W TWENTY-SE 20221030 1800 082N 1353E 255 047 1002 1006 0232 15 055 -999 -999 -999 -999 S
JTWC 26W NALGAE    20221030 1800 163N 1173E 285 026 0994 1005 0666 23 101 0213 0204 0222 0139 D
NHC  15L FIFTEEN   20221031 0000 157N 0744W 275 057 1005 1008 0297 18 130 0185 -999 -999 0093 S -999 -999 -999 -999 72 174N  857W -999 -999 -999 -999 
JTWC 27W TWENTY-SE 20221031 0000 078N 1341E 245 052 1000 1008 0232 18 055 0148 0056 0185 0121 M
JTWC 26W NALGAE    20221031 0000 166N 1170E 345 026 0985 1006 0666 28 074 0380 0352 0333 0537 D
NHC  15L FIFTEEN   20221031 0600 158N 0755W 270 051 1006 1009 0297 18 130 0185 0093 -999 0185 S -999 -999 -999 -999 72 171N  874W -999 -999 -999 -999 
JTWC 27W TWENTY-SE 20221031 0600 070N 1325E 245 067 1000 1006 0232 18 055 0065 0102 0093 0074 M
JTWC 26W NALGAE    20221031 0600 173N 1168E 340 042 0984 1005 0666 31 074 0380 0352 0333 0537 D
NHC  15L LISA      20221031 1200 155N 0767W 265 057 1003 1009 0297 18 130 0167 0130 -999 -999 M -999 -999 -999 -999 72 172N  886W -999 -999 -999 -999 
NHC  15L FIFTEEN   20221031 1200 155N 0767W 265 057 1003 1009 0297 18 130 0167 0130 -999 -999 M -999 -999 -999 -999 72 172N  886W -999 -999 -999 -999 
JTWC 27W BANYAN    20221031 1200 072N 1316E 255 067 1000 1008 0232 18 055 0093 0074 0130 0074 M
JTWC 26W NALGAE    20221031 1200 180N 1164E 335 037 0983 1005 0666 33 074 0380 0352 0333 0537 D
NHC  96L INVEST    20221031 1800 351N 0609W 075 036 1001 1012 0371 18 056 0315 0074 -999 0297 M -999 -999 -999 -999 -9 -99N -999W -999 -999 -999 -999 
NHC  15L LISA      20221031 1800 154N 0778W 265 057 1002 1009 0334 21 130 0167 0130 -999 -999 M -999 -999 -999 -999 72 167N  900W -999 -999 -999 -999 
JTWC 27W BANYAN    20221031 1800 074N 1303E 270 057 1000 1007 0232 18 046 0074 0065 0093 0074 M
JTWC 26W NALGAE    20221031 1800 186N 1163E 340 037 0980 1003 0380 36 027 0398 0250 0241 0315 D
NHC  96L INVEST    20221101 0000 351N 0595W 085 057 1001 1012 0371 18 056 0315 0074 -999 0297 M -999 -999 -999 -999 -9 -99N -999W -999 -999 -999 -999 
NHC  15L LISA      20221101 0000 155N 0788W 270 051 1002 1009 0334 21 130 0167 0130 -999 -999 M -999 -999 -999 -999 72 169N  909W -999 -999 -999 -999 
JTWC 26W NALGAE    20221101 0000 191N 1161E 345 037 0979 1005 0370 36 055 0380 0222 0287 0352 D
NHC  96L INVEST    20221101 0600 355N 0575W 075 082 1001 1014 0389 18 074 0315 0074 0111 0297 M -999 -999 -999 -999 -9 -99N -999W -999 -999 -999 -999 
NHC  15L LISA      20221101 0600 159N 0799W 285 057 1004 1010 0334 21 093 0167 0130 -999 -999 M -999 -999 -999 -999 72 168N  912W -999 -999 -999 -999 
JTWC 26W NALGAE    20221101 0600 192N 1159E 340 032 0982 1004 0352 33 055 0454 0269 0222 0370 D
NHC  96L INVEST    20221101 1200 353N 0565W 085 062 1000 1014 0463 21 056 0334 0111 0111 0334 M -999 -999 -999 -999 -9 -99N -999W -999 -999 -999 -999 
NHC  16L MARTIN    20221101 1200 353N 0565W 085 062 1000 1014 0463 21 056 0334 0111 0111 0334 M -999 -999 -999 -999 -9 -99N -999W -999 -999 -999 -999 
NHC  15L LISA      20221101 1200 161N 0811W 280 057 1003 1010 0334 21 028 0111 0111 -999 0037 M -999 -999 -999 -999 72 170N  916W -999 -999 -999 -999 
NHC  15L LISA      20221101 1200 161N 0811W 280 057 1002 1010 0334 23 028 0111 0111 -999 0037 M -999 -999 -999 -999 72 170N  916W -999 -999 -999 -999 
JTWC 26W NALGAE    20221101 1200 198N 1156E 340 032 0984 1004 0370 31 074 0426 0259 0278 0352 D
NHC  16L MARTIN    20221101 1800 353N 0552W 085 062 0995 1014 0556 26 037 0111 0167 0167 0148 M -999 0056 0056 -999 72 560N  349W -999 -999 -999 -999 
NHC  16L MARTIN    20221101 1800 353N 0552W 085 062 0991 1014 0556 26 037 0111 0167 0167 0148 M -999 0056 0056 -999 72 560N  349W -999 -999 -999 -999 
NHC  15L LISA      20221101 1800 165N 0825W 280 067 1001 1010 0334 26 028 0111 0111 -999 0037 M 0037 -999 -999 -999 72 175N  925W -999 -999 -999 -999 
JTWC 26W NALGAE    20221101 1800 202N 1154E 335 032 0988 1007 0370 28 074 0472 0167 0222 0278 D
NHC  16L MARTIN    20221102 0000 351N 0542W 100 046 0991 1014 0556 26 037 0111 0167 0167 0148 M -999 0056 0056 -999 72 590N  325W -999 -999 -999 -999 
NHC  15L LISA      20221102 0000 167N 0841W 280 072 0995 1010 0259 28 028 0111 0111 0037 0111 M 0037 -999 -999 0037 72 184N  934W -999 -999 -999 -999 
NHC  15L LISA      20221102 0000 167N 0841W 280 072 0993 1010 0259 31 028 0111 0111 0037 0111 M 0037 -999 -999 0037 72 184N  934W -999 -999 -999 -999 
JTWC 26W NALGAE    20221102 0000 205N 1152E 335 032 0991 1007 0370 26 074 0454 0185 0167 0204 M
NHC  16L MARTIN    20221102 0600 351N 0530W 095 051 0989 1014 0593 28 056 0148 0185 0185 0167 M -999 0074 0074 0056 72 573N  349W -999 -999 -999 -999 
NHC  15L LISA      20221102 0600 170N 0855W 280 072 0992 1011 0259 31 019 0111 0111 0037 0111 M 0037 -999 -999 0037 72 190N  941W -999 -999 -999 -999 
JTWC 26W NALGAE    20221102 0600 209N 1149E 330 026 0995 1006 0389 23 092 0463 0167 0148 0232 M
NHC  16L MARTIN    20221102 1200 350N 0511W 095 057 0983 1012 0593 33 056 0185 0185 0148 0111 D 0056 0093 0074 0056 72 555N  344W -999 0056 -999 -999 
NHC  15L LISA      20221102 1200 171N 0867W 280 062 0988 1013 0185 33 019 0111 0111 0037 0111 M 0037 -999 -999 0037 72 202N  952W 0019 -999 -999 0019 
NHC  15L LISA      20221102 1200 171N 0867W 275 062 0988 1013 0185 36 019 0111 0111 0037 0111 M 0037 -999 -999 0037 72 202N  952W 0019 -999 -999 0019 
JTWC 26W NALGAE    20221102 1200 215N 1148E 335 026 1002 1010 0259 20 064 0361 0056 0074 0065 M
NHC  16L MARTIN    20221102 1800 361N 0489W 060 108 0974 1010 0612 39 056 0185 0241 0185 0111 D 0074 0111 0093 0056 72 560N  285W 0056 0074 0056 -999 
NHC  15L LISA      20221102 1800 173N 0877W 280 062 0988 1013 0185 36 028 0111 0111 0056 0111 D 0046 -999 -999 0046 72 205N  954W 0028 -999 -999 0028 
JTWC 26W NALGAE    20221102 1800 221N 1138E 320 037 1003 1010 0222 18 064 0204 0130 0093 0093 M
NHC  16L MARTIN    20221103 0000 380N 0463W 050 144 0973 1008 0612 39 056 0222 0278 0185 0130 D 0093 0111 0093 0056 72 550N  245W 0056 0074 0056 -999 
NHC  15L LISA      20221103 0000 175N 0886W 280 046 0991 1013 0185 31 028 0111 0111 0056 0074 D 0046 -999 -999 0037 72 206N  953W -999 -999 -999 -999 
JTWC 93S INVEST    20221103 0000 085S 0948E 175 042 1004 1008 0407 15 129 -999 -999 -999 -999 S
JTWC 26W NALGAE    20221103 0000 225N 1129E 305 042 1010 1012 0185 13 064 -999 -999 -999 -999 S
NHC  16L MARTIN    20221103 0600 404N 0435W 045 165 0968 1000 0463 39 065 0445 0408 0371 0334 D 0111 0148 0130 0056 72 550N  215W 0065 0083 0074 0037 
NHC  15L LISA      20221103 0600 177N 0896W 280 046 0998 1013 0185 23 028 0056 0056 0037 0056 D -999 -999 -999 -999 72 202N  950W -999 -999 -999 -999 
JTWC 93S INVEST    20221103 0600 089S 0940E 205 042 1004 1008 0167 15 074 -999 -999 -999 -999 S
JTWC 26W NALGAE    20221103 0600 225N 1125E 295 037 1012 1012 0185 10 064 -999 -999 -999 -999 S
NHC  16L MARTIN    20221103 1200 436N 0388W 045 185 0960 0992 0371 39 065 0556 0649 0463 0463 D 0185 0222 0185 0148 72 545N  176W 0093 0111 0093 0056 
NHC  16L MARTIN    20221103 1200 436N 0388W 040 216 0960 0992 0371 39 065 0556 0649 0834 0834 D 0278 0278 0278 0278 72 545N  176W 0093 0111 0093 0056 
NHC  15L LISA      20221103 1200 179N 0905W 280 046 1008 1013 0185 15 028 -999 -999 -999 -999 D -999 -999 -999 -999 72 198N  949W -999 -999 -999 -999 
JTWC 93S INVEST    20221103 1200 091S 0939E 215 037 1005 1009 0167 15 074 -999 -999 -999 -999 S
JTWC 26W NALGAE    20221103 1200 225N 1120E 285 032 1010 1012 0185 10 064 -999 -999 -999 -999 S
NHC  16L MARTIN    20221103 1800 490N 0350W 025 257 0951 0992 0408 36 111 0556 0649 0834 0834 D 0278 0278 0278 0278 72 550N  140W 0093 0111 0093 0056 
NHC  16L MARTIN    20221103 1800 490N 0350W 025 257 0951 0992 0371 36 065 0556 0649 0834 0834 D 0278 0278 0278 0278 72 550N  140W 0093 0111 0093 0056 
NHC  15L LISA      20221103 1800 180N 0917W 280 051 1008 1013 0185 13 028 -999 -999 -999 -999 D -999 -999 -999 -999 72 198N  949W -999 -999 -999 -999 
JTWC 04S FOUR      20221103 1800 092S 0937E 225 026 1004 1009 0185 18 074 -999 0102 0139 0093 S
NHC  15L LISA      20221104 0000 180N 0927W 275 051 1009 1013 0185 13 056 -999 -999 -999 -999 M -999 -999 -999 -999 72 200N  950W -999 -999 -999 -999 
JTWC 04S FOUR      20221104 0000 095S 0933E 230 026 1005 1010 0222 18 074 -999 0102 0139 0093 S
NHC  15L LISA      20221104 0600 183N 0936W 285 046 1010 1013 0185 13 056 -999 -999 -999 -999 M -999 -999 -999 -999 48 203N  950W -999 -999 -999 -999 
JTWC 04S FOUR      20221104 0600 098S 0929E 235 026 1005 1010 0222 18 074 -999 0102 0139 0093 S
NHC  15L LISA      20221104 1200 189N 0945W 300 051 1008 1013 0278 15 056 -999 -999 -999 -999 M -999 -999 -999 -999 48 200N  949W -999 -999 -999 -999 
NHC  15L LISA      20221104 1200 189N 0945W 300 051 1008 1013 0278 13 056 -999 -999 -999 -999 M -999 -999 -999 -999 48 200N  949W -999 -999 -999 -999 
JTWC 04S FOUR      20221104 1200 102S 0922E 240 032 1005 1010 0222 18 074 -999 0102 0139 0093 S
NHC  15L LISA      20221104 1800 192N 0952W 305 041 1008 1011 0222 13 074 -999 -999 -999 -999 S -999 -999 -999 -999 48 203N  951W -999 -999 -999 -999 
JTWC 04S FOUR      20221104 1800 105S 0914E 240 037 1007 1011 0241 18 064 -999 0065 -999 -999 S
NHC  15L LISA      20221105 0000 194N 0954W 335 021 1008 1011 0222 13 074 -999 -999 -999 -999 S -999 -999 -999 -999 48 199N  952W -999 -999 -999 -999 
JTWC 04S FOUR      20221105 0000 108S 0904E 250 047 1008 1011 0241 18 064 -999 0074 0056 -999 S
NHC  15L LISA      20221105 0600 197N 0955W 330 015 1008 1011 0222 13 074 -999 -999 -999 -999 S -999 -999 -999 -999 48 196N  952W -999 -999 -999 -999 
JTWC 04S FOUR      20221105 0600 111S 0896E 250 047 1008 1011 0148 15 064 -999 -999 -999 -999 S
NHC  97L INVEST    20221105 1200 315N 0529W 280 015 1009 1018 0278 18 148 0278 -999 -999 0278 M -999 -999 -999 -999 -9 -99N -999W -999 -999 -999 -999 
JTWC 04S FOUR      20221105 1200 116S 0884E 250 052 1009 1011 0148 13 055 -999 -999 -999 -999 S
NHC  97L INVEST    20221105 1800 315N 0533W 275 015 1010 1018 0278 18 148 0334 -999 -999 0278 M -999 -999 -999 -999 -9 -99N -999W -999 -999 -999 -999 
JTWC 04S FOUR      20221105 1800 117S 0870E 255 062 1007 1011 0148 15 083 -999 -999 -999 -999 S
NHC  97L INVEST    20221106 0000 318N 0532W 310 010 1010 1018 0222 18 148 0334 -999 -999 0278 M -999 -999 -999 -999 -9 -99N -999W -999 -999 -999 -999 
NHC  97L INVEST    20221106 0000 316N 0535W 285 015 1010 1018 0222 18 148 0334 -999 -999 0278 M -999 -999 -999 -999 -9 -99N -999W -999 -999 -999 -999 
JTWC 04S FOUR      20221106 0000 119S 0854E 260 072 1008 1011 0148 15 083 -999 -999 -999 -999 S
NHC  97L INVEST    20221106 0600 315N 0530W 270 000 1010 1018 0222 18 148 0334 -999 -999 0278 M -999 -999 -999 -999 -9 -99N -999W -999 -999 -999 -999 
NHC  98L INVEST    20221106 1200 206N 0668W 010 072 1005 1011 0408 15 185 -999 -999 -999 -999 S -999 -999 -999 -999 -9 -99N -999W -999 -999 -999 -999 
NHC  97L INVEST    20221106 1200 317N 0530W 010 005 1010 1018 0222 18 111 0334 -999 -999 0278 M -999 -999 -999 -999 -9 -99N -999W -999 -999 -999 -999 
NHC  98L INVEST    20221106 1800 224N 0667W 010 077 1005 1011 0408 18 185 0222 -999 -999 -999 S -999 -999 -999 -999 -9 -99N -999W -999 -999 -999 -999 
NHC  97L INVEST    20221106 1800 315N 0531W 270 005 1012 1018 0167 18 111 0278 -999 -999 0278 M -999 -999 -999 -999 -9 -99N -999W -999 -999 -999 -999 
JTWC 04S FOUR      20221106 1800 120S 0807E 270 077 1007 1010 0278 15 083 -999 -999 -999 -999 S
NHC  98L INVEST    20221107 0000 240N 0670W 020 082 1005 1009 0371 18 185 0222 -999 -999 -999 S -999 -999 -999 -999 -9 -99N -999W -999 -999 -999 -999 
NHC  97L INVEST    20221107 0000 315N 0529W 280 015 1012 1018 0167 18 111 0278 -999 -999 0278 M -999 -999 -999 -999 -9 -99N -999W -999 -999 -999 -999 
NHC  97L INVEST    20221107 0600 317N 0536W 290 015 1014 1020 0185 18 111 0148 -999 -999 0148 S -999 -999 -999 -999 -9 -99N -999W -999 -999 -999 -999 
NHC  17L NICOLE    20221107 0600 252N 0682W 335 072 1004 1009 0500 21 371 0445 0445 -999 -999 M -999 -999 -999 -999 -9 -99N -999W -999 -999 -999 -999 
NHC  97L INVEST    20221107 1200 319N 0538W 310 021 1014 1020 0148 18 111 0222 -999 -999 0222 S -999 -999 -999 -999 -9 -99N -999W -999 -999 -999 -999 
NHC  17L NICOLE    20221107 1200 259N 0691W 330 072 1002 1009 0500 21 371 0445 0445 -999 0130 M -999 -999 -999 -999 72 270N  795W -999 -999 -999 -999 
NHC  97L INVEST    20221107 1800 321N 0534W 330 010 1014 1020 0148 18 111 0222 -999 -999 0222 S -999 -999 -999 -999 -9 -99N -999W -999 -999 -999 -999 
NHC  17L NICOLE    20221107 1800 264N 0702W 310 057 1001 1009 0500 21 371 0500 0500 -999 0148 M -999 -999 -999 -999 72 273N  812W -999 -999 -999 -999 
NHC  97L INVEST    20221108 0000 324N 0533W 020 010 1014 1020 0148 18 111 0222 -999 -999 0222 S -999 -999 -999 -999 -9 -99N -999W -999 -999 -999 -999 
NHC  17L NICOLE    20221108 0000 268N 0708W 310 036 0998 1010 0500 21 371 0500 0500 -999 0334 M -999 -999 -999 -999 72 280N  823W -999 -999 -999 -999 
NHC  97L INVEST    20221108 0600 334N 0531W 020 031 1014 1020 0148 15 111 -999 -999 -999 -999 S -999 -999 -999 -999 -9 -99N -999W -999 -999 -999 -999 
NHC  17L NICOLE    20221108 0600 274N 0713W 315 036 0996 1010 0519 21 371 0445 0445 -999 0612 M -999 -999 -999 -999 72 289N  826W -999 -999 -999 -999 
NHC  97L INVEST    20221108 1200 342N 0516W 055 077 1013 1018 0148 15 111 -999 -999 -999 -999 S -999 -999 -999 -999 -9 -99N -999W -999 -999 -999 -999 
NHC  17L NICOLE    20221108 1200 277N 0720W 295 036 0992 1010 0519 23 148 0445 0445 -999 0612 M -999 -999 -999 -999 72 309N  831W -999 -999 -999 -999 
NHC  97L INVEST    20221108 1800 345N 0495W 070 082 1010 1014 0185 15 093 -999 -999 -999 -999 S -999 -999 -999 -999 -9 -99N -999W -999 -999 -999 -999 
NHC  17L NICOLE    20221108 1800 276N 0732W 270 046 0992 1010 0519 26 111 0445 0445 -999 0612 M -999 -999 -999 0111 72 327N  825W -999 -999 -999 -999 
NHC  17L NICOLE    20221108 1800 276N 0732W 265 046 0992 1010 0519 26 111 0445 0445 -999 0612 M -999 -999 -999 0111 72 327N  825W -999 -999 -999 -999 
NHC  17L NICOLE    20221109 0000 273N 0743W 250 046 0984 1010 0519 28 111 0445 0445 0056 0612 M -999 -999 -999 0111 72 347N  819W -999 -999 -999 -999 
NHC  97L INVEST    20221109 0600 354N 0444W 075 103 1013 1014 0185 18 093 -999 0148 0148 -999 S -999 -999 -999 -999 -9 -99N -999W -999 -999 -999 -999 
NHC  17L NICOLE    20221109 0600 267N 0754W 245 057 0985 1010 0519 31 111 0667 0222 0111 0741 M -999 -999 -999 0111 72 373N  800W -999 -999 -999 -999 
NHC  97L INVEST    20221109 1200 364N 0407W 070 144 1006 1008 0148 18 093 -999 0148 0148 -999 S -999 -999 -999 -999 -9 -99N -999W -999 -999 -999 -999 
NHC  17L NICOLE    20221109 1200 266N 0761W 255 046 0985 1010 0519 31 037 0667 0222 0111 0741 M 0037 -999 0037 0093 72 387N  782W -999 -999 -999 -999 
NHC  17L NICOLE    20221109 1800 265N 0773W 270 051 0985 1010 0519 31 037 0723 0148 0111 0890 M 0037 -999 0037 0093 48 324N  833W -999 -999 -999 -999 
NHC  17L NICOLE    20221110 0000 267N 0784W 285 051 0980 1010 0519 33 028 0778 0148 0111 0723 M 0056 0056 0037 0093 48 346N  822W 0037 0037 -999 -999 
NHC  17L NICOLE    20221110 0600 273N 0799W 290 062 0980 1010 0519 33 028 0723 0167 0334 0556 M 0093 0056 0037 0093 48 365N  805W 0037 0037 -999 -999 
NHC  17L NICOLE    20221110 1200 280N 0816W 295 077 0984 1010 0519 23 130 0612 0167 0278 0371 M -999 -999 -999 -999 36 347N  826W -999 -999 -999 -999 
NHC  17L NICOLE    20221110 1800 289N 0828W 305 077 0989 1010 0519 21 130 0371 0111 0185 0241 M -999 -999 -999 -999 36 373N  808W -999 -999 -999 -999 
NHC  17L NICOLE    20221111 0000 301N 0838W 315 067 0991 1008 0408 18 130 0371 0111 0185 0185 M -999 -999 -999 -999 24 349N  826W -999 -999 -999 -999 
NHC  17L NICOLE    20221111 0600 313N 0845W 330 072 0996 1008 0408 15 167 -999 -999 -999 -999 M -999 -999 -999 -999 24 370N  810W -999 -999 -999 -999 
NHC  17L NICOLE    20221111 1200 332N 0845W 340 077 0999 1010 0649 13 463 -999 -999 -999 -999 M -999 -999 -999 -999 12 349N  831W -999 -999 -999 -999 
NHC  17L NICOLE    20221111 1800 360N 0834W 005 103 1000 1006 0908 13 741 -999 -999 -999 -999 M -999 -999 -999 -999 12 377N  811W -999 -999 -999 -999 
JTWC 96W INVEST    20221112 0000 204N 1658E 280 037 1008 1012 0185 10 129 -999 -999 -999 -999 S
JTWC 96W INVEST    20221112 0600 206N 1654E 285 037 1008 1010 0185 10 129 -999 -999 -999 -999 S
JTWC 28W TWENTY-EI 20221112 1200 213N 1651E 305 032 1007 1012 0213 13 129 -999 -999 -999 -999 S
JTWC 28W YAMANEKO  20221112 1800 218N 1657E 355 026 1003 1010 0213 18 074 0204 0158 -999 -999 S
JTWC 28W YAMANEKO  20221113 0000 221N 1660E 015 026 1002 1011 0213 18 074 0241 -999 -999 -999 S
JTWC 28W YAMANEKO  20221113 0600 223N 1660E 025 021 1000 1010 0213 18 074 0241 -999 -999 -999 S
JTWC 28W YAMANEKO  20221113 1200 223N 1657E 000 011 1003 1010 0185 18 074 0241 -999 -999 -999 S
JTWC 28W YAMANEKO  20221113 1800 228N 1659E 005 016 1003 1009 0185 15 074 -999 -999 -999 -999 S
JTWC 28W YAMANEKO  20221114 0000 238N 1656E 350 032 1003 1009 0185 15 074 -999 -999 -999 -999 S
JTWC 28W YAMANEKO  20221114 0600 247N 1657E 355 042 1002 1008 0222 15 074 -999 -999 -999 -999 S
JTWC 28W YAMANEKO  20221114 1200 262N 1665E 010 057 1006 1008 0222 15 129 -999 -999 -999 -999 S
JTWC 28W YAMANEKO  20221114 1800 282N 1679E 025 083 1002 1008 0222 15 129 -999 -999 -999 -999 S
JTWC 94S INVEST    20221115 1800 053S 0994E 080 021 1005 1008 0296 13 083 -999 -999 -999 -999 S
JTWC 94S INVEST    20221116 0000 053S 0998E 085 021 1005 1008 0296 13 083 -999 -999 -999 -999 S
JTWC 94S INVEST    20221116 0600 056S 1001E 105 021 1004 1008 0315 13 064 -999 -999 -999 -999 S
JTWC 94S INVEST    20221116 1200 061S 1004E 130 021 1004 1008 0315 13 064 -999 -999 -999 -999 S
JTWC 94S INVEST    20221116 1800 082S 1015E 150 057 1003 1007 0296 13 064 -999 -999 -999 -999 S
JTWC 94S INVEST    20221117 0000 096S 1022E 155 067 1003 1007 0324 13 064 -999 -999 -999 -999 S
JTWC 94S INVEST    20221117 0600 097S 1026E 145 052 1003 1007 0278 15 064 -999 -999 -999 -999 S
JTWC 94S INVEST    20221117 1200 102S 1038E 130 052 1002 1008 0278 15 064 -999 -999 -999 -999 S
JTWC 94S INVEST    20221117 1800 118S 1047E 145 067 1004 1007 0259 15 064 -999 -999 -999 -999 S
JTWC 94S INVEST    20221118 0000 108S 1053E 120 042 1005 1009 0306 15 064 -999 -999 -999 -999 S
JTWC 97W INVEST    20221120 0000 084N 1089E 275 037 1003 1007 0361 10 101 -999 -999 -999 -999 S
JTWC 97W INVEST    20221120 0600 085N 1081E 280 042 1003 1007 0389 10 092 -999 -999 -999 -999 S
JTWC 97W INVEST    20221120 1200 085N 1077E 275 037 1004 1006 0370 10 092 -999 -999 -999 -999 S
JTWC 97W INVEST    20221120 1800 088N 1081E 295 016 1004 1006 0352 10 092 -999 -999 -999 -999 S
JTWC 97W INVEST    20221121 0000 090N 1081E 320 011 1004 1006 0352 10 092 -999 -999 -999 -999 S
NHC  99L INVEST    20221205 1200 251N 0553W 040 072 1004 1010 0667 15 222 -999 -999 -999 -999 M -999 -999 -999 -999 -9 -99N -999W -999 -999 -999 -999 
NHC  99L INVEST    20221205 1800 261N 0544W 040 072 1002 1010 0667 18 334 0445 -999 -999 0445 M -999 -999 -999 -999 -9 -99N -999W -999 -999 -999 -999 
NHC  99L INVEST    20221205 1800 259N 0568W 055 057 1002 1010 0667 18 334 0445 -999 -999 0445 M -999 -999 -999 -999 -9 -99N -999W -999 -999 -999 -999 
JTWC 96B INVEST    20221205 1800 077N 0912E 280 077 1004 1007 0278 13 000 -999 -999 -999 -999 S
NHC  99L INVEST    20221206 0000 267N 0560W 050 062 1001 1010 0667 18 371 0556 -999 -999 0445 M -999 -999 -999 -999 -9 -99N -999W -999 -999 -999 -999 
JTWC 96B INVEST    20221206 0000 078N 0904E 280 067 1003 1005 0232 13 000 -999 -999 -999 -999 S
NHC  99L INVEST    20221206 0600 254N 0555W 075 036 1001 1010 0667 18 408 0593 -999 -999 0445 M -999 -999 -999 -999 -9 -99N -999W -999 -999 -999 -999 
JTWC 96B INVEST    20221206 0600 076N 0890E 270 062 1003 1007 0389 13 074 -999 -999 -999 -999 S
NHC  99L INVEST    20221206 1200 253N 0546W 090 041 1001 1010 0649 18 408 0593 -999 -999 0445 M -999 -999 -999 -999 -9 -99N -999W -999 -999 -999 -999 
JTWC 96B INVEST    20221206 1200 083N 0873E 280 072 1000 1007 0389 15 092 -999 -999 -999 -999 S
NHC  99L INVEST    20221206 1800 268N 0540W 055 046 1000 1008 0686 18 408 0519 -999 -999 0445 M -999 -999 -999 -999 -9 -99N -999W -999 -999 -999 -999 
JTWC 96B INVEST    20221206 1800 085N 0860E 280 067 1000 1004 0213 15 092 -999 -999 -999 -999 S
NHC  99L INVEST    20221207 0000 285N 0526W 030 093 0994 1010 0778 23 371 0519 -999 0389 0445 M -999 -999 -999 -999 -9 -99N -999W -999 -999 -999 -999 
JTWC 96B INVEST    20221207 0000 086N 0854E 280 057 0998 1002 0130 15 046 -999 -999 -999 -999 S
NHC  99L INVEST    20221207 0600 282N 0542W 345 036 0989 1010 0890 26 222 0890 0445 0389 0500 M 0222 -999 -999 -999 -9 -99N -999W -999 -999 -999 -999 
JTWC 96B INVEST    20221207 0600 085N 0857E 280 037 1003 1007 0463 15 083 -999 -999 -999 -999 S
NHC  99L INVEST    20221207 1200 284N 0537W 020 021 0986 1010 0890 28 185 0890 0445 0389 0500 M 0259 0185 0222 0259 -9 -99N -999W -999 -999 -999 -999 
JTWC 96B INVEST    20221207 1200 085N 0851E 273 037 1003 1007 0463 15 083 -999 -999 -999 -999 S
NHC  99L INVEST    20221207 1800 288N 0533W 015 026 0981 1010 0964 28 185 0927 0445 0593 0964 M 0222 0259 0297 0371 -9 -99N -999W -999 -999 -999 -999 
JTWC 96B INVEST    20221207 1800 091N 0845E 285 032 0998 1004 0269 18 083 -999 0185 0139 -999 S
NHC  99L INVEST    20221208 0000 288N 0531W 060 015 0980 1010 0964 28 185 0927 0445 0593 0964 M 0222 0259 0297 0371 -9 -99N -999W -999 -999 -999 -999 
JTWC 06B MANDOUS   20221208 0000 094N 0839E 290 037 0993 1004 0269 20 083 0361 0259 0269 0333 S
NHC  99L INVEST    20221208 0600 285N 0511W 085 046 0980 1009 1223 28 185 0834 0500 0778 0778 M 0222 -999 -999 0334 -9 -99N -999W -999 -999 -999 -999 
NHC  99L INVEST    20221208 1200 290N 0493W 070 077 0980 1010 1390 28 222 1001 0556 0778 0778 M 0222 -999 -999 0334 -9 -99N -999W -999 -999 -999 -999 
JTWC 92W INVEST    20221208 1200 072N 1329E 295 062 1008 1008 0278 10 000 -999 -999 -999 -999 S
JTWC 06B MANDOUS   20221208 1200 100N 0829E 295 032 0990 1004 0269 26 083 0241 0167 0148 0250 S
NHC  99L INVEST    20221208 1800 294N 0470W 075 103 0980 1010 1390 28 222 1001 0667 0778 0778 M 0222 -999 -999 0334 -9 -99N -999W -999 -999 -999 -999 
JTWC 92W INVEST    20221208 1800 080N 1319E 305 062 1003 1004 0278 10 000 -999 -999 -999 -999 S
JTWC 06B MANDOUS   20221208 1800 105N 0822E 300 037 0993 1007 0287 26 092 0241 0167 0148 0250 S
JTWC 92W INVEST    20221209 0000 087N 1310E 310 062 1005 1007 0278 10 000 -999 -999 -999 -999 S
JTWC 06B MANDOUS   20221209 0000 109N 0814E 300 042 0989 1006 0352 28 074 0241 0204 0222 0250 S
JTWC 92W INVEST    20221209 0600 107N 1282E 305 098 1007 1007 0278 10 000 -999 -999 -999 -999 S
JTWC 06B MANDOUS   20221209 0600 112N 0814E 305 032 0993 1007 0352 26 074 0213 0158 0167 0222 M
JTWC 92W INVEST    20221209 1200 121N 1270E 310 093 1005 1007 0278 10 000 -999 -999 -999 -999 S
JTWC 06B MANDOUS   20221209 1200 119N 0812E 325 032 0994 1005 0352 23 074 0213 0185 0176 0204 M
JTWC 92W INVEST    20221209 1800 131N 1258E 315 088 1003 1005 0537 10 000 -999 -999 -999 -999 S
JTWC 06B MANDOUS   20221209 1800 127N 0807E 330 037 0996 1006 0278 18 064 0111 0093 0111 0093 M
JTWC 92W INVEST    20221210 0000 144N 1249E 320 083 1003 1007 0444 10 000 -999 -999 -999 -999 S
JTWC 06B MANDOUS   20221210 0000 129N 0801E 320 037 0998 1005 0213 15 064 -999 -999 -999 -999 M
JTWC 92W INVEST    20221210 0600 159N 1243E 325 077 1003 1007 0444 10 000 -999 -999 -999 -999 S
JTWC 92W INVEST    20221210 1200 161N 1241E 330 057 1005 1007 0370 10 000 -999 -999 -999 -999 S
JTWC 29W TWENTY-NI 20221210 1800 168N 1252E 005 042 1002 1005 0370 13 074 -999 -999 -999 -999 M
JTWC 29W TWENTY-NI 20221211 0000 169N 1257E 040 037 1001 1007 0370 15 074 -999 -999 -999 -999 M
JTWC 29W TWENTY-NI 20221211 0600 174N 1262E 045 037 1000 1004 0324 18 055 -999 -999 0185 0241 M
JTWC 29W PAKHAR    20221211 1200 182N 1270E 045 042 0997 1004 0324 20 055 -999 0111 0167 0111 M
JTWC 29W PAKHAR    20221211 1800 192N 1283E 045 057 0997 1006 0296 23 055 -999 0121 0176 0121 M
JTWC 29W PAKHAR    20221212 0000 201N 1296E 050 067 0992 1009 0333 26 018 0232 0111 0121 0084 M
JTWC 29W PAKHAR    20221212 0600 200N 1300E 060 052 0996 1006 0315 23 037 0222 0093 0111 0195 M
JTWC 29W PAKHAR    20221212 1200 199N 1306E 070 042 1000 1009 0241 18 055 0167 -999 -999 0158 S
JTWC 29W PAKHAR    20221212 1800 195N 1311E 095 032 1004 1008 0204 13 055 -999 -999 -999 -999 S
JTWC 97A INVEST    20221214 0600 135N 0699E 295 037 1000 1010 0555 15 037 -999 -999 -999 -999 M
JTWC 97A INVEST    20221214 1200 135N 0692E 280 037 1004 1008 0555 15 037 -999 -999 -999 -999 M
JTWC 97A INVEST    20221214 1800 136N 0686E 280 032 1006 1010 0278 18 037 -999 -999 -999 0056 M
JTWC 07A SEVEN     20221215 0000 135N 0678E 270 037 1006 1010 0278 18 037 0037 -999 -999 0065 M
JTWC 98S INVEST    20221215 0600 087S 0924E 350 026 1000 1005 0259 15 055 -999 -999 -999 -999 S
JTWC 07A SEVEN     20221215 0600 139N 0672E 280 037 1001 1010 0278 23 037 0148 0065 -999 0102 M
JTWC 98S INVEST    20221215 1200 084S 0932E 055 037 1000 1004 0287 15 055 -999 -999 -999 -999 S
JTWC 07A SEVEN     20221215 1200 141N 0665E 285 037 0999 1006 0278 20 037 0148 0084 -999 0102 M
JTWC 98S INVEST    20221215 1800 084S 0939E 080 037 1001 1005 0324 15 055 -999 -999 -999 -999 S
JTWC 07A SEVEN     20221215 1800 140N 0657E 280 037 1003 1008 0259 18 092 0167 0121 -999 -999 S
JTWC 98S INVEST    20221216 0000 084S 0943E 085 032 1002 1005 0324 13 055 -999 -999 -999 -999 S
JTWC 07A SEVEN     20221216 0000 139N 0649E 275 037 1003 1008 0195 18 074 0130 -999 -999 0084 S
JTWC 98S INVEST    20221216 0600 091S 0945E 120 026 1002 1005 0389 13 055 -999 -999 -999 -999 S
JTWC 07A SEVEN     20221216 0600 136N 0645E 260 037 1004 1009 0195 18 074 0139 -999 -999 -999 S
JTWC 98S INVEST    20221216 1200 091S 0955E 115 032 1001 1004 0435 13 055 -999 -999 -999 -999 S
JTWC 07A SEVEN     20221216 1200 142N 0637E 280 037 1002 1006 0222 15 074 -999 -999 -999 -999 S
JTWC 98S INVEST    20221216 1800 096S 0946E 170 016 1001 1004 0435 13 055 -999 -999 -999 -999 S
JTWC 07A SEVEN     20221216 1800 142N 0629E 285 037 1002 1006 0222 15 074 -999 -999 -999 -999 S
JTWC 98S INVEST    20221217 0000 101S 0937E 220 032 1001 1004 0435 13 055 -999 -999 -999 -999 S
JTWC 07A SEVEN     20221217 0000 140N 0622E 280 042 1004 1008 0167 15 074 -999 -999 -999 -999 S
JTWC 98S INVEST    20221217 0600 110S 0929E 230 047 1000 1004 0435 15 055 -999 -999 -999 -999 S
JTWC 98S INVEST    20221217 1200 117S 0927E 220 047 0999 1004 0435 15 055 -999 -999 -999 -999 M
JTWC 98S INVEST    20221217 1800 119S 0931E 200 032 0998 1005 0435 13 092 -999 -999 -999 -999 M
JTWC 98B INVEST    20221217 1800 044N 0892E 275 026 1007 1008 0278 08 064 -999 -999 -999 -999 S
JTWC 07A SEVEN     20221217 1800 135N 0599E 260 042 1008 1010 0176 13 064 -999 -999 -999 -999 S
JTWC 98S INVEST    20221218 0000 121S 0927E 205 026 0995 1005 0611 15 092 -999 -999 -999 -999 M
JTWC 05S FIVE      20221218 0600 120S 0927E 215 016 0999 1005 0620 18 101 0121 0102 0167 0148 M
JTWC 05S DARIAN    20221218 1200 119S 0928E 225 006 0995 1004 0574 20 092 0121 0148 0167 0139 M
JTWC 05S DARIAN    20221218 1800 121S 0931E 155 006 0994 1004 0666 23 083 0130 0158 0185 0158 M
JTWC 05S DARIAN    20221219 0000 124S 0934E 130 016 0988 1005 0685 26 083 0167 0167 0185 0158 M
JTWC 05S DARIAN    20221219 0600 123S 0934E 125 011 0988 1005 0703 28 055 0167 0158 0158 0167 M
JTWC 05S DARIAN    20221219 1200 127S 0935E 145 016 0974 1004 0666 38 046 0204 0204 0176 0176 D
JTWC 98B INVEST    20221219 1800 053N 0895E 045 042 1005 1006 0259 10 092 -999 -999 -999 -999 S
JTWC 05S DARIAN    20221219 1800 131S 0934E 170 016 0974 1004 0528 38 046 0167 0111 0222 0167 D
JTWC 05S DARIAN    20221220 0000 135S 0932E 185 021 0963 1004 0481 46 037 0204 0148 0222 0176 D
JTWC 05S DARIAN    20221220 1200 142S 0924E 220 026 0941 1004 0481 59 027 0213 0250 0213 0185 D
JTWC 05S DARIAN    20221220 1800 142S 0920E 240 026 0927 1005 0481 66 037 0222 0269 0232 0204 D
JTWC 90S INVEST    20221221 0000 108S 1281E 215 011 0999 1003 0278 13 000 -999 -999 -999 -999 S
JTWC 05S DARIAN    20221221 0000 141S 0914E 260 026 0926 1004 0463 66 037 0213 0250 0241 0195 D
JTWC 90S INVEST    20221221 0600 111S 1279E 215 011 0999 1003 0278 13 000 -999 -999 -999 -999 S
JTWC 05S DARIAN    20221221 0600 139S 0907E 275 032 0927 1004 0463 66 031 0213 0250 0241 0195 D
JTWC 90S INVEST    20221221 1200 116S 1278E 200 021 0999 1003 0278 13 000 -999 -999 -999 -999 S
JTWC 05S DARIAN    20221221 1200 138S 0898E 280 037 0927 1004 0463 66 031 0185 0213 0241 0204 D
JTWC 90S INVEST    20221221 1800 109S 1288E 135 011 0996 1002 0296 13 092 -999 -999 -999 -999 S
JTWC 05S DARIAN    20221221 1800 132S 0890E 290 042 0926 1005 0352 66 031 0121 0222 0278 0102 D
JTWC 90S INVEST    20221222 0000 115S 1295E 135 021 0996 1002 0296 15 083 -999 -999 -999 -999 S
JTWC 05S DARIAN    20221222 0000 132S 0882E 285 042 0926 1005 0370 66 031 0130 0232 0269 0102 D
JTWC 90S INVEST    20221222 0600 128S 1291E 170 037 0996 1000 0315 18 027 -999 -999 0074 -999 M
JTWC 05S DARIAN    20221222 0600 130S 0874E 290 042 0944 1005 0370 59 037 0185 0222 0241 0139 D
JTWC 06S SIX       20221222 1200 133S 1298E 165 042 0994 1000 0315 20 027 0047 -999 -999 0056 M
JTWC 05S DARIAN    20221222 1200 129S 0864E 280 047 0953 1005 0370 54 037 0176 0241 0241 0185 D
JTWC 06S ELLIE     20221222 1800 142S 1301E 160 042 0996 1001 0324 18 046 -999 0056 -999 0047 M
JTWC 05S DARIAN    20221222 1800 128S 0858E 280 042 0957 1005 0343 51 037 0167 0250 0232 0176 D
JTWC 05S DARIAN    20221223 0000 126S 0851E 280 042 0959 1005 0343 46 037 0204 0250 0250 0213 D
JTWC 05S DARIAN    20221223 0600 124S 0843E 280 042 0953 1006 0481 54 031 0204 0250 0250 0213 D
JTWC 05S DARIAN    20221223 1200 124S 0838E 280 037 0922 1006 0481 69 031 0232 0296 0296 0250 D
JTWC 05S DARIAN    20221223 1800 123S 0832E 275 032 0934 1006 0463 64 031 0158 0213 0204 0176 D
JTWC 05S DARIAN    20221224 0000 124S 0833E 270 016 0940 1004 0454 59 027 0176 0222 0213 0195 D
JTWC 05S DARIAN    20221224 0600 125S 0830E 255 016 0965 1007 0509 46 027 0232 0250 0241 0250 D
JTWC 05S DARIAN    20221224 1200 131S 0835E 160 016 0961 1007 0509 48 009 0232 0259 0259 0232 D
JTWC 05S DARIAN    20221224 1800 136S 0843E 140 032 0961 1006 0491 48 009 0222 0259 0269 0213 D
JTWC 05S DARIAN    20221225 0000 145S 0847E 145 042 0964 1004 0463 46 027 0222 0259 0269 0213 D
JTWC 98B INVEST    20221225 0600 088N 0820E 225 026 1008 1009 0158 10 148 -999 -999 -999 -999 S
JTWC 05S DARIAN    20221225 0600 151S 0848E 155 042 0973 1006 0407 41 027 0250 0278 0232 0222 D
JTWC 98B INVEST    20221225 1200 082N 0814E 235 026 1007 1009 0185 10 148 -999 -999 -999 -999 S
JTWC 05S DARIAN    20221225 1200 159S 0850E 160 042 0966 1006 0463 46 022 0241 0241 0204 0213 D
JTWC 05S DARIAN    20221225 1800 162S 0852E 165 037 0964 1008 0555 48 031 0195 0269 0232 0204 D
JTWC 05S DARIAN    20221226 0000 165S 0852E 165 026 0950 1008 0546 56 031 0195 0269 0222 0204 D
JTWC 05S DARIAN    20221226 0600 165S 0850E 180 016 0944 1008 0555 59 022 0204 0259 0287 0250 D
JTWC 05S DARIAN    20221226 1200 167S 0848E 210 016 0948 1008 0518 56 027 0250 0306 0278 0241 D
JTWC 05S DARIAN    20221226 1800 171S 0843E 225 021 0953 1008 0518 54 027 0241 0287 0278 0222 D
JTWC 05S DARIAN    20221227 0000 175S 0838E 230 026 0963 1008 0481 48 027 0241 0287 0278 0204 D
JTWC 05S DARIAN    20221227 0600 180S 0829E 235 037 0965 1008 0481 46 027 0204 0250 0232 0176 D
JTWC 05S DARIAN    20221227 1200 187S 0819E 235 047 0970 1007 0518 41 027 0213 0306 0269 0176 D
JTWC 05S DARIAN    20221227 1800 190S 0803E 245 062 0983 1008 0518 36 027 0204 0287 0250 0158 D
JTWC 05S DARIAN    20221228 0000 195S 0792E 245 067 0989 1008 0444 31 037 0269 0333 0269 0176 D
JTWC 05S DARIAN    20221228 0600 203S 0776E 240 077 0992 1008 0444 28 055 0204 0287 0259 0167 M
JTWC 05S DARIAN    20221228 1200 209S 0763E 240 077 0995 1009 0454 23 046 0167 0287 0259 0167 M
JTWC 05S DARIAN    20221228 1800 216S 0751E 240 077 0995 1011 0454 28 055 0185 0324 0232 0158 M
JTWC 05S DARIAN    20221229 0000 224S 0737E 240 072 0994 1011 0454 28 046 0167 0324 0287 0148 M
JTWC 05S DARIAN    20221229 0600 234S 0724E 235 077 0996 1013 0454 28 046 0185 0306 0232 0121 M
JTWC 05S DARIAN    20221229 1200 245S 0714E 230 077 0997 1012 0444 26 046 0185 0278 0232 0111 M
JTWC 05S DARIAN    20221229 1800 254S 0707E 220 072 0995 1012 0444 26 055 0269 0296 0241 0111 M
JTWC 05S DARIAN    20221230 0000 261S 0702E 215 057 1001 1015 0435 23 074 0222 0259 0222 0139 M
JTWC 05S DARIAN    20221230 0600 274S 0696E 210 057 1000 1015 0435 23 074 0232 0287 0213 0121 M
JTWC 05S DARIAN    20221230 1200 284S 0691E 205 057 0998 1014 0435 23 074 0250 0287 0222 0167 M
JTWC 05S DARIAN    20221230 1800 292S 0684E 205 062 0999 1014 0435 23 074 0185 0269 0222 0139 M
JTWC 05S DARIAN    20221231 0000 304S 0682E 200 057 1001 1014 0435 20 083 0176 0259 0213 0158 S
JTWC 05S DARIAN    20221231 1800 336S 0693E 165 057 1002 1014 0491 15 111 -999 -999 -999 -999 S
