NHC  90L INVEST    20240611 1200 264N 0847W 050 062 1009 1010 0259 10 222 -999 -999 -999 -999 S -999 -999 -999 -999 -9 -99N -999W -999 -999 -999 -999 
NHC  90L INVEST    20240611 1800 269N 0839W 055 057 1009 1010 0259 10 222 -999 -999 -999 -999 S -999 -999 -999 -999 -9 -99N -999W -999 -999 -999 -999 
NHC  90L INVEST    20240612 0000 275N 0828W 060 062 1008 1010 0259 13 222 -999 -999 -999 -999 S -999 -999 -999 -999 -9 -99N -999W -999 -999 -999 -999 
NHC  90L INVEST    20240612 1200 283N 0818W 055 036 1008 1010 0259 13 222 -999 -999 -999 -999 S -999 -999 -999 -999 -9 -99N -999W -999 -999 -999 -999 
NHC  90L INVEST    20240612 1800 286N 0814W 050 031 1009 1011 0259 13 222 -999 -999 -999 -999 S -999 -999 -999 -999 -9 -99N -999W -999 -999 -999 -999 
NHC  90L INVEST    20240613 0000 286N 0810W 055 021 1010 1012 0259 13 222 -999 -999 -999 -999 S -999 -999 -999 -999 -9 -99N -999W -999 -999 -999 -999 
NHC  90L INVEST    20240613 0600 288N 0806W 060 021 1010 1012 0259 13 222 -999 -999 -999 -999 S -999 -999 -999 -999 -9 -99N -999W -999 -999 -999 -999 
NHC  01L INVEST    20240617 1800 200N 0932W 305 046 1001 1007 0463 18 371 0463 -999 -999 -999 S -999 -999 -999 -999 -9 -99N -999W -999 -999 -999 -999 
NHC  01L ONE       20240618 0000 205N 0930W 350 031 0999 1006 0500 18 371 0463 -999 -999 -999 S -999 -999 -999 -999 72 240N  989W -999 -999 -999 -999 
NHC  01L ONE       20240618 0000 205N 0930W 320 036 0999 1006 0500 18 371 0463 -999 -999 -999 S -999 -999 -999 -999 72 240N  989W -999 -999 -999 -999 
NHC  01L ONE       20240618 0600 210N 0930W 360 026 0999 1006 0500 18 371 0463 -999 -999 -999 S -999 -999 -999 -999 72 238N  995W -999 -999 -999 -999 
NHC  01L ONE       20240618 1200 216N 0927W 015 031 0999 1006 0556 18 371 0463 -999 -999 -999 S -999 -999 -999 -999 48 233N  981W -999 -999 -999 -999 
NHC  01L ONE       20240618 1800 220N 0926W 020 026 0999 1006 0667 18 649 0667 -999 -999 0667 S -999 -999 -999 -999 48 233N 1003W -999 -999 -999 -999 
NHC  01L ONE       20240619 0000 224N 0928W 315 026 0999 1006 0667 18 649 0667 -999 -999 0667 S -999 -999 -999 -999 48 233N 1002W -999 -999 -999 -999 
NHC  01L ONE       20240619 0600 226N 0934W 295 031 0998 1008 0667 18 649 0667 -999 -999 0667 S -999 -999 -999 -999 48 230N 1005W -999 -999 -999 -999 
NHC  01L ONE       20240619 1200 227N 0943W 285 036 0997 1006 0667 18 556 0667 -999 -999 0667 S -999 -999 -999 -999 36 227N 1000W -999 -999 -999 -999 
NHC  01L ONE       20240619 1200 222N 0945W 275 031 0994 1006 0667 18 556 0667 -999 -999 0667 M -999 -999 -999 -999 36 227N 1000W -999 -999 -999 -999 
NHC  01L ALBERTO   20240619 1200 222N 0945W 265 041 0995 1006 0667 18 556 0667 -999 -999 0667 M -999 -999 -999 -999 36 227N 1000W -999 -999 -999 -999 
NHC  01L ALBERTO   20240619 1800 218N 0947W 240 036 0995 1006 0667 18 556 0667 -999 -999 0667 M -999 -999 -999 -999 36 224N 1012W -999 -999 -999 -999 
NHC  01L ALBERTO   20240620 0000 215N 0955W 250 041 0993 1006 0556 23 074 0741 0093 0074 0741 M -999 -999 -999 -999 24 221N 1009W -999 -999 -999 -999 
NHC  01L ALBERTO   20240620 0000 215N 0955W 250 036 0993 1006 0556 21 074 0741 0093 0074 0741 M -999 -999 -999 -999 24 221N 1009W -999 -999 -999 -999 
NHC  01L ALBERTO   20240620 0000 215N 0955W 250 036 0993 1006 0556 21 074 0556 0093 0074 0556 M -999 -999 -999 -999 24 221N 1009W -999 -999 -999 -999 
NHC  01L ALBERTO   20240620 0600 220N 0962W 275 041 0993 1006 0463 23 111 0556 0111 0111 0482 M -999 -999 -999 -999 12 217N  986W -999 -999 -999 -999 
NHC  01L ALBERTO   20240620 0600 220N 0962W 275 041 0993 1006 0463 23 111 0556 0111 0111 0463 M -999 -999 -999 -999 12 217N  986W -999 -999 -999 -999 
NHC  01L ALBERTO   20240620 1200 223N 0983W 280 057 0998 1007 0463 18 111 0334 0111 0056 0297 M -999 -999 -999 -999 12 221N 1006W -999 -999 -999 -999 
NHC  01L ALBERTO   20240620 1800 223N 1009W 280 093 1000 1008 0463 13 111 -999 -999 -999 -999 S -999 -999 -999 -999 12 221N 1027W -999 -999 -999 -999 
NHC  02L TWO       20240628 1800 090N 0410W 270 077 1007 1011 0278 15 093 -999 -999 -999 -999 S -999 -999 -999 -999 -9 -99N -999W -999 -999 -999 -999 
NHC  02L BERYL     20240629 0000 092N 0427W 275 082 1006 1011 0278 18 074 0074 -999 -999 0074 M -999 -999 -999 -999 72 130N  619W -999 -999 -999 -999 
NHC  02L BERYL     20240629 0600 097N 0446W 280 093 1003 1011 0278 21 074 0074 -999 -999 0074 M -999 -999 -999 -999 72 136N  636W -999 -999 -999 -999 
NHC  02L BERYL     20240629 1200 098N 0469W 275 103 0998 1011 0278 28 037 0074 -999 -999 0074 M 0037 -999 -999 -999 72 144N  657W -999 -999 -999 -999 
NHC  02L BERYL     20240629 1800 100N 0485W 275 098 0995 1011 0278 31 028 0093 0056 0037 0074 M 0037 -999 -999 0037 72 149N  683W -999 -999 -999 -999 
NHC  02L BERYL     20240630 0000 102N 0503W 275 093 0986 1012 0278 39 019 0111 0056 0056 0074 D 0056 0037 0028 0046 72 155N  698W 0028 -999 -999 0028 
NHC  02L BERYL     20240630 0600 105N 0522W 280 093 0983 1012 0278 41 019 0130 0074 0056 0093 D 0056 0037 0028 0056 72 156N  717W 0028 0019 -999 0028 
NHC  02L BERYL     20240630 1200 106N 0540W 275 093 0968 1012 0278 54 019 0185 0148 0148 0167 D 0093 0074 0074 0093 72 163N  740W 0046 0037 0037 0046 
NHC  02L BERYL     20240630 1200 106N 0540W 275 093 0968 1012 0278 54 019 0185 0111 0074 0148 D 0074 0056 0037 0074 72 163N  740W 0046 0028 0019 0046 
NHC  03L THREE     20240630 1800 196N 0944W 285 051 1007 1011 0371 15 148 -999 -999 -999 -999 S -999 -999 -999 -999 -9 -99N -999W -999 -999 -999 -999 
NHC  02L BERYL     20240630 1800 109N 0557W 280 093 0960 1012 0278 59 019 0185 0148 0130 0148 D 0093 0074 0074 0074 72 164N  759W 0046 0037 0028 0046 
NHC  03L THREE     20240701 0000 199N 0957W 285 057 1006 1011 0278 15 148 -999 -999 -999 -999 S -999 -999 -999 -999 24 202N  994W -999 -999 -999 -999 
NHC  03L CHRIS     20240701 0000 199N 0957W 285 057 1005 1011 0278 18 111 0111 -999 -999 -999 S -999 -999 -999 -999 24 202N  994W -999 -999 -999 -999 
NHC  02L BERYL     20240701 0000 112N 0573W 280 088 0958 1012 0278 59 009 0185 0148 0130 0148 D 0093 0074 0056 0074 72 173N  777W 0046 0037 0028 0046 
NHC  03L CHRIS     20240701 0600 200N 0967W 280 051 1005 1011 0278 18 111 0111 -999 -999 -999 S -999 -999 -999 -999 12 203N  979W -999 -999 -999 -999 
NHC  02L BERYL     20240701 0600 115N 0590W 280 088 0965 1010 0278 54 028 0204 0148 0130 0185 D 0093 0074 0056 0074 72 176N  795W 0056 0046 0037 0046 
NHC  02L BERYL     20240701 1200 120N 0605W 285 082 0957 1011 0278 59 028 0204 0167 0130 0185 D 0111 0074 0056 0093 72 174N  812W 0065 0046 0037 0046 
NHC  02L BERYL     20240701 1800 128N 0623W 290 088 0946 1012 0278 67 019 0204 0185 0148 0185 D 0111 0093 0065 0093 72 178N  826W 0065 0056 0046 0056 
NHC  02L BERYL     20240702 0000 134N 0640W 290 093 0938 1012 0278 69 009 0204 0185 0111 0185 D 0111 0093 0056 0093 72 183N  840W 0065 0046 0028 0056 
NHC  02L BERYL     20240702 0600 142N 0659W 290 098 0935 1012 0278 75 019 0204 0167 0093 0185 D 0111 0093 0056 0093 72 186N  854W 0065 0046 0028 0056 
NHC  02L BERYL     20240702 1200 150N 0679W 295 103 0934 1010 0278 75 019 0278 0185 0111 0185 D 0111 0093 0074 0093 72 193N  867W 0065 0056 0037 0056 
NHC  02L BERYL     20240702 1800 156N 0699W 290 103 0943 1009 0278 69 019 0297 0185 0111 0222 D 0130 0093 0074 0093 72 200N  882W 0065 0056 0037 0056 
NHC  02L BERYL     20240703 0000 161N 0718W 290 098 0947 1009 0222 67 019 0297 0185 0111 0222 D 0130 0093 0074 0093 72 207N  899W 0065 0056 0037 0056 
NHC  02L BERYL     20240703 0600 163N 0735W 285 093 0946 1009 0222 64 019 0297 0148 0093 0204 D 0130 0093 0056 0093 72 210N  908W 0074 0056 0037 0056 
NHC  02L BERYL     20240703 1200 168N 0753W 285 088 0952 1009 0222 64 019 0297 0148 0093 0204 D 0130 0093 0056 0093 72 211N  919W 0074 0056 0037 0056 
NHC  02L BERYL     20240703 1800 172N 0768W 285 088 0959 1009 0222 62 019 0297 0148 0093 0204 D 0130 0093 0056 0093 72 215N  929W 0074 0056 0037 0056 
NHC  02L BERYL     20240704 0000 178N 0783W 290 082 0960 1008 0222 59 019 0297 0148 0093 0204 D 0148 0074 0056 0111 72 219N  939W 0074 0037 0037 0046 
NHC  02L BERYL     20240704 0000 178N 0783W 290 082 0960 1008 0222 57 019 0297 0148 0093 0204 D 0148 0074 0056 0093 72 219N  939W 0074 0037 0037 0046 
NHC  02L BERYL     20240704 0600 183N 0801W 290 088 0965 1008 0222 57 019 0278 0148 0093 0204 D 0148 0074 0056 0111 72 228N  943W 0074 0028 0028 0056 
NHC  02L BERYL     20240704 1200 188N 0818W 285 088 0969 1008 0222 51 019 0259 0148 0093 0185 D 0093 0074 0056 0093 72 233N  953W 0046 0028 0028 0046 
NHC  01E ONE       20240704 1200 168N 1055W 325 041 1007 1010 0222 15 056 -999 -999 -999 -999 S -999 -999 -999 -999 -9 -99N -999W -999 -999 -999 -999 
NHC  01E ONE       20240704 1200 168N 1053W 330 041 1007 1010 0222 15 056 -999 -999 -999 -999 S -999 -999 -999 -999 -9 -99N -999W -999 -999 -999 -999 
NHC  02L BERYL     20240704 1800 193N 0835W 290 088 0974 1008 0222 49 019 0259 0148 0093 0185 D 0093 0074 0056 0093 72 239N  957W 0046 0028 0028 0046 
NHC  01E ONE       20240704 1800 176N 1065W 315 046 1005 1010 0222 18 037 0074 -999 -999 0074 S -999 -999 -999 -999 48 170N 1115W -999 -999 -999 -999 
NHC  01E ALETTA    20240704 1800 176N 1065W 315 046 1005 1010 0222 18 037 0074 -999 -999 0074 S -999 -999 -999 -999 48 170N 1115W -999 -999 -999 -999 
NHC  02L BERYL     20240705 0000 194N 0848W 275 072 0962 1008 0222 49 019 0259 0148 0093 0185 D 0093 0074 0056 0093 72 245N  965W 0046 0028 0028 0046 
NHC  02L BERYL     20240705 0000 194N 0848W 275 072 0962 1008 0222 49 019 0185 0111 0093 0148 D 0074 0056 0056 0074 72 245N  965W 0046 0028 0028 0046 
NHC  01E ALETTA    20240705 0000 184N 1077W 305 062 1005 1010 0222 18 037 0074 -999 -999 0074 S -999 -999 -999 -999 48 173N 1128W -999 -999 -999 -999 
NHC  02L BERYL     20240705 0600 198N 0862W 285 067 0971 1008 0222 51 019 0167 0111 0093 0148 D 0093 0056 0056 0074 72 247N  966W 0046 0028 0028 0037 
NHC  02L BERYL     20240705 0600 198N 0862W 285 067 0971 1008 0222 49 019 0167 0111 0093 0148 D 0093 0056 0056 0074 72 247N  966W 0046 0028 0028 0037 
NHC  01E ALETTA    20240705 0600 187N 1083W 305 057 1006 1011 0222 15 037 -999 -999 -999 -999 S -999 -999 -999 -999 36 180N 1121W -999 -999 -999 -999 
NHC  02L BERYL     20240705 1200 204N 0877W 290 077 0980 1008 0241 41 019 0167 0111 0074 0148 D 0093 0056 0037 0074 72 260N  971W 0046 0028 -999 0037 
NHC  01E ALETTA    20240705 1200 189N 1093W 285 051 1006 1010 0185 15 037 -999 -999 -999 -999 S -999 -999 -999 -999 36 179N 1128W -999 -999 -999 -999 
NHC  02L BERYL     20240705 1800 209N 0888W 295 062 0986 1008 0241 31 028 0167 0111 0056 0111 D 0056 0037 0019 0037 72 268N  975W -999 -999 -999 -999 
NHC  01E ALETTA    20240705 1800 187N 1103W 260 051 1007 1010 0185 13 037 -999 -999 -999 -999 S -999 -999 -999 -999 36 182N 1140W -999 -999 -999 -999 
NHC  02L BERYL     20240706 0000 214N 0897W 295 057 0997 1008 0241 26 056 0167 0074 0074 0130 D 0056 -999 -999 0056 72 278N  973W -999 -999 -999 -999 
NHC  02L BERYL     20240706 0000 214N 0897W 295 057 0994 1008 0241 28 056 0167 0074 0074 0130 D 0056 -999 -999 0056 72 278N  973W -999 -999 -999 -999 
NHC  02L BERYL     20240706 0600 220N 0909W 300 057 1001 1010 0297 26 074 0204 0074 0074 0130 D 0074 -999 -999 0074 72 292N  967W -999 -999 -999 -999 
NHC  02L BERYL     20240706 0600 220N 0909W 300 057 1001 1010 0297 26 074 0185 0074 0074 0130 M 0074 -999 -999 0074 72 292N  967W -999 -999 -999 -999 
NHC  02L BERYL     20240706 1200 226N 0919W 300 062 0999 1010 0297 26 074 0204 0074 0074 0130 M 0074 -999 -999 0074 72 303N  965W -999 -999 -999 -999 
NHC  02L BERYL     20240706 1800 235N 0926W 315 057 0997 1012 0334 26 074 0204 0074 0074 0130 M 0074 -999 -999 0074 72 309N  962W -999 -999 -999 -999 
NHC  02L BERYL     20240707 0000 244N 0936W 315 057 0993 1012 0334 26 074 0204 0074 0074 0130 M 0074 -999 -999 0074 72 324N  952W -999 -999 -999 -999 
NHC  02L BERYL     20240707 0600 249N 0943W 315 057 0995 1012 0371 26 056 0204 0074 0074 0167 M 0074 -999 -999 0074 72 345N  936W -999 -999 -999 -999 
NHC  02L BERYL     20240707 1200 255N 0949W 315 046 0992 1012 0371 28 056 0204 0093 0074 0167 M 0074 -999 -999 0056 72 367N  916W -999 -999 -999 -999 
NHC  02L BERYL     20240707 1200 255N 0949W 315 046 0992 1012 0371 26 056 0204 0093 0074 0167 M 0074 -999 -999 0056 72 367N  916W -999 -999 -999 -999 
NHC  02L BERYL     20240707 1800 263N 0953W 320 041 0990 1010 0371 28 056 0185 0148 0111 0148 M 0093 0074 0056 0056 72 386N  892W -999 -999 -999 -999 
NHC  02L BERYL     20240708 0000 271N 0956W 340 046 0986 1010 0371 31 046 0185 0148 0111 0148 M 0093 0074 0056 0056 72 397N  862W -999 -999 -999 -999 
NHC  02L BERYL     20240708 0600 282N 0959W 345 051 0984 1008 0371 36 046 0185 0185 0111 0148 M 0111 0111 0056 0056 72 404N  844W 0074 0074 -999 -999 
NHC  02L BERYL     20240708 1200 292N 0959W 010 051 0979 1008 0371 33 056 0167 0185 0111 0148 M 0130 0130 0056 0056 72 420N  830W 0056 0056 -999 -999 
NHC  02L BERYL     20240708 1800 306N 0955W 015 062 0987 1008 0278 26 056 0111 0204 0056 0074 M -999 0056 -999 -999 72 440N  780W -999 -999 -999 -999 
NHC  02L BERYL     20240709 0000 321N 0948W 015 077 0997 1008 0278 15 093 -999 -999 -999 -999 M -999 -999 -999 -999 72 450N  775W -999 -999 -999 -999 
NHC  02L BERYL     20240709 0600 334N 0945W 015 077 1004 1012 0445 13 093 -999 -999 -999 -999 M -999 -999 -999 -999 72 465N  759W -999 -999 -999 -999 
NHC  02L BERYL     20240709 1200 350N 0924W 030 088 1004 1013 0463 13 167 -999 -999 -999 -999 M -999 -999 -999 -999 48 437N  802W -999 -999 -999 -999 
NHC  02L BERYL     20240709 1800 370N 0904W 035 103 1005 1012 0445 13 158 -999 -999 -999 -999 M -999 -999 -999 -999 48 447N  782W -999 -999 -999 -999 
NHC  02L BERYL     20240710 0000 389N 0870W 045 134 1004 1010 0519 13 158 -999 -999 -999 -999 M -999 -999 -999 -999 48 460N  762W -999 -999 -999 -999 
NHC  02L BERYL     20240710 0600 404N 0861W 040 124 1002 1010 0519 13 158 -999 -999 -999 -999 M -999 -999 -999 -999 48 473N  730W -999 -999 -999 -999 
NHC  02L BERYL     20240710 1200 415N 0848W 040 108 1001 1008 0519 13 185 -999 -999 -999 -999 M -999 -999 -999 -999 36 460N  748W -999 -999 -999 -999 
NHC  02L BERYL     20240710 1800 418N 0827W 045 077 1001 1004 0204 13 185 -999 -999 -999 -999 M -999 -999 -999 -999 24 453N  776W -999 -999 -999 -999 
NHC  92E INVEST    20240715 1800 130N 1240W 295 036 1008 1010 0222 13 111 -999 -999 -999 -999 S -999 -999 -999 -999 -9 -99N -999W -999 -999 -999 -999 
NHC  92E INVEST    20240716 0000 134N 1241W 310 026 1008 1010 0222 13 111 -999 -999 -999 -999 S -999 -999 -999 -999 -9 -99N -999W -999 -999 -999 -999 
NHC  92E INVEST    20240716 1200 140N 1250W 310 026 1008 1010 0222 13 111 -999 -999 -999 -999 S -999 -999 -999 -999 -9 -99N -999W -999 -999 -999 -999 
NHC  92E INVEST    20240716 1800 151N 1257W 320 041 1008 1010 0222 13 111 -999 -999 -999 -999 S -999 -999 -999 -999 -9 -99N -999W -999 -999 -999 -999 
NHC  92E INVEST    20240717 0000 161N 1258W 335 046 1008 1010 0222 13 111 -999 -999 -999 -999 S -999 -999 -999 -999 -9 -99N -999W -999 -999 -999 -999 
NHC  92E INVEST    20240717 1200 168N 1255W 360 026 1008 1010 0222 13 111 -999 -999 -999 -999 S -999 -999 -999 -999 -9 -99N -999W -999 -999 -999 -999 
NHC  92E INVEST    20240717 1800 165N 1255W 360 010 1008 1010 0222 13 111 -999 -999 -999 -999 S -999 -999 -999 -999 -9 -99N -999W -999 -999 -999 -999 
NHC  92E INVEST    20240718 0000 173N 1261W 340 026 1008 1010 0222 13 111 -999 -999 -999 -999 S -999 -999 -999 -999 -9 -99N -999W -999 -999 -999 -999 
NHC  92E INVEST    20240718 0600 172N 1268W 320 026 1008 1010 0222 13 111 -999 -999 -999 -999 S -999 -999 -999 -999 -9 -99N -999W -999 -999 -999 -999 
NHC  92E INVEST    20240718 1200 170N 1270W 280 026 1008 1010 0222 13 111 -999 -999 -999 -999 S -999 -999 -999 -999 -9 -99N -999W -999 -999 -999 -999 
NHC  92E INVEST    20240718 1800 170N 1275W 270 026 1009 1012 0222 13 111 -999 -999 -999 -999 S -999 -999 -999 -999 -9 -99N -999W -999 -999 -999 -999 
NHC  92E INVEST    20240719 0000 176N 1284W 285 031 1009 1012 0222 13 111 -999 -999 -999 -999 S -999 -999 -999 -999 -9 -99N -999W -999 -999 -999 -999 
NHC  93E INVEST    20240723 1200 137N 1056W 295 051 1008 1011 0222 10 185 -999 -999 -999 -999 S -999 -999 -999 -999 -9 -99N -999W -999 -999 -999 -999 
NHC  93E INVEST    20240723 1800 142N 1071W 290 067 1008 1011 0259 13 222 -999 -999 -999 -999 S -999 -999 -999 -999 -9 -99N -999W -999 -999 -999 -999 
NHC  93E INVEST    20240724 0000 151N 1081W 290 057 1008 1011 0334 13 222 -999 -999 -999 -999 S -999 -999 -999 -999 -9 -99N -999W -999 -999 -999 -999 
NHC  93E INVEST    20240724 0600 156N 1091W 300 062 1009 1012 0334 13 222 -999 -999 -999 -999 S -999 -999 -999 -999 -9 -99N -999W -999 -999 -999 -999 
NHC  93E INVEST    20240724 1200 162N 1103W 300 062 1009 1012 0278 13 204 -999 -999 -999 -999 S -999 -999 -999 -999 -9 -99N -999W -999 -999 -999 -999 
NHC  93E INVEST    20240724 1800 169N 1117W 295 072 1007 1012 0259 18 046 -999 0056 0056 -999 S -999 -999 -999 -999 -9 -99N -999W -999 -999 -999 -999 
NHC  02E BUD       20240724 1800 169N 1117W 295 072 1007 1012 0259 18 046 -999 0056 0056 -999 S -999 -999 -999 -999 -9 -99N -999W -999 -999 -999 -999 
NHC  02E BUD       20240725 0000 174N 1128W 295 067 1007 1012 0259 18 046 -999 0056 0056 0037 S -999 -999 -999 -999 48 173N 1187W -999 -999 -999 -999 
NHC  02E BUD       20240725 0600 178N 1138W 295 057 1005 1012 0259 21 046 -999 0056 0056 0074 S -999 -999 -999 -999 48 173N 1191W -999 -999 -999 -999 
NHC  02E BUD       20240725 1200 182N 1152W 290 062 1000 1012 0241 26 046 0056 0056 0074 0074 M -999 -999 0046 0046 48 177N 1201W -999 -999 -999 -999 
NHC  02E BUD       20240725 1800 183N 1165W 280 062 1000 1013 0241 26 028 0056 0056 0056 0056 M -999 -999 -999 0028 48 182N 1217W -999 -999 -999 -999 
NHC  02E BUD       20240726 0000 185N 1175W 280 062 1002 1013 0222 23 028 0056 0056 0056 0056 M -999 -999 -999 -999 48 184N 1229W -999 -999 -999 -999 
NHC  02E BUD       20240726 0600 187N 1184W 285 046 1005 1013 0222 18 037 0056 -999 -999 0056 M -999 -999 -999 -999 48 184N 1240W -999 -999 -999 -999 
NHC  02E BUD       20240726 1200 191N 1192W 290 046 1007 1012 0222 18 037 0056 -999 -999 -999 M -999 -999 -999 -999 48 184N 1250W -999 -999 -999 -999 
NHC  94E INVEST    20240729 1800 117N 0979W 280 036 1009 1011 0334 13 167 -999 -999 -999 -999 S -999 -999 -999 -999 -9 -99N -999W -999 -999 -999 -999 
NHC  94E INVEST    20240730 0000 122N 0990W 290 041 1009 1011 0334 13 167 -999 -999 -999 -999 S -999 -999 -999 -999 -9 -99N -999W -999 -999 -999 -999 
NHC  94E INVEST    20240730 0600 126N 1021W 285 082 1009 1011 0334 13 093 -999 -999 -999 -999 S -999 -999 -999 -999 -9 -99N -999W -999 -999 -999 -999 
NHC  94E INVEST    20240730 1200 127N 1025W 280 067 1009 1011 0334 13 093 -999 -999 -999 -999 S -999 -999 -999 -999 -9 -99N -999W -999 -999 -999 -999 
NHC  95E INVEST    20240730 1800 127N 1216W 305 021 1010 1012 0222 13 093 -999 -999 -999 -999 S -999 -999 -999 -999 -9 -99N -999W -999 -999 -999 -999 
NHC  94E INVEST    20240730 1800 126N 1027W 280 046 1009 1011 0334 13 093 -999 -999 -999 -999 S -999 -999 -999 -999 -9 -99N -999W -999 -999 -999 -999 
NHC  95E INVEST    20240731 0000 130N 1217W 335 015 1010 1012 0222 13 093 -999 -999 -999 -999 S -999 -999 -999 -999 -9 -99N -999W -999 -999 -999 -999 
NHC  94E INVEST    20240731 0000 140N 1045W 295 062 1008 1010 0352 15 093 -999 -999 -999 -999 S -999 -999 -999 -999 -9 -99N -999W -999 -999 -999 -999 
NHC  95E INVEST    20240731 0600 135N 1226W 310 031 1010 1012 0222 10 111 -999 -999 -999 -999 S -999 -999 -999 -999 -9 -99N -999W -999 -999 -999 -999 
NHC  94E INVEST    20240731 0600 143N 1058W 295 072 1008 1010 0334 15 093 -999 -999 -999 -999 S -999 -999 -999 -999 -9 -99N -999W -999 -999 -999 -999 
NHC  95E INVEST    20240731 1200 138N 1231W 305 031 1010 1012 0222 10 204 -999 -999 -999 -999 S -999 -999 -999 -999 -9 -99N -999W -999 -999 -999 -999 
NHC  94E INVEST    20240731 1200 149N 1067W 295 067 1007 1010 0334 15 074 -999 -999 -999 -999 S -999 -999 -999 -999 -9 -99N -999W -999 -999 -999 -999 
NHC  03E THREE-E   20240731 1200 149N 1067W 295 067 1007 1010 0334 15 074 -999 -999 -999 -999 S -999 -999 -999 -999 -9 -99N -999W -999 -999 -999 -999 
NHC  03E THREE     20240731 1200 149N 1067W 295 067 1007 1010 0334 15 074 -999 -999 -999 -999 S -999 -999 -999 -999 -9 -99N -999W -999 -999 -999 -999 
NHC  95E INVEST    20240731 1800 136N 1234W 280 031 1010 1012 0222 10 148 -999 -999 -999 -999 S -999 -999 -999 -999 -9 -99N -999W -999 -999 -999 -999 
NHC  03E THREE     20240731 1800 159N 1077W 305 062 1003 1010 0334 21 056 0074 0056 -999 0056 S -999 -999 -999 -999 72 171N 1190W -999 -999 -999 -999 
NHC  03E CARLOTTA  20240731 1800 159N 1077W 300 062 1003 1010 0334 21 056 0074 0056 -999 0056 S -999 -999 -999 -999 72 171N 1190W -999 -999 -999 -999 
NHC  95E INVEST    20240801 0000 135N 1237W 260 015 1009 1012 0222 10 148 -999 -999 -999 -999 S -999 -999 -999 -999 -9 -99N -999W -999 -999 -999 -999 
NHC  03E CARLOTTA  20240801 0000 164N 1084W 310 057 1000 1009 0334 23 056 0074 0056 -999 0056 S -999 -999 -999 -999 72 178N 1202W -999 -999 -999 -999 
NHC  95E INVEST    20240801 0600 135N 1242W 265 021 1009 1011 0222 10 148 -999 -999 -999 -999 S -999 -999 -999 -999 -9 -99N -999W -999 -999 -999 -999 
NHC  03E CARLOTTA  20240801 0600 168N 1094W 300 051 0997 1010 0278 26 037 0093 0074 0037 0074 M 0037 -999 -999 0037 72 181N 1208W -999 -999 -999 -999 
NHC  97L INVEST    20240801 1200 195N 0705W 285 103 1013 1014 0222 10 111 -999 -999 -999 -999 S -999 -999 -999 -999 -9 -99N -999W -999 -999 -999 -999 
NHC  95E INVEST    20240801 1200 131N 1251W 255 036 1008 1011 0222 13 148 -999 -999 -999 -999 S -999 -999 -999 -999 -9 -99N -999W -999 -999 -999 -999 
NHC  03E CARLOTTA  20240801 1200 172N 1105W 295 057 0997 1010 0278 26 037 0093 0074 0037 0074 M 0037 -999 -999 0037 72 185N 1214W -999 -999 -999 -999 
NHC  97L INVEST    20240801 1800 198N 0720W 285 093 1012 1013 0222 13 111 -999 -999 -999 -999 M -999 -999 -999 -999 -9 -99N -999W -999 -999 -999 -999 
NHC  95E INVEST    20240801 1800 130N 1259W 255 036 1008 1011 0222 13 130 -999 -999 -999 -999 S -999 -999 -999 -999 -9 -99N -999W -999 -999 -999 -999 
NHC  03E CARLOTTA  20240801 1800 173N 1114W 285 051 0993 1011 0334 28 037 0093 0074 0037 0074 M 0056 0037 -999 0037 72 190N 1227W -999 -999 -999 -999 
NHC  97L INVEST    20240802 0000 200N 0728W 285 072 1012 1013 0222 13 111 -999 -999 -999 -999 M -999 -999 -999 -999 -9 -99N -999W -999 -999 -999 -999 
NHC  95E INVEST    20240802 0000 132N 1265W 275 036 1008 1011 0222 13 130 -999 -999 -999 -999 S -999 -999 -999 -999 -9 -99N -999W -999 -999 -999 -999 
NHC  03E CARLOTTA  20240802 0000 178N 1123W 290 051 0993 1011 0334 28 037 0093 0074 0037 0074 M 0056 0037 -999 0037 72 192N 1239W -999 -999 -999 -999 
NHC  97L INVEST    20240802 0600 204N 0741W 290 067 1012 1013 0222 13 111 -999 -999 -999 -999 M -999 -999 -999 -999 -9 -99N -999W -999 -999 -999 -999 
NHC  95E INVEST    20240802 0600 131N 1272W 270 036 1008 1011 0222 13 130 -999 -999 -999 -999 S -999 -999 -999 -999 -9 -99N -999W -999 -999 -999 -999 
NHC  03E CARLOTTA  20240802 0600 180N 1133W 285 046 0991 1011 0334 31 019 0130 0093 0056 0130 D 0056 0037 -999 0056 72 197N 1248W -999 -999 -999 -999 
NHC  97L INVEST    20240802 1200 206N 0756W 285 072 1012 1014 0222 13 111 -999 -999 -999 -999 M -999 -999 -999 -999 -9 -99N -999W -999 -999 -999 -999 
NHC  96E INVEST    20240802 1200 104N 0959W 285 026 1011 1013 0297 13 222 -999 -999 -999 -999 S -999 -999 -999 -999 -9 -99N -999W -999 -999 -999 -999 
NHC  95E INVEST    20240802 1200 128N 1281W 265 041 1008 1011 0222 13 130 -999 -999 -999 -999 S -999 -999 -999 -999 -9 -99N -999W -999 -999 -999 -999 
NHC  04L INVEST    20240802 1200 206N 0756W 285 072 1012 1014 0222 13 111 -999 -999 -999 -999 M -999 -999 -999 -999 -9 -99N -999W -999 -999 -999 -999 
NHC  03E CARLOTTA  20240802 1200 185N 1146W 290 057 0983 1011 0334 36 019 0130 0093 0056 0130 D 0074 0037 0019 0056 72 202N 1262W 0019 -999 -999 0019 
NHC  96E INVEST    20240802 1800 105N 0964W 285 031 1011 1013 0297 13 185 -999 -999 -999 -999 S -999 -999 -999 -999 -9 -99N -999W -999 -999 -999 -999 
NHC  04L FOUR      20240802 1800 210N 0776W 285 077 1012 1014 0222 13 139 -999 -999 -999 -999 M -999 -999 -999 -999 72 307N  817W -999 -999 -999 -999 
NHC  03E CARLOTTA  20240802 1800 186N 1158W 285 057 0981 1011 0334 39 019 0130 0093 0056 0130 D 0074 0037 0019 0056 72 208N 1274W 0019 0009 0009 0019 
NHC  96E INVEST    20240803 0000 105N 0971W 275 031 1011 1013 0297 13 185 -999 -999 -999 -999 S -999 -999 -999 -999 -9 -99N -999W -999 -999 -999 -999 
NHC  95E INVEST    20240803 0000 123N 1293W 250 036 1007 1011 0222 15 093 -999 -999 -999 -999 S -999 -999 -999 -999 -9 -99N -999W -999 -999 -999 -999 
NHC  04L FOUR      20240803 0000 210N 0791W 280 082 1010 1012 0278 13 139 -999 -999 -999 -999 M -999 -999 -999 -999 72 309N  819W -999 -999 -999 -999 
NHC  03E CARLOTTA  20240803 0000 187N 1173W 280 067 0981 1011 0334 39 019 0130 0093 0056 0130 D 0074 0037 0019 0056 72 210N 1284W 0019 0009 0009 0019 
NHC  96E INVEST    20240803 0600 108N 0978W 280 031 1011 1013 0297 13 185 -999 -999 -999 -999 S -999 -999 -999 -999 -9 -99N -999W -999 -999 -999 -999 
NHC  95E INVEST    20240803 0600 123N 1296W 250 026 1008 1012 0222 15 093 -999 -999 -999 -999 S -999 -999 -999 -999 -9 -99N -999W -999 -999 -999 -999 
NHC  04L FOUR      20240803 0600 215N 0802W 285 072 1009 1012 0278 13 139 -999 -999 -999 -999 M -999 -999 -999 -999 72 308N  825W -999 -999 -999 -999 
NHC  03E CARLOTTA  20240803 0600 188N 1184W 275 062 0981 1011 0334 39 019 0148 0093 0074 0130 D 0074 0037 0019 0056 72 212N 1292W 0019 0009 0009 0019 
NHC  96E INVEST    20240803 1200 113N 1014W 280 072 1010 1012 0278 15 185 -999 -999 -999 -999 S -999 -999 -999 -999 -9 -99N -999W -999 -999 -999 -999 
NHC  95E INVEST    20240803 1200 125N 1299W 280 021 1008 1012 0222 15 093 -999 -999 -999 -999 S -999 -999 -999 -999 -9 -99N -999W -999 -999 -999 -999 
NHC  04L FOUR      20240803 1200 223N 0815W 300 067 1009 1012 0278 13 139 -999 -999 -999 -999 M -999 -999 -999 -999 72 312N  822W -999 -999 -999 -999 
NHC  04E DANIEL    20240803 1200 125N 1299W 290 021 1007 1012 0222 18 093 -999 -999 0093 0093 S -999 -999 -999 -999 -9 -99N -999W -999 -999 -999 -999 
NHC  03E CARLOTTA  20240803 1200 189N 1195W 280 062 0979 1011 0334 41 019 0148 0093 0093 0130 D 0074 0037 0028 0074 72 214N 1297W 0019 0009 0009 0019 
NHC  96E INVEST    20240803 1800 116N 1025W 280 072 1010 1012 0278 15 185 -999 -999 -999 -999 S -999 -999 -999 -999 -9 -99N -999W -999 -999 -999 -999 
NHC  04L FOUR      20240803 1800 233N 0826W 310 072 1008 1012 0334 15 222 -999 -999 -999 -999 M -999 -999 -999 -999 72 314N  820W -999 -999 -999 -999 
NHC  04E DANIEL    20240803 1800 123N 1304W 280 021 1006 1012 0222 18 093 -999 -999 0111 0093 S -999 -999 -999 -999 72 193N 1260W -999 -999 -999 -999 
NHC  04E DANIEL    20240803 1800 123N 1304W 270 021 1006 1012 0222 18 093 -999 -999 0111 0093 S -999 -999 -999 -999 72 193N 1260W -999 -999 -999 -999 
NHC  03E CARLOTTA  20240803 1800 191N 1204W 280 051 0981 1011 0334 39 028 0148 0093 0111 0148 D 0074 0037 0028 0074 72 214N 1303W 0037 -999 0019 0028 
NHC  03E CARLOTTA  20240803 1800 189N 1204W 275 051 0982 1011 0334 39 028 0148 0093 0111 0148 D 0074 0056 0056 0074 72 214N 1303W 0037 -999 0019 0037 
NHC  97E INVEST    20240804 0000 157N 1129W 340 015 1008 1010 0259 13 148 -999 -999 -999 -999 S -999 -999 -999 -999 -9 -99N -999W -999 -999 -999 -999 
NHC  96E INVEST    20240804 0000 121N 1031W 290 062 1008 1010 0278 15 185 -999 -999 -999 -999 S -999 -999 -999 -999 -9 -99N -999W -999 -999 -999 -999 
NHC  04L DEBBY     20240804 0000 239N 0833W 315 062 1003 1010 0334 21 139 0222 0222 -999 -999 M -999 -999 -999 -999 72 313N  820W -999 -999 -999 -999 
NHC  04E DANIEL    20240804 0000 123N 1306W 270 010 1006 1012 0334 18 093 -999 0093 0111 0093 S -999 -999 -999 -999 72 193N 1266W -999 -999 -999 -999 
NHC  03E CARLOTTA  20240804 0000 193N 1214W 285 046 0982 1010 0334 39 037 0148 0111 0111 0148 D 0074 0056 0056 0074 72 217N 1309W 0037 -999 -999 0037 
NHC  97E INVEST    20240804 0600 158N 1129W 335 015 1008 1010 0259 13 185 -999 -999 -999 -999 S -999 -999 -999 -999 -9 -99N -999W -999 -999 -999 -999 
NHC  96E INVEST    20240804 0600 127N 1032W 310 041 1008 1010 0278 15 222 -999 -999 -999 -999 S -999 -999 -999 -999 -9 -99N -999W -999 -999 -999 -999 
NHC  04L DEBBY     20240804 0600 249N 0839W 330 057 1002 1010 0334 23 139 0222 0222 -999 -999 M -999 -999 -999 -999 72 312N  815W -999 -999 -999 -999 
NHC  04E DANIEL    20240804 0600 124N 1306W 360 010 1006 1012 0334 18 093 -999 0111 0111 0093 S -999 -999 -999 -999 72 196N 1270W -999 -999 -999 -999 
NHC  03E CARLOTTA  20240804 0600 197N 1224W 290 051 0988 1010 0334 33 037 0148 0111 0111 0148 D 0074 0056 0056 0074 72 217N 1317W 0037 -999 -999 0019 
NHC  97E INVEST    20240804 1200 159N 1128W 350 005 1007 1010 0259 15 185 -999 -999 -999 -999 D -999 -999 -999 -999 -9 -99N -999W -999 -999 -999 -999 
NHC  96E INVEST    20240804 1200 130N 1035W 320 031 1007 1011 0259 15 148 -999 -999 -999 -999 S -999 -999 -999 -999 -9 -99N -999W -999 -999 -999 -999 
NHC  05E FIVE      20240804 1200 159N 1128W 350 005 1007 1010 0259 15 185 -999 -999 -999 -999 D -999 -999 -999 -999 -9 -99N -999W -999 -999 -999 -999 
NHC  04L DEBBY     20240804 1200 262N 0842W 330 057 1001 1010 0334 26 167 0222 0222 -999 -999 M 0167 0167 -999 -999 72 317N  809W -999 -999 -999 -999 
NHC  04E DANIEL    20240804 1200 129N 1305W 010 015 1006 1012 0334 18 093 -999 0111 0111 0093 S -999 -999 -999 -999 72 187N 1272W -999 -999 -999 -999 
NHC  03E CARLOTTA  20240804 1200 198N 1235W 290 051 0994 1010 0371 28 037 0148 0111 0111 0148 D 0074 0037 0037 0074 72 217N 1323W -999 -999 -999 -999 
NHC  96E INVEST    20240804 1800 136N 1039W 325 031 1007 1011 0334 15 185 -999 -999 -999 -999 S -999 -999 -999 -999 -9 -99N -999W -999 -999 -999 -999 
NHC  05E FIVE      20240804 1800 157N 1131W 180 005 1007 1010 0259 15 130 -999 -999 -999 -999 D -999 -999 -999 -999 48 141N 1128W -999 -999 -999 -999 
NHC  04L DEBBY     20240804 1800 273N 0844W 340 057 0992 1010 0334 28 130 0222 0222 -999 0111 M 0167 0167 -999 -999 72 322N  805W -999 -999 -999 -999 
NHC  04E DANIEL    20240804 1800 132N 1301W 030 015 1006 1012 0334 18 111 -999 0111 0111 -999 S -999 -999 -999 -999 72 189N 1279W -999 -999 -999 -999 
NHC  03E CARLOTTA  20240804 1800 198N 1246W 280 051 0998 1010 0371 26 037 0111 0111 0111 0111 D 0056 -999 -999 0056 72 212N 1331W -999 -999 -999 -999 
NHC  03E CARLOTTA  20240804 1800 198N 1246W 275 051 0998 1010 0371 26 037 0111 0111 0111 0111 M 0056 -999 -999 0056 72 212N 1331W -999 -999 -999 -999 
NHC  96E INVEST    20240805 0000 138N 1055W 290 051 1006 1010 0334 15 185 -999 -999 -999 -999 S -999 -999 -999 -999 -9 -99N -999W -999 -999 -999 -999 
NHC  05E FIVE      20240805 0000 152N 1131W 200 021 1006 1009 0241 15 111 -999 -999 -999 -999 D -999 -999 -999 -999 48 152N 1140W -999 -999 -999 -999 
NHC  05E FIVE      20240805 0000 152N 1131W 200 021 1003 1009 0241 18 111 -999 -999 0111 0111 D -999 -999 -999 -999 48 152N 1140W -999 -999 -999 -999 
NHC  05E EMILIA    20240805 0000 152N 1131W 200 021 1003 1009 0241 18 111 -999 -999 0111 0111 D -999 -999 -999 -999 48 152N 1140W -999 -999 -999 -999 
NHC  04L DEBBY     20240805 0000 282N 0840W 360 051 0987 1010 0278 31 056 0167 0222 0074 0111 D 0111 0130 -999 -999 72 319N  805W -999 -999 -999 -999 
NHC  04E DANIEL    20240805 0000 139N 1303W 010 026 1006 1012 0334 18 111 -999 0111 0111 -999 S -999 -999 -999 -999 72 199N 1301W -999 -999 -999 -999 
NHC  04E DANIEL    20240805 0000 138N 1301W 020 026 1006 1012 0334 18 111 -999 0111 0111 -999 S -999 -999 -999 -999 72 199N 1301W -999 -999 -999 -999 
NHC  03E CARLOTTA  20240805 0000 200N 1253W 280 046 0998 1010 0371 23 046 0130 0111 0074 0130 M -999 -999 -999 -999 48 204N 1310W -999 -999 -999 -999 
NHC  96E INVEST    20240805 0600 140N 1057W 295 026 1006 1010 0334 18 111 -999 0111 -999 -999 S -999 -999 -999 -999 -9 -99N -999W -999 -999 -999 -999 
NHC  05E EMILIA    20240805 0600 150N 1140W 230 026 1003 1009 0241 18 111 -999 -999 0111 0111 D -999 -999 -999 -999 48 156N 1148W -999 -999 -999 -999 
NHC  05E EMILIA    20240805 0600 150N 1140W 200 021 1003 1009 0241 18 111 -999 0111 -999 -999 D -999 -999 -999 -999 48 156N 1148W -999 -999 -999 -999 
NHC  04L DEBBY     20240805 0600 292N 0837W 015 051 0981 1010 0278 36 037 0111 0222 0074 0111 D 0074 0130 -999 0056 72 321N  798W 0037 0037 -999 -999 
NHC  04E DANIEL    20240805 0600 145N 1292W 040 036 1006 1012 0334 18 111 -999 0111 0111 -999 S -999 -999 -999 -999 48 191N 1281W -999 -999 -999 -999 
NHC  03E CARLOTTA  20240805 0600 201N 1261W 280 041 1001 1010 0371 21 046 0130 0111 0074 0130 M -999 -999 -999 -999 48 202N 1313W -999 -999 -999 -999 
NHC  96E INVEST    20240805 1200 143N 1062W 310 021 1006 1010 0334 18 111 -999 0111 -999 -999 S -999 -999 -999 -999 -9 -99N -999W -999 -999 -999 -999 
NHC  06E INVEST    20240805 1200 143N 1062W 310 021 1006 1010 0334 18 111 -999 0111 -999 -999 S -999 -999 -999 -999 -9 -99N -999W -999 -999 -999 -999 
NHC  05E EMILIA    20240805 1200 147N 1141W 225 021 1001 1009 0241 21 111 -999 -999 0111 0111 D -999 -999 -999 -999 72 193N 1209W -999 -999 -999 -999 
NHC  04L DEBBY     20240805 1200 299N 0834W 020 041 0979 1012 0278 33 037 0111 0222 0074 0111 D 0074 0130 -999 0056 72 323N  796W 0037 0037 -999 0028 
NHC  04E DANIEL    20240805 1200 152N 1281W 050 051 1005 1009 0278 18 111 -999 0111 0111 -999 S -999 -999 -999 -999 48 190N 1271W -999 -999 -999 -999 
NHC  03E CARLOTTA  20240805 1200 203N 1268W 285 036 1001 1009 0334 21 046 0111 0074 0056 0111 M -999 -999 -999 -999 48 198N 1317W -999 -999 -999 -999 
NHC  06E FABIO     20240805 1800 152N 1073W 310 062 1005 1010 0315 18 111 -999 0111 0111 -999 S -999 -999 -999 -999 48 180N 1180W -999 -999 -999 -999 
NHC  05E EMILIA    20240805 1800 138N 1140W 180 026 1001 1009 0241 21 111 -999 0148 0148 0111 D -999 -999 -999 -999 72 208N 1226W -999 -999 -999 -999 
NHC  04L DEBBY     20240805 1800 303N 0831W 030 031 0990 1012 0278 26 037 0111 0222 0074 0111 D 0074 0130 -999 0056 72 330N  790W -999 -999 -999 -999 
NHC  04E DANIEL    20240805 1800 158N 1272W 055 057 1006 1009 0185 15 130 -999 -999 -999 -999 S -999 -999 -999 -999 48 193N 1280W -999 -999 -999 -999 
NHC  04E DANIEL    20240805 1800 158N 1270W 060 067 1004 1009 0185 18 111 -999 0111 -999 -999 S -999 -999 -999 -999 48 193N 1280W -999 -999 -999 -999 
NHC  03E CARLOTTA  20240805 1800 205N 1274W 285 036 1003 1009 0315 18 093 0093 0056 0037 0093 M -999 -999 -999 -999 48 193N 1323W -999 -999 -999 -999 
NHC  06E FABIO     20240806 0000 159N 1090W 300 082 0999 1008 0278 23 111 0130 0111 -999 -999 D -999 -999 -999 -999 36 182N 1168W -999 -999 -999 -999 
NHC  05E EMILIA    20240806 0000 137N 1142W 245 010 0997 1008 0259 23 093 -999 0167 0148 0111 D -999 -999 -999 -999 72 206N 1231W -999 -999 -999 -999 
NHC  04L DEBBY     20240806 0000 308N 0824W 050 036 0996 1012 0297 21 130 0185 0204 -999 -999 M -999 -999 -999 -999 72 332N  792W -999 -999 -999 -999 
NHC  04E DANIEL    20240806 0000 164N 1262W 055 062 1006 1009 0185 13 130 -999 -999 -999 -999 S -999 -999 -999 -999 36 194N 1276W -999 -999 -999 -999 
NHC  06E FABIO     20240806 0600 165N 1100W 300 072 0996 1008 0278 26 056 0148 0130 0056 0056 M 0056 0037 -999 -999 36 184N 1179W -999 -999 -999 -999 
NHC  05E EMILIA    20240806 0600 136N 1146W 205 021 0993 1008 0259 28 093 0111 0204 0222 0111 D -999 0130 0148 -999 72 210N 1244W -999 -999 -999 -999 
NHC  04L DEBBY     20240806 0600 312N 0819W 050 031 0999 1014 0500 21 148 0334 0334 -999 -999 M -999 -999 -999 -999 72 338N  794W -999 -999 -999 -999 
NHC  06E FABIO     20240806 1200 173N 1112W 300 077 0995 1007 0278 28 056 0148 0130 0056 0056 M 0056 0037 -999 -999 36 186N 1195W -999 -999 -999 -999 
NHC  05E EMILIA    20240806 1200 137N 1150W 280 021 0993 1007 0259 28 093 0111 0204 0222 0111 D -999 0130 0148 -999 72 215N 1255W -999 -999 -999 -999 
NHC  04L DEBBY     20240806 1200 319N 0813W 045 026 0999 1014 0463 21 148 0334 0334 -999 -999 M -999 -999 -999 -999 72 341N  801W -999 -999 -999 -999 
NHC  06E FABIO     20240806 1800 188N 1131W 300 093 0997 1008 0278 26 056 0167 0148 0056 0056 M 0056 0037 -999 -999 36 197N 1205W -999 -999 -999 -999 
NHC  05E EMILIA    20240806 1800 140N 1151W 325 015 0992 1007 0222 28 074 0111 0204 0222 0111 D -999 0130 0111 -999 72 220N 1269W -999 -999 -999 -999 
NHC  04L DEBBY     20240806 1800 320N 0809W 070 021 0999 1012 0463 18 148 0334 0334 -999 -999 M -999 -999 -999 -999 72 357N  796W -999 -999 -999 -999 
NHC  06E FABIO     20240807 0000 198N 1146W 305 093 0998 1007 0259 23 056 0167 0130 -999 0093 M -999 -999 -999 -999 36 209N 1221W -999 -999 -999 -999 
NHC  05E EMILIA    20240807 0000 151N 1152W 350 041 0990 1006 0241 28 056 0148 0222 0204 0111 D 0074 0111 0074 -999 72 222N 1278W -999 -999 -999 -999 
NHC  04L DEBBY     20240807 0000 318N 0805W 090 015 0997 1011 0463 18 167 0315 0334 -999 -999 M -999 -999 -999 -999 72 385N  785W -999 -999 -999 -999 
NHC  06E FABIO     20240807 0600 205N 1170W 300 108 1000 1007 0241 21 056 0167 -999 -999 0093 M -999 -999 -999 -999 24 209N 1203W -999 -999 -999 -999 
NHC  05E EMILIA    20240807 0600 165N 1160W 345 051 0993 1007 0241 28 056 0148 0222 0204 0111 D 0074 0111 0074 -999 72 227N 1285W -999 -999 -999 -999 
NHC  04L DEBBY     20240807 0600 318N 0797W 100 026 0996 1010 0500 21 148 0222 0278 0185 -999 M -999 -999 -999 -999 72 399N  772W -999 -999 -999 -999 
NHC  06E FABIO     20240807 1200 203N 1188W 265 093 1000 1007 0241 21 056 0167 -999 -999 0111 M -999 -999 -999 -999 24 208N 1214W -999 -999 -999 -999 
NHC  05E EMILIA    20240807 1200 170N 1164W 335 057 0988 1007 0241 31 056 0167 0241 0222 0130 D 0093 0130 0093 -999 72 233N 1299W -999 -999 -999 -999 
NHC  04L DEBBY     20240807 1200 322N 0794W 040 026 0995 1010 0463 26 148 0222 0297 0185 -999 M -999 0222 -999 -999 72 438N  739W -999 -999 -999 -999 
NHC  04L DEBBY     20240807 1200 322N 0794W 040 026 0995 1010 0463 23 148 0222 0278 0185 -999 M -999 -999 -999 -999 72 438N  739W -999 -999 -999 -999 
NHC  05E EMILIA    20240807 1800 186N 1170W 335 077 0990 1012 0278 28 056 0185 0185 0222 0130 D 0111 0111 0093 -999 72 229N 1310W -999 -999 -999 -999 
NHC  04L DEBBY     20240807 1800 324N 0791W 040 015 0995 1010 0463 26 185 0278 0297 0167 -999 M -999 0222 -999 -999 72 465N  710W -999 -999 -999 -999 
NHC  05E EMILIA    20240808 0000 202N 1191W 320 093 0993 1012 0278 26 074 0222 0185 0130 0130 M 0111 0111 -999 0074 72 239N 1314W -999 -999 -999 -999 
NHC  04L DEBBY     20240808 0000 327N 0794W 360 015 0994 1010 0463 26 185 0278 0297 0167 -999 M -999 0222 -999 -999 72 488N  673W -999 -999 -999 -999 
NHC  05E EMILIA    20240808 0600 209N 1210W 290 093 1000 1011 0278 21 074 0241 0278 -999 0111 M -999 -999 -999 -999 72 250N 1330W -999 -999 -999 -999 
NHC  04L DEBBY     20240808 0600 329N 0796W 320 015 0994 1008 0556 23 185 0278 0297 -999 -999 M -999 -999 -999 -999 72 490N  640W -999 -999 -999 -999 
NHC  05E EMILIA    20240808 1200 211N 1227W 285 088 1002 1010 0278 18 093 0222 0222 -999 0111 M -999 -999 -999 -999 72 251N 1336W -999 -999 -999 -999 
NHC  04L DEBBY     20240808 1200 340N 0799W 345 046 0995 1009 0593 21 185 0278 0315 -999 -999 M -999 -999 -999 -999 72 516N  587W -999 -999 -999 -999 
NHC  05E EMILIA    20240808 1800 214N 1235W 290 067 1002 1010 0278 18 093 0185 0185 0111 0111 M -999 -999 -999 -999 72 249N 1348W -999 -999 -999 -999 
NHC  04L DEBBY     20240808 1800 348N 0802W 345 046 0997 1009 0593 18 222 0315 0315 -999 -999 M -999 -999 -999 -999 48 470N  693W -999 -999 -999 -999 
NHC  04L DEBBY     20240809 0000 351N 0802W 345 041 1001 1004 0232 13 222 -999 -999 -999 -999 M -999 -999 -999 -999 48 489N  628W -999 -999 -999 -999 
NHC  04L DEBBY     20240809 0600 368N 0797W 005 046 1003 1004 0473 13 463 -999 -999 -999 -999 M -999 -999 -999 -999 36 484N  645W -999 -999 -999 -999 
NHC  04L DEBBY     20240809 1200 404N 0789W 010 098 1003 1004 0473 15 463 -999 -999 -999 -999 M -999 -999 -999 -999 36 500N  603W -999 -999 -999 -999 
NHC  04L DEBBY     20240809 1800 428N 0765W 020 139 0999 1000 0473 15 463 -999 -999 -999 -999 M -999 -999 -999 -999 24 495N  655W -999 -999 -999 -999 
NHC  98L INVEST    20240810 0000 115N 0365W 280 046 1009 1010 0222 10 111 -999 -999 -999 -999 S -999 -999 -999 -999 -9 -99N -999W -999 -999 -999 -999 
NHC  98L INVEST    20240810 0600 117N 0382W 280 062 1009 1012 0334 10 148 -999 -999 -999 -999 S -999 -999 -999 -999 -9 -99N -999W -999 -999 -999 -999 
NHC  98L INVEST    20240810 1200 119N 0393W 275 067 1010 1012 0334 10 148 -999 -999 -999 -999 S -999 -999 -999 -999 -9 -99N -999W -999 -999 -999 -999 
NHC  98E INVEST    20240810 1200 135N 0975W 280 062 1008 1010 0334 13 111 -999 -999 -999 -999 S -999 -999 -999 -999 -9 -99N -999W -999 -999 -999 -999 
NHC  98L INVEST    20240810 1800 121N 0404W 280 062 1010 1012 0334 10 148 -999 -999 -999 -999 S -999 -999 -999 -999 -9 -99N -999W -999 -999 -999 -999 
NHC  98E INVEST    20240810 1800 137N 0990W 280 067 1008 1010 0334 13 111 -999 -999 -999 -999 S -999 -999 -999 -999 -9 -99N -999W -999 -999 -999 -999 
NHC  98L INVEST    20240811 0000 123N 0419W 280 067 1009 1012 0334 13 148 -999 -999 -999 -999 S -999 -999 -999 -999 -9 -99N -999W -999 -999 -999 -999 
NHC  98E INVEST    20240811 0000 148N 1013W 290 088 1010 1011 0241 13 111 -999 -999 -999 -999 S -999 -999 -999 -999 -9 -99N -999W -999 -999 -999 -999 
NHC  98L INVEST    20240811 0600 127N 0435W 280 072 1009 1012 0334 13 148 -999 -999 -999 -999 S -999 -999 -999 -999 -9 -99N -999W -999 -999 -999 -999 
NHC  98E INVEST    20240811 0600 153N 1035W 290 103 1010 1011 0241 10 111 -999 -999 -999 -999 S -999 -999 -999 -999 -9 -99N -999W -999 -999 -999 -999 
NHC  98L INVEST    20240811 1200 128N 0447W 280 072 1010 1012 0334 13 148 -999 -999 -999 -999 S -999 -999 -999 -999 -9 -99N -999W -999 -999 -999 -999 
NHC  98L INVEST    20240811 1800 134N 0470W 285 093 1010 1012 0334 13 259 -999 -999 -999 -999 S -999 -999 -999 -999 -9 -99N -999W -999 -999 -999 -999 
NHC  05L FIVE      20240811 1800 134N 0470W 285 093 1010 1012 0334 13 259 -999 -999 -999 -999 S -999 -999 -999 -999 -9 -99N -999W -999 -999 -999 -999 
NHC  05L FIVE      20240812 0000 138N 0492W 285 103 1009 1012 0278 13 259 -999 -999 -999 -999 S -999 -999 -999 -999 72 198N  661W -999 -999 -999 -999 
NHC  05L FIVE      20240812 0600 142N 0514W 280 113 1009 1012 0278 13 259 -999 -999 -999 -999 S -999 -999 -999 -999 72 203N  668W -999 -999 -999 -999 
NHC  05L FIVE      20240812 1200 147N 0546W 280 118 1010 1012 0278 13 222 -999 -999 -999 -999 S -999 -999 -999 -999 72 210N  669W -999 -999 -999 -999 
NHC  05L FIVE      20240812 1800 161N 0566W 285 124 1008 1012 0278 18 074 0093 -999 -999 -999 S -999 -999 -999 -999 72 227N  682W -999 -999 -999 -999 
NHC  05L FIVE      20240812 1800 159N 0566W 285 124 1009 1012 0278 18 074 0093 -999 -999 -999 M -999 -999 -999 -999 72 227N  682W -999 -999 -999 -999 
NHC  05L ERNESTO   20240813 0000 159N 0586W 275 113 1009 1012 0278 18 074 0111 -999 -999 -999 M -999 -999 -999 -999 72 250N  680W -999 -999 -999 -999 
NHC  05L ERNESTO   20240813 0600 161N 0605W 280 098 1008 1012 0278 18 074 0111 -999 -999 -999 M -999 -999 -999 -999 72 261N  677W -999 -999 -999 -999 
NHC  05L ERNESTO   20240813 1200 166N 0620W 280 093 1005 1011 0222 21 074 0167 0111 -999 0111 M -999 -999 -999 -999 72 272N  673W -999 -999 -999 -999 
NHC  05L ERNESTO   20240813 1800 176N 0635W 300 082 1003 1010 0278 26 074 0185 0167 -999 0130 M 0074 -999 -999 -999 72 282N  670W -999 -999 -999 -999 
NHC  05L ERNESTO   20240813 1800 176N 0635W 300 082 1001 1010 0278 26 074 0185 0167 -999 0130 M 0074 -999 -999 -999 72 282N  670W -999 -999 -999 -999 
NHC  05L ERNESTO   20240813 1800 175N 0635W 295 082 1003 1010 0278 26 074 0185 0167 -999 0130 M 0074 -999 -999 -999 72 282N  670W -999 -999 -999 -999 
NHC  05L ERNESTO   20240814 0000 184N 0647W 305 077 0998 1010 0278 28 065 0204 0185 -999 0130 M 0074 -999 -999 -999 72 291N  667W -999 -999 -999 -999 
NHC  05L ERNESTO   20240814 0600 190N 0660W 305 072 0996 1010 0297 31 093 0204 0241 -999 0130 M 0074 0111 -999 -999 72 299N  662W -999 -999 -999 -999 
NHC  05L ERNESTO   20240814 1200 199N 0672W 305 072 0991 1010 0278 31 093 0241 0334 -999 0167 M 0093 0111 -999 -999 72 314N  655W -999 -999 -999 -999 
NHC  05L ERNESTO   20240814 1800 211N 0680W 320 072 0989 1010 0278 33 056 0278 0278 0111 0167 M 0185 0185 -999 -999 72 320N  658W 0056 0056 -999 -999 
NHC  05L ERNESTO   20240815 0000 224N 0687W 330 072 0981 1010 0334 36 056 0278 0278 0111 0185 D 0185 0185 -999 0074 72 329N  654W 0074 0056 -999 -999 
NHC  05L ERNESTO   20240815 0600 233N 0691W 335 067 0979 1010 0334 39 056 0278 0278 0111 0204 D 0185 0185 -999 0111 72 340N  652W 0074 0074 -999 0056 
NHC  05L ERNESTO   20240815 1200 245N 0693W 345 062 0975 1010 0352 39 074 0278 0278 0167 0204 D 0185 0185 0074 0111 72 343N  651W 0093 0093 -999 0074 
NHC  05L ERNESTO   20240815 1200 245N 0693W 345 062 0975 1010 0352 36 074 0278 0278 0167 0204 D 0185 0185 0074 0111 72 343N  651W 0093 0093 -999 0074 
NHC  05L ERNESTO   20240815 1800 256N 0691W 360 057 0975 1011 0371 39 074 0278 0426 0204 0241 D 0167 0130 0111 0093 72 356N  646W 0093 0093 -999 0037 
NHC  05L ERNESTO   20240816 0000 266N 0683W 020 062 0970 1011 0371 44 074 0278 0426 0204 0241 D 0167 0130 0111 0093 72 369N  637W 0093 0093 -999 0046 
NHC  05L ERNESTO   20240816 0600 276N 0675W 025 062 0968 1012 0445 44 074 0297 0426 0204 0241 D 0167 0167 0148 0130 72 382N  626W 0102 0111 0093 0074 
NHC  99E INVEST    20240816 1200 120N 1027W 270 026 1009 1010 0278 10 185 -999 -999 -999 -999 S -999 -999 -999 -999 -9 -99N -999W -999 -999 -999 -999 
NHC  05L ERNESTO   20240816 1200 289N 0668W 030 067 0967 1012 0482 44 083 0297 0445 0204 0241 D 0167 0185 0148 0130 72 394N  616W 0111 0120 0093 0074 
NHC  99E INVEST    20240816 1800 120N 1034W 270 031 1009 1010 0278 10 185 -999 -999 -999 -999 S -999 -999 -999 -999 -9 -99N -999W -999 -999 -999 -999 
NHC  05L ERNESTO   20240816 1800 300N 0661W 030 067 0969 1012 0482 44 083 0297 0445 0204 0241 D 0167 0185 0148 0130 72 416N  597W 0111 0120 0093 0083 
NHC  99E INVEST    20240817 0000 120N 1041W 270 036 1009 1010 0185 13 167 -999 -999 -999 -999 S -999 -999 -999 -999 -9 -99N -999W -999 -999 -999 -999 
NHC  05L ERNESTO   20240817 0000 310N 0653W 030 062 0969 1012 0482 44 083 0297 0445 0204 0241 D 0167 0185 0130 0130 72 435N  570W 0111 0111 0074 0074 
NHC  99E INVEST    20240817 0600 121N 1052W 275 041 1009 1010 0185 13 167 -999 -999 -999 -999 S -999 -999 -999 -999 -9 -99N -999W -999 -999 -999 -999 
NHC  05L ERNESTO   20240817 0600 320N 0651W 025 057 0972 1012 0482 41 074 0278 0389 0204 0278 D 0167 0185 0111 0148 72 451N  541W 0111 0111 0056 0074 
NHC  99E INVEST    20240817 1200 129N 1063W 290 051 1008 1010 0241 13 130 -999 -999 -999 -999 S -999 -999 -999 -999 -9 -99N -999W -999 -999 -999 -999 
NHC  05L ERNESTO   20240817 1200 326N 0645W 025 046 0974 1012 0463 39 074 0371 0389 0204 0297 D 0222 0185 0148 0185 72 470N  515W 0111 0111 0056 0074 
NHC  05L ERNESTO   20240817 1200 326N 0645W 025 046 0974 1012 0463 39 074 0334 0389 0204 0297 D 0167 0185 0148 0148 72 470N  515W 0111 0111 0056 0074 
NHC  05L ERNESTO   20240817 1200 326N 0645W 025 046 0974 1012 0463 36 074 0371 0389 0204 0297 D 0222 0185 0148 0185 72 470N  515W 0111 0111 0056 0074 
NHC  99E INVEST    20240817 1800 134N 1071W 295 051 1008 1010 0241 13 130 -999 -999 -999 -999 S -999 -999 -999 -999 -9 -99N -999W -999 -999 -999 -999 
NHC  05L ERNESTO   20240817 1800 330N 0642W 035 031 0976 1014 0612 33 074 0371 0371 0222 0315 D 0185 0185 0148 0222 72 477N  472W 0093 0093 0093 -999 
NHC  99E INVEST    20240818 0000 138N 1085W 300 051 1008 1010 0241 13 130 -999 -999 -999 -999 S -999 -999 -999 -999 -9 -99N -999W -999 -999 -999 -999 
NHC  05L ERNESTO   20240818 0000 335N 0636W 040 031 0978 1013 0612 31 074 0371 0371 0222 0315 D 0185 0185 0148 0222 72 489N  421W -999 -999 -999 -999 
NHC  99E INVEST    20240818 0600 139N 1093W 290 051 1008 1010 0241 13 130 -999 -999 -999 -999 S -999 -999 -999 -999 -9 -99N -999W -999 -999 -999 -999 
NHC  05L ERNESTO   20240818 0600 342N 0631W 030 036 0978 1013 0612 31 074 0371 0371 0222 0315 D 0185 0185 0148 0222 72 504N  369W -999 -999 -999 -999 
NHC  99E INVEST    20240818 1200 145N 1102W 290 051 1007 1009 0222 15 130 -999 -999 -999 -999 S -999 -999 -999 -999 -9 -99N -999W -999 -999 -999 -999 
NHC  07E SEVEN-E   20240818 1200 145N 1102W 290 051 1007 1009 0222 15 130 -999 -999 -999 -999 S -999 -999 -999 -999 -9 -99N -999W -999 -999 -999 -999 
NHC  05L ERNESTO   20240818 1200 354N 0627W 020 051 0978 1013 0556 31 056 0334 0334 0204 0278 D 0130 0148 0111 0111 72 510N  310W -999 -999 -999 -999 
NHC  90E INVEST    20240818 1800 106N 1375W 140 026 1009 1012 0204 13 111 -999 -999 -999 -999 S -999 -999 -999 -999 -9 -99N -999W -999 -999 -999 -999 
NHC  07E GILMA     20240818 1800 147N 1118W 285 062 1006 1009 0222 18 074 0074 -999 -999 0074 S -999 -999 -999 -999 72 165N 1218W -999 -999 -999 -999 
NHC  05L ERNESTO   20240818 1800 364N 0627W 015 057 0977 1012 0500 33 056 0297 0352 0204 0185 D 0130 0130 0074 0093 72 521N  235W -999 0056 -999 -999 
NHC  90E INVEST    20240819 0000 105N 1378W 180 015 1009 1012 0204 13 111 -999 -999 -999 -999 S -999 -999 -999 -999 -9 -99N -999W -999 -999 -999 -999 
NHC  90E INVEST    20240819 0000 104N 1382W 215 026 1009 1011 0204 13 111 -999 -999 -999 -999 S -999 -999 -999 -999 -9 -99N -999W -999 -999 -999 -999 
NHC  07E GILMA     20240819 0000 147N 1130W 280 062 1005 1009 0222 18 074 0074 -999 -999 0074 S -999 -999 -999 -999 72 169N 1225W -999 -999 -999 -999 
NHC  05L ERNESTO   20240819 0000 377N 0620W 020 072 0975 1012 0500 36 056 0297 0352 0204 0185 D 0130 0130 0074 0093 48 489N  413W 0056 0056 -999 -999 
NHC  90E INVEST    20240819 0600 104N 1382W 250 015 1009 1011 0204 13 111 -999 -999 -999 -999 S -999 -999 -999 -999 -9 -99N -999W -999 -999 -999 -999 
NHC  07E GILMA     20240819 0600 149N 1141W 280 057 1000 1009 0222 23 056 0074 0056 -999 0074 M -999 -999 -999 -999 72 175N 1235W -999 -999 -999 -999 
NHC  05L ERNESTO   20240819 0600 393N 0611W 030 088 0972 1009 0408 39 056 0297 0352 0204 0185 D 0130 0130 0074 0093 48 500N  355W 0056 0056 -999 -999 
NHC  90E INVEST    20240819 1200 102N 1379W 190 010 1007 1009 0222 13 111 -999 -999 -999 -999 S -999 -999 -999 -999 -9 -99N -999W -999 -999 -999 -999 
NHC  07E GILMA     20240819 1200 150N 1155W 275 062 1000 1009 0278 23 056 0074 0056 -999 0074 M -999 -999 -999 -999 72 178N 1239W -999 -999 -999 -999 
NHC  05L ERNESTO   20240819 1200 409N 0596W 030 098 0968 1008 0371 41 056 0297 0352 0204 0185 D 0130 0130 0074 0093 48 508N  308W 0056 0056 -999 -999 
NHC  90E INVEST    20240819 1800 101N 1375W 360 000 1007 1010 0185 13 093 -999 -999 -999 -999 S -999 -999 -999 -999 -9 -99N -999W -999 -999 -999 -999 
NHC  07E GILMA     20240819 1800 150N 1165W 275 057 0999 1010 0315 26 074 0037 0074 0130 0093 M -999 -999 0074 -999 72 180N 1247W -999 -999 -999 -999 
NHC  05L ERNESTO   20240819 1800 429N 0576W 035 118 0968 1008 0371 41 056 0334 0352 0278 0148 D 0130 0167 0093 0074 48 522N  244W 0074 0074 -999 -999 
NHC  90E INVEST    20240820 0000 100N 1377W 180 010 1007 1010 0185 13 093 -999 -999 -999 -999 S -999 -999 -999 -999 72 152N 1420W -999 -999 -999 -999 
NHC  07E GILMA     20240820 0000 150N 1169W 270 046 0999 1010 0315 26 074 0037 0074 0130 0093 M -999 -999 0074 -999 72 183N 1260W -999 -999 -999 -999 
NHC  05L ERNESTO   20240820 0000 448N 0550W 040 144 0971 1008 0371 39 056 0334 0352 0259 0130 D 0111 0148 0093 0056 48 538N  184W 0056 0074 -999 -999 
NHC  91E INVEST    20240820 0600 137N 1317W 315 021 1008 1010 0222 13 148 -999 -999 -999 -999 S -999 -999 -999 -999 -9 -99N -999W -999 -999 -999 -999 
NHC  90E INVEST    20240820 0600 104N 1376W 015 015 1007 1010 0204 13 093 -999 -999 -999 -999 S -999 -999 -999 -999 -9 -99N -999W -999 -999 -999 -999 
NHC  07E GILMA     20240820 0600 156N 1178W 295 036 1000 1010 0315 23 074 0074 0167 0185 0111 M -999 -999 -999 -999 72 180N 1259W -999 -999 -999 -999 
NHC  05L ERNESTO   20240820 0600 466N 0514W 045 154 0975 1004 0278 33 056 0334 0352 0259 0130 D 0111 0148 0093 0056 36 528N  241W 0056 0074 -999 -999 
NHC  91E INVEST    20240820 1200 139N 1320W 315 021 1007 1010 0222 13 148 -999 -999 -999 -999 S -999 -999 -999 -999 -9 -99N -999W -999 -999 -999 -999 
NHC  90E INVEST    20240820 1200 107N 1377W 350 010 1007 1009 0204 13 093 -999 -999 -999 -999 S -999 -999 -999 -999 -9 -99N -999W -999 -999 -999 -999 
NHC  90E INVEST    20240820 1200 107N 1375W 360 010 1007 1009 0204 13 093 -999 -999 -999 -999 S -999 -999 -999 -999 -9 -99N -999W -999 -999 -999 -999 
NHC  07E GILMA     20240820 1200 159N 1192W 285 051 1000 1010 0371 23 074 0074 0167 0185 0111 M -999 -999 -999 -999 72 182N 1264W -999 -999 -999 -999 
NHC  91E INVEST    20240820 1800 144N 1325W 310 026 1007 1010 0222 15 148 -999 -999 -999 -999 S -999 -999 -999 -999 -9 -99N -999W -999 -999 -999 -999 
NHC  91E INVEST    20240820 1800 144N 1323W 310 026 1007 1010 0222 13 148 -999 -999 -999 -999 S -999 -999 -999 -999 -9 -99N -999W -999 -999 -999 -999 
NHC  90E INVEST    20240820 1800 109N 1376W 015 015 1007 1009 0204 13 093 -999 -999 -999 -999 S -999 -999 -999 -999 -9 -99N -999W -999 -999 -999 -999 
NHC  07E GILMA     20240820 1800 160N 1202W 280 051 0995 1010 0371 28 056 0111 0185 0222 0093 M 0037 0056 -999 -999 72 183N 1273W -999 -999 -999 -999 
NHC  07E GILMA     20240820 1800 160N 1200W 280 051 0997 1010 0371 26 056 0074 0167 0185 0111 M -999 0056 -999 -999 72 183N 1273W -999 -999 -999 -999 
NHC  91E INVEST    20240821 0000 148N 1328W 315 026 1006 1010 0222 15 148 -999 -999 -999 -999 S -999 -999 -999 -999 -9 -99N -999W -999 -999 -999 -999 
NHC  90E INVEST    20240821 0000 111N 1377W 350 010 1007 1009 0204 13 093 -999 -999 -999 -999 S -999 -999 -999 -999 -9 -99N -999W -999 -999 -999 -999 
NHC  07E GILMA     20240821 0000 160N 1211W 275 057 0992 1010 0371 31 056 0111 0185 0222 0093 M 0037 0056 -999 -999 72 184N 1280W -999 -999 -999 -999 
NHC  91E INVEST    20240821 0600 149N 1334W 300 031 1006 1011 0241 15 148 -999 -999 -999 -999 S -999 -999 -999 -999 -9 -99N -999W -999 -999 -999 -999 
NHC  90E INVEST    20240821 0600 112N 1377W 360 010 1007 1010 0204 13 093 -999 -999 -999 -999 S -999 -999 -999 -999 -9 -99N -999W -999 -999 -999 -999 
NHC  07E GILMA     20240821 0600 159N 1220W 270 046 0990 1011 0352 33 037 0111 0185 0222 0093 D 0056 0056 0037 -999 72 182N 1286W 0037 0037 -999 -999 
NHC  91E INVEST    20240821 1200 154N 1346W 295 041 1006 1011 0334 15 148 -999 -999 -999 -999 S -999 -999 -999 -999 -9 -99N -999W -999 -999 -999 -999 
NHC  91E INVEST    20240821 1200 152N 1344W 290 036 1006 1011 0334 15 148 -999 -999 -999 -999 S -999 -999 -999 -999 -9 -99N -999W -999 -999 -999 -999 
NHC  07E GILMA     20240821 1200 159N 1225W 270 036 0983 1011 0408 39 028 0167 0185 0222 0130 D 0074 0074 0037 0056 72 177N 1296W 0046 0037 0019 0028 
NHC  91E INVEST    20240821 1800 155N 1360W 280 057 1006 1011 0334 15 148 -999 -999 -999 -999 S -999 -999 -999 -999 -9 -99N -999W -999 -999 -999 -999 
NHC  07E GILMA     20240821 1800 162N 1229W 285 026 0972 1012 0426 46 019 0185 0185 0204 0148 D 0074 0074 0037 0056 72 173N 1303W 0046 0037 0019 0028 
NHC  91E INVEST    20240822 0000 155N 1375W 270 062 1006 1011 0334 15 148 -999 -999 -999 -999 S -999 -999 -999 -999 -9 -99N -999W -999 -999 -999 -999 
NHC  07E GILMA     20240822 0000 164N 1235W 290 031 0968 1011 0408 49 019 0185 0185 0204 0148 D 0074 0074 0037 0056 72 177N 1310W 0046 0037 0019 0028 
NHC  92E INVEST    20240822 0600 145N 1111W 275 041 1010 1011 0278 13 111 -999 -999 -999 -999 S -999 -999 -999 -999 -9 -99N -999W -999 -999 -999 -999 
NHC  91E INVEST    20240822 0600 154N 1388W 270 067 1006 1011 0334 15 130 -999 -999 -999 -999 S -999 -999 -999 -999 -9 -99N -999W -999 -999 -999 -999 
NHC  07E GILMA     20240822 0600 165N 1239W 295 026 0963 1013 0426 51 019 0185 0204 0204 0148 D 0074 0093 0037 0056 72 180N 1322W 0046 0046 0019 0028 
NHC  92E INVEST    20240822 1200 145N 1116W 270 031 1009 1011 0334 13 111 -999 -999 -999 -999 S -999 -999 -999 -999 -9 -99N -999W -999 -999 -999 -999 
NHC  90C INVEST    20240822 1200 154N 1403W 270 072 1005 1011 0278 15 056 -999 -999 -999 -999 M -999 -999 -999 -999 -9 -99N -999W -999 -999 -999 -999 
NHC  07E GILMA     20240822 1200 167N 1242W 290 021 0955 1013 0482 57 056 0213 0204 0204 0185 D 0093 0083 0083 0083 72 183N 1326W 0056 0037 0037 0046 
NHC  01C ONE       20240822 1200 154N 1403W 270 072 1005 1011 0278 15 056 -999 -999 -999 -999 M -999 -999 -999 -999 -9 -99N -999W -999 -999 -999 -999 
NHC  92E INVEST    20240822 1800 140N 1120W 250 026 1009 1011 0334 13 167 -999 -999 -999 -999 S -999 -999 -999 -999 -9 -99N -999W -999 -999 -999 -999 
NHC  07E GILMA     20240822 1800 169N 1247W 295 026 0955 1013 0482 57 019 0185 0167 0148 0185 D 0093 0074 0074 0083 72 184N 1333W 0056 0046 0046 0056 
NHC  01C HONE      20240822 1800 157N 1416W 275 067 1005 1011 0278 18 028 0028 -999 -999 0028 M -999 -999 -999 -999 72 168N 1548W -999 -999 -999 -999 
NHC  92E INVEST    20240823 0000 139N 1123W 240 026 1008 1011 0334 13 167 -999 -999 -999 -999 S -999 -999 -999 -999 -9 -99N -999W -999 -999 -999 -999 
NHC  07E GILMA     20240823 0000 172N 1252W 300 026 0959 1012 0463 54 019 0185 0167 0148 0185 D 0093 0074 0074 0093 72 189N 1344W 0056 0046 0046 0056 
NHC  01C HONE      20240823 0000 157N 1428W 275 067 1004 1010 0278 18 046 0046 -999 -999 0046 M -999 -999 -999 -999 72 178N 1560W -999 -999 -999 -999 
NHC  92E INVEST    20240823 0600 139N 1128W 260 026 1007 1011 0334 15 167 -999 -999 -999 -999 S -999 -999 -999 -999 -9 -99N -999W -999 -999 -999 -999 
NHC  07E GILMA     20240823 0600 173N 1258W 290 026 0959 1012 0389 54 019 0185 0167 0148 0185 D 0093 0074 0074 0093 72 192N 1353W 0056 0046 0046 0056 
NHC  01C HONE      20240823 0600 159N 1441W 280 062 1004 1012 0334 18 056 0065 -999 -999 0065 M -999 -999 -999 -999 72 177N 1571W -999 -999 -999 -999 
NHC  01C HONE      20240823 0600 159N 1441W 280 062 1003 1012 0334 21 056 0148 0130 0056 0130 M -999 -999 -999 -999 72 177N 1571W -999 -999 -999 -999 
NHC  01C HONE      20240823 0600 159N 1441W 280 062 1003 1012 0334 21 056 0148 0111 0056 0130 M -999 -999 -999 -999 72 177N 1571W -999 -999 -999 -999 
NHC  92E INVEST    20240823 1200 142N 1132W 275 026 1007 1011 0334 15 148 -999 -999 -999 -999 S -999 -999 -999 -999 -9 -99N -999W -999 -999 -999 -999 
NHC  07E GILMA     20240823 1200 173N 1264W 275 031 0962 1010 0445 51 019 0185 0167 0148 0185 D 0093 0074 0074 0093 72 193N 1361W 0056 0046 0046 0056 
NHC  01C HONE      20240823 1200 162N 1455W 280 072 1002 1011 0371 21 056 0148 0111 0056 0130 S -999 -999 -999 -999 72 184N 1589W -999 -999 -999 -999 
NHC  92E INVEST    20240823 1800 145N 1142W 290 031 1007 1011 0334 15 148 -999 -999 -999 -999 S -999 -999 -999 -999 -9 -99N -999W -999 -999 -999 -999 
NHC  07E GILMA     20240823 1800 172N 1272W 265 036 0965 1011 0445 49 019 0185 0167 0148 0185 D 0093 0074 0074 0093 72 192N 1370W 0056 0046 0046 0056 
NHC  01C HONE      20240823 1800 166N 1470W 280 072 1002 1011 0324 21 056 0148 0056 0056 0111 S -999 -999 -999 -999 72 189N 1600W -999 -999 -999 -999 
NHC  92E INVEST    20240824 0000 150N 1148W 300 046 1007 1011 0334 15 148 -999 -999 -999 -999 S -999 -999 -999 -999 -9 -99N -999W -999 -999 -999 -999 
NHC  07E GILMA     20240824 0000 174N 1280W 275 041 0970 1011 0445 46 019 0185 0167 0148 0185 D 0093 0074 0074 0093 72 190N 1381W 0056 0046 0046 0056 
NHC  01C HONE      20240824 0000 168N 1486W 280 077 1000 1011 0324 23 056 0185 0074 0093 0167 M -999 -999 -999 -999 72 190N 1612W -999 -999 -999 -999 
NHC  92E INVEST    20240824 0600 157N 1153W 310 041 1007 1011 0334 15 148 -999 -999 -999 -999 S -999 -999 -999 -999 -9 -99N -999W -999 -999 -999 -999 
NHC  07E GILMA     20240824 0600 175N 1289W 280 041 0974 1011 0445 44 019 0185 0167 0148 0185 D 0093 0074 0074 0093 72 189N 1390W 0056 0046 0037 0056 
NHC  01C HONE      20240824 0600 172N 1499W 285 072 0998 1012 0324 26 074 0185 0093 0056 0130 M 0093 -999 -999 0056 72 190N 1625W -999 -999 -999 -999 
NHC  92E INVEST    20240824 1200 158N 1160W 305 036 1006 1010 0352 15 148 -999 -999 -999 -999 S -999 -999 -999 -999 -9 -99N -999W -999 -999 -999 -999 
NHC  07E GILMA     20240824 1200 175N 1296W 275 041 0977 1011 0445 41 019 0185 0167 0148 0185 D 0093 0074 0074 0093 72 189N 1399W 0056 0046 0037 0056 
NHC  01C HONE      20240824 1200 174N 1513W 280 067 0998 1011 0297 28 074 0185 0130 -999 0185 D 0111 -999 -999 0074 72 194N 1629W -999 -999 -999 -999 
NHC  01C HONE      20240824 1200 173N 1512W 280 067 0998 1011 0297 28 074 0185 0130 -999 0185 D 0111 -999 -999 0074 72 194N 1629W -999 -999 -999 -999 
NHC  92E INVEST    20240824 1800 159N 1175W 290 046 1006 1010 0352 15 148 -999 -999 -999 -999 S -999 -999 -999 -999 -9 -99N -999W -999 -999 -999 -999 
NHC  07E GILMA     20240824 1800 176N 1305W 275 041 0974 1011 0445 44 019 0185 0167 0148 0185 D 0093 0074 0074 0093 72 187N 1406W 0056 0046 0037 0056 
NHC  01C HONE      20240824 1800 176N 1526W 280 067 1000 1011 0297 28 074 0204 0130 0093 0185 D 0093 -999 -999 0093 72 195N 1640W -999 -999 -999 -999 
NHC  92E INVEST    20240825 0000 162N 1186W 280 067 1006 1010 0371 15 148 -999 -999 -999 -999 S -999 -999 -999 -999 -9 -99N -999W -999 -999 -999 -999 
NHC  07E GILMA     20240825 0000 177N 1314W 275 041 0955 1011 0445 57 028 0185 0167 0148 0185 D 0093 0074 0074 0093 72 189N 1416W 0056 0046 0037 0056 
NHC  01C HONE      20240825 0000 179N 1538W 280 067 1000 1011 0297 28 074 0204 0093 0093 0204 D 0111 -999 -999 0093 72 195N 1656W -999 -999 -999 -999 
NHC  92E INVEST    20240825 0600 163N 1200W 280 067 1006 1010 0371 15 111 -999 -999 -999 -999 S -999 -999 -999 -999 -9 -99N -999W -999 -999 -999 -999 
NHC  07E GILMA     20240825 0600 179N 1321W 280 041 0949 1011 0445 59 028 0204 0130 0111 0204 D 0074 0074 0056 0074 72 189N 1424W 0037 0037 0028 0037 
NHC  01C HONE      20240825 0600 181N 1548W 280 067 0991 1012 0297 33 028 0204 0093 0093 0204 D 0111 -999 -999 0093 72 197N 1664W 0028 -999 -999 0028 
NHC  92E INVEST    20240825 1200 160N 1210W 270 051 1006 1010 0371 15 111 -999 -999 -999 -999 S -999 -999 -999 -999 -9 -99N -999W -999 -999 -999 -999 
NHC  07E GILMA     20240825 1200 179N 1331W 275 041 0955 1011 0426 57 019 0148 0093 0111 0185 D 0056 0056 0056 0074 72 192N 1428W 0028 0037 0028 0028 
NHC  01C HONE      20240825 1200 181N 1557W 270 046 0991 1012 0297 36 028 0185 0130 0111 0148 D 0074 0046 0046 0074 72 199N 1679W 0037 -999 -999 0037 
NHC  01C HONE      20240825 1200 181N 1557W 270 046 0988 1012 0297 39 028 0185 0130 0111 0148 D 0074 0046 0046 0074 72 199N 1679W 0037 -999 -999 0037 
NHC  92E INVEST    20240825 1800 159N 1220W 270 051 1003 1013 0371 21 093 0093 0167 -999 -999 S -999 -999 -999 -999 -9 -99N -999W -999 -999 -999 -999 
NHC  08E HECTOR    20240825 1800 159N 1220W 270 051 1003 1013 0371 21 093 0093 0167 -999 -999 S -999 -999 -999 -999 -9 -99N -999W -999 -999 -999 -999 
NHC  07E GILMA     20240825 1800 179N 1339W 270 046 0965 1012 0389 51 019 0148 0093 0111 0185 D 0056 0056 0056 0074 72 192N 1438W 0028 0037 0028 0028 
NHC  07E GILMA     20240825 1800 179N 1339W 270 046 0965 1012 0389 51 019 0130 0093 0093 0148 D 0056 0056 0056 0056 72 192N 1438W 0028 0037 0028 0028 
NHC  01C HONE      20240825 1800 186N 1568W 290 062 0991 1013 0241 36 019 0148 0111 0093 0130 D 0074 0037 0019 0056 72 197N 1685W 0028 -999 -999 0028 
NHC  08E HECTOR    20240826 0000 162N 1229W 270 046 1001 1013 0371 21 093 0093 0167 -999 -999 M -999 -999 -999 -999 72 180N 1345W -999 -999 -999 -999 
NHC  07E GILMA     20240826 0000 180N 1347W 275 041 0972 1011 0408 46 019 0111 0093 0074 0111 D 0056 0056 0037 0037 72 194N 1445W 0028 0028 0019 0019 
NHC  01C HONE      20240826 0000 189N 1579W 280 057 0994 1011 0222 33 019 0148 0130 0056 0093 D 0056 0037 -999 0019 72 203N 1704W 0019 -999 -999 -999 
NHC  08E HECTOR    20240826 0600 162N 1234W 280 036 1001 1013 0371 21 093 0093 0167 -999 -999 M -999 -999 -999 -999 72 180N 1353W -999 -999 -999 -999 
NHC  07E GILMA     20240826 0600 181N 1355W 275 041 0977 1011 0408 44 019 0111 0093 0074 0111 D 0056 0056 0037 0037 72 196N 1455W 0028 0028 0019 0019 
NHC  01C HONE      20240826 0600 192N 1591W 290 057 0996 1012 0259 31 019 0148 0130 0056 0093 D 0056 0037 -999 0019 72 206N 1717W -999 -999 -999 -999 
NHC  08E HECTOR    20240826 1200 161N 1245W 270 046 1001 1012 0278 21 093 0093 0167 -999 -999 M -999 -999 -999 -999 72 179N 1359W -999 -999 -999 -999 
NHC  07E GILMA     20240826 1200 181N 1361W 275 036 0977 1012 0389 44 019 0111 0093 0074 0130 D 0056 0056 0037 0037 72 198N 1470W 0028 0028 0019 0019 
NHC  01C HONE      20240826 1200 193N 1604W 280 062 0998 1012 0259 28 019 0130 0093 0056 0093 D 0037 0019 -999 0019 72 209N 1730W -999 -999 -999 -999 
NHC  08E HECTOR    20240826 1800 164N 1254W 280 046 1000 1014 0315 23 093 0093 0167 -999 -999 M -999 -999 -999 -999 72 177N 1372W -999 -999 -999 -999 
NHC  07E GILMA     20240826 1800 183N 1369W 280 036 0968 1012 0389 49 019 0111 0093 0074 0130 D 0056 0056 0037 0037 72 199N 1480W 0028 0028 0019 0028 
NHC  01C HONE      20240826 1800 191N 1611W 280 051 0998 1013 0204 28 019 0148 0148 0019 0093 M 0037 0037 -999 0019 72 211N 1742W -999 -999 -999 -999 
NHC  08E HECTOR    20240827 0000 167N 1262W 280 046 1000 1014 0315 23 093 0167 0167 -999 0093 M -999 -999 -999 -999 72 177N 1385W -999 -999 -999 -999 
NHC  07E GILMA     20240827 0000 184N 1378W 280 036 0968 1012 0315 49 019 0111 0093 0074 0130 D 0056 0056 0037 0037 72 203N 1495W 0028 0028 0019 0028 
NHC  01C HONE      20240827 0000 194N 1623W 285 057 1000 1012 0167 26 019 0130 0093 -999 0130 M 0037 0019 -999 0037 72 214N 1744W -999 -999 -999 -999 
NHC  08E HECTOR    20240827 0600 170N 1270W 290 041 1000 1014 0315 23 093 0167 0167 -999 0093 M -999 -999 -999 -999 72 178N 1397W -999 -999 -999 -999 
NHC  07E GILMA     20240827 0600 184N 1387W 275 046 0973 1012 0315 46 019 0111 0093 0074 0130 D 0056 0056 0037 0037 72 205N 1510W 0028 0028 0019 0028 
NHC  01C HONE      20240827 0600 197N 1636W 285 057 1000 1012 0167 26 019 0130 0093 -999 0130 M 0037 0019 -999 0037 72 222N 1749W -999 -999 -999 -999 
NHC  01C HONE      20240827 0600 197N 1636W 280 062 1000 1012 0185 26 028 0130 0093 0056 0130 M 0037 -999 -999 0037 72 222N 1749W -999 -999 -999 -999 
NHC  08E HECTOR    20240827 1200 175N 1282W 290 051 1002 1010 0278 21 093 0148 0148 -999 0093 M -999 -999 -999 -999 72 180N 1409W -999 -999 -999 -999 
NHC  07E GILMA     20240827 1200 184N 1401W 270 057 0983 1011 0297 39 028 0111 0074 0074 0111 M 0056 0056 0037 0037 72 207N 1523W 0028 0028 -999 0028 
NHC  01C HONE      20240827 1200 198N 1649W 280 062 1002 1012 0185 23 028 0130 0093 -999 0111 M -999 -999 -999 -999 72 220N 1755W -999 -999 -999 -999 
NHC  08E HECTOR    20240827 1800 177N 1293W 290 051 1001 1011 0278 23 046 0111 -999 -999 -999 M -999 -999 -999 -999 72 183N 1424W -999 -999 -999 -999 
NHC  07E GILMA     20240827 1800 184N 1415W 270 067 0996 1011 0278 28 028 0111 0074 0056 0093 S 0056 0037 -999 0037 72 208N 1537W -999 -999 -999 -999 
NHC  01C HONE      20240827 1800 200N 1657W 285 051 1002 1012 0167 23 028 0130 0093 -999 0111 M -999 -999 -999 -999 72 225N 1765W -999 -999 -999 -999 
NHC  08E HECTOR    20240828 0000 181N 1305W 285 057 1001 1011 0278 23 046 0111 -999 -999 0093 M -999 -999 -999 -999 48 184N 1381W -999 -999 -999 -999 
NHC  07E GILMA     20240828 0000 184N 1427W 270 062 1001 1011 0278 23 037 0093 0074 0056 0074 S -999 -999 -999 -999 72 210N 1551W -999 -999 -999 -999 
NHC  01C HONE      20240828 0000 202N 1665W 285 046 1002 1012 0167 23 028 0130 0093 -999 0111 M -999 -999 -999 -999 72 227N 1770W -999 -999 -999 -999 
NHC  08E HECTOR    20240828 0600 183N 1316W 285 057 1002 1012 0278 23 046 0111 -999 -999 0093 M -999 -999 -999 -999 48 185N 1398W -999 -999 -999 -999 
NHC  07E GILMA     20240828 0600 184N 1439W 275 057 1001 1012 0222 23 037 0111 0074 0037 0111 S -999 -999 -999 -999 72 212N 1564W -999 -999 -999 -999 
NHC  01C HONE      20240828 0600 203N 1673W 280 041 1002 1013 0222 23 056 0111 -999 -999 0074 M -999 -999 -999 -999 72 227N 1775W -999 -999 -999 -999 
NHC  08E HECTOR    20240828 1200 183N 1324W 275 046 1002 1012 0278 23 074 0130 -999 -999 0111 M -999 -999 -999 -999 48 185N 1411W -999 -999 -999 -999 
NHC  07E GILMA     20240828 1200 187N 1451W 275 057 1003 1010 0185 21 046 0111 0056 -999 0111 S -999 -999 -999 -999 72 217N 1580W -999 -999 -999 -999 
NHC  01C HONE      20240828 1200 204N 1682W 280 041 1002 1012 0222 23 074 0111 -999 -999 0074 M -999 -999 -999 -999 72 230N 1765W -999 -999 -999 -999 
NHC  08E HECTOR    20240828 1800 176N 1330W 260 041 1004 1012 0278 21 074 0130 -999 -999 0111 M -999 -999 -999 -999 48 184N 1423W -999 -999 -999 -999 
NHC  07E GILMA     20240828 1800 189N 1464W 280 062 1003 1012 0185 21 046 0111 0056 -999 0111 S -999 -999 -999 -999 72 223N 1592W -999 -999 -999 -999 
NHC  01C HONE      20240828 1800 206N 1687W 280 036 1002 1012 0222 23 074 0111 -999 -999 0074 M -999 -999 -999 -999 72 230N 1766W -999 -999 -999 -999 
NHC  08E HECTOR    20240829 0000 172N 1337W 240 041 1006 1012 0278 18 074 0185 -999 -999 -999 M -999 -999 -999 -999 36 177N 1403W -999 -999 -999 -999 
NHC  07E GILMA     20240829 0000 193N 1476W 285 062 1006 1011 0185 18 046 0111 0037 -999 0093 S -999 -999 -999 -999 72 228N 1606W -999 -999 -999 -999 
NHC  07E GILMA     20240829 0000 192N 1476W 285 057 1006 1011 0185 18 046 0111 0037 -999 0093 S -999 -999 -999 -999 72 228N 1606W -999 -999 -999 -999 
NHC  01C HONE      20240829 0000 207N 1697W 280 041 1002 1012 0222 23 056 0139 -999 -999 0102 M -999 -999 -999 -999 72 234N 1766W -999 -999 -999 -999 
NHC  08E HECTOR    20240829 0600 169N 1348W 245 046 1008 1012 0278 15 074 -999 -999 -999 -999 S -999 -999 -999 -999 36 173N 1414W -999 -999 -999 -999 
NHC  07E GILMA     20240829 0600 194N 1489W 280 062 1007 1013 0167 18 074 0111 0037 -999 0093 S -999 -999 -999 -999 72 238N 1615W -999 -999 -999 -999 
NHC  01C HONE      20240829 0600 207N 1707W 275 041 1004 1012 0185 21 056 0120 -999 -999 0083 M -999 -999 -999 -999 72 243N 1769W -999 -999 -999 -999 
NHC  07E GILMA     20240829 1200 196N 1501W 280 062 1009 1012 0167 15 074 -999 -999 -999 -999 S -999 -999 -999 -999 48 222N 1583W -999 -999 -999 -999 
NHC  01C HONE      20240829 1200 209N 1716W 280 046 1006 1013 0185 18 056 0111 -999 -999 0083 M -999 -999 -999 -999 72 249N 1772W -999 -999 -999 -999 
NHC  07E GILMA     20240829 1800 201N 1511W 285 057 1010 1014 0167 15 093 -999 -999 -999 -999 S -999 -999 -999 -999 48 226N 1595W -999 -999 -999 -999 
NHC  01C HONE      20240829 1800 213N 1721W 290 041 1006 1013 0204 18 056 0111 -999 -999 0093 M -999 -999 -999 -999 72 258N 1778W -999 -999 -999 -999 
NHC  01C HONE      20240830 0000 214N 1730W 290 041 1008 1013 0185 15 056 -999 -999 -999 -999 M -999 -999 -999 -999 72 265N 1784W -999 -999 -999 -999 
NHC  01C HONE      20240830 0600 215N 1737W 285 036 1008 1013 0185 15 056 -999 -999 -999 -999 M -999 -999 -999 -999 72 265N 1798W -999 -999 -999 -999 
NHC  01C HONE      20240830 1200 217N 1744W 280 036 1008 1013 0185 15 056 -999 -999 -999 -999 M -999 -999 -999 -999 72 264N 1793E -999 -999 -999 -999 
NHC  01C HONE      20240830 1800 218N 1753W 280 036 1008 1013 0185 15 056 -999 -999 -999 -999 M -999 -999 -999 -999 72 271N 1778E -999 -999 -999 -999 
NHC  01C HONE      20240831 0000 219N 1759W 280 036 1009 1013 0167 15 056 -999 -999 -999 -999 M -999 -999 -999 -999 72 272N 1780E -999 -999 -999 -999 
NHC  01C HONE      20240831 0600 222N 1757W 295 021 1009 1013 0167 15 056 -999 -999 -999 -999 M -999 -999 -999 -999 72 274N 1782E -999 -999 -999 -999 
NHC  01C HONE      20240831 1200 223N 1758W 315 010 1007 1013 0167 18 056 0074 -999 -999 0074 M -999 -999 -999 -999 72 297N 1787E -999 -999 -999 -999 
NHC  01C HONE      20240831 1800 224N 1762W 330 010 1007 1013 0185 18 056 0056 -999 -999 0056 M -999 -999 -999 -999 72 298N 1790E -999 -999 -999 -999 
NHC  01C HONE      20240901 0000 234N 1765W 330 046 1007 1013 0185 18 056 0056 -999 -999 0037 M -999 -999 -999 -999 72 300N 1794E -999 -999 -999 -999 
NHC  01C HONE      20240901 0600 239N 1765W 335 031 1007 1013 0185 18 056 0065 -999 -999 -999 M -999 -999 -999 -999 72 304N 1796E -999 -999 -999 -999 
NHC  01C HONE      20240901 1200 248N 1768W 315 041 1007 1012 0185 18 056 0093 -999 -999 -999 M -999 -999 -999 -999 72 303N 1797E -999 -999 -999 -999 
NHC  01C HONE      20240901 1200 247N 1764W 355 041 1007 1012 0185 18 056 0093 -999 -999 -999 M -999 -999 -999 -999 72 303N 1797E -999 -999 -999 -999 
NHC  99L INVEST    20240906 1200 369N 0679W 035 077 1006 1014 0297 21 167 0445 0167 -999 0278 M -999 -999 -999 -999 -9 -99N -999W -999 -999 -999 -999 
NHC  90L INVEST    20240906 1200 275N 0952W 190 005 1009 1012 0167 13 093 -999 -999 -999 -999 S -999 -999 -999 -999 -9 -99N -999W -999 -999 -999 -999 
NHC  91L INVEST    20240908 1800 214N 0945W 325 051 1003 1008 0334 21 185 -999 -999 0259 0297 S -999 -999 -999 -999 -9 -99N -999W -999 -999 -999 -999 
NHC  06L SIX       20240908 1800 214N 0945W 320 026 1003 1008 0334 21 185 -999 -999 0259 0297 S -999 -999 -999 -999 -9 -99N -999W -999 -999 -999 -999 
NHC  06L SIX       20240909 0000 219N 0947W 340 026 1003 1008 0334 23 185 -999 -999 0259 0297 S -999 -999 -999 -999 72 290N  941W -999 -999 -999 -999 
NHC  06L SIX       20240909 0600 220N 0947W 340 021 1003 1008 0334 23 185 -999 0222 0259 0297 S -999 -999 -999 -999 72 299N  931W -999 -999 -999 -999 
NHC  06L SIX       20240909 1200 222N 0949W 335 015 1002 1008 0334 23 148 -999 0185 0259 0259 S -999 -999 -999 -999 72 307N  918W -999 -999 -999 -999 
NHC  06L FRANCINE  20240909 1200 227N 0947W 340 021 1002 1008 0334 23 130 0074 0185 0259 0259 S -999 -999 -999 -999 72 307N  918W -999 -999 -999 -999 
NHC  06L FRANCINE  20240909 1800 237N 0958W 330 036 0996 1008 0334 26 037 0093 0259 0185 0222 M 0037 -999 -999 -999 72 324N  907W -999 -999 -999 -999 
NHC  06L FRANCINE  20240910 0000 239N 0960W 325 021 0992 1008 0334 28 037 0093 0222 0185 0222 M 0037 0056 -999 -999 72 342N  908W -999 -999 -999 -999 
NHC  06L FRANCINE  20240910 0600 242N 0962W 330 021 0992 1010 0371 28 037 0093 0222 0185 0185 M 0037 0056 0074 0056 72 346N  906W -999 -999 -999 -999 
NHC  06L FRANCINE  20240910 1200 245N 0958W 010 021 0990 1010 0371 28 037 0093 0222 0185 0185 M 0037 0056 0074 0056 72 357N  902W -999 -999 -999 -999 
NHC  06L FRANCINE  20240910 1800 253N 0953W 035 041 0987 1010 0371 28 056 0111 0222 0185 0148 M 0056 0056 0056 -999 72 358N  901W -999 -999 -999 -999 
NHC  06L FRANCINE  20240911 0000 260N 0947W 035 046 0982 1008 0371 33 056 0130 0185 0148 0111 M 0093 0074 0056 0056 72 361N  898W 0056 -999 -999 -999 
NHC  06L FRANCINE  20240911 0600 266N 0941W 035 046 0977 1008 0371 41 046 0148 0185 0111 0130 D 0093 0093 0056 0074 72 363N  898W 0065 0065 -999 0046 
NHC  93L INVEST    20240911 1200 158N 0279W 290 093 1007 1010 0185 15 028 -999 -999 -999 -999 S -999 -999 -999 -999 -9 -99N -999W -999 -999 -999 -999 
NHC  06L FRANCINE  20240911 1200 275N 0932W 040 051 0976 1009 0371 41 046 0148 0185 0111 0130 D 0093 0093 0056 0074 48 347N  903W 0065 0065 -999 0046 
NHC  06L FRANCINE  20240911 1800 286N 0921W 040 072 0976 1009 0371 41 046 0167 0222 0130 0130 D 0093 0130 0074 0074 48 352N  903W 0065 0065 0037 0046 
NHC  06L FRANCINE  20240912 0000 296N 0909W 045 072 0980 1009 0371 36 028 0130 0222 0130 0093 D 0074 0130 0056 0056 48 357N  903W 0028 0028 -999 -999 
NHC  92L INVEST    20240912 0600 153N 0487W 275 051 1009 1012 0222 13 074 -999 -999 -999 -999 S -999 -999 -999 -999 -9 -99N -999W -999 -999 -999 -999 
NHC  06L FRANCINE  20240912 0600 302N 0903W 040 051 0988 1006 0334 23 111 0130 0241 0111 0037 D -999 -999 -999 -999 48 359N  902W -999 -999 -999 -999 
NHC  93E INVEST    20240912 1200 188N 1074W 325 031 1002 1006 0334 15 167 -999 -999 -999 -999 M -999 -999 -999 -999 -9 -99N -999W -999 -999 -999 -999 
NHC  09E NINE      20240912 1200 188N 1074W 325 031 1002 1006 0334 15 167 -999 -999 -999 -999 M -999 -999 -999 -999 -9 -99N -999W -999 -999 -999 -999 
NHC  06L FRANCINE  20240912 1200 319N 0901W 005 062 0995 1006 0334 15 148 -999 -999 -999 -999 M -999 -999 -999 -999 36 351N  903W -999 -999 -999 -999 
NHC  09E ILEANA    20240912 1800 195N 1077W 340 041 1001 1006 0315 18 148 0148 -999 -999 -999 M -999 -999 -999 -999 72 270N 1102W -999 -999 -999 -999 
NHC  06L FRANCINE  20240912 1800 334N 0897W 015 067 0996 1008 0426 10 130 -999 -999 -999 -999 M -999 -999 -999 -999 36 359N  906W -999 -999 -999 -999 
NHC  09E ILEANA    20240913 0000 206N 1083W 335 051 0999 1006 0334 21 111 0148 0111 -999 -999 M -999 -999 -999 -999 72 272N 1105W -999 -999 -999 -999 
NHC  06L FRANCINE  20240913 0000 347N 0905W 360 077 0998 1007 0426 10 111 -999 -999 -999 -999 M -999 -999 -999 -999 24 359N  905W -999 -999 -999 -999 
NHC  09E ILEANA    20240913 0600 212N 1087W 330 046 0999 1006 0334 21 074 0093 0093 -999 -999 M -999 -999 -999 -999 72 279N 1112W -999 -999 -999 -999 
NHC  06L FRANCINE  20240913 0600 354N 0909W 350 062 1001 1007 0426 13 111 -999 -999 -999 -999 S -999 -999 -999 -999 12 357N  914W -999 -999 -999 -999 
NHC  09E ILEANA    20240913 1200 219N 1091W 330 041 0999 1006 0334 21 074 0093 0093 -999 -999 M -999 -999 -999 -999 48 262N 1102W -999 -999 -999 -999 
NHC  06L FRANCINE  20240913 1200 359N 0915W 330 051 1005 1011 0315 08 074 -999 -999 -999 -999 S -999 -999 -999 -999 12 354N  919W -999 -999 -999 -999 
NHC  94L INVEST    20240913 1800 175N 0629W 285 057 1010 1012 0111 13 019 -999 -999 -999 -999 S -999 -999 -999 -999 -9 -99N -999W -999 -999 -999 -999 
NHC  09E ILEANA    20240913 1800 223N 1092W 335 031 1000 1008 0334 21 074 0093 0093 -999 -999 M -999 -999 -999 -999 48 267N 1107W -999 -999 -999 -999 
NHC  06L FRANCINE  20240913 1800 357N 0920W 310 026 1009 1011 0250 08 074 -999 -999 -999 -999 S -999 -999 -999 -999 12 353N  913W -999 -999 -999 -999 
NHC  09E ILEANA    20240914 0000 231N 1093W 355 036 1001 1007 0241 18 074 0093 0093 -999 -999 M -999 -999 -999 -999 48 266N 1106W -999 -999 -999 -999 
NHC  09E ILEANA    20240914 0600 239N 1092W 360 041 1003 1008 0130 18 074 0093 0093 -999 -999 M -999 -999 -999 -999 48 271N 1108W -999 -999 -999 -999 
NHC  09E ILEANA    20240914 1200 247N 1091W 005 041 1002 1008 0130 18 074 0093 0093 -999 -999 M -999 -999 -999 -999 48 274N 1112W -999 -999 -999 -999 
NHC  09E ILEANA    20240914 1800 253N 1089W 010 036 1002 1008 0130 18 074 0093 0093 -999 -999 M -999 -999 -999 -999 48 277N 1110W -999 -999 -999 -999 
NHC  09E ILEANA    20240915 0000 254N 1090W 005 026 1000 1007 0130 21 074 0093 0093 -999 0056 M -999 -999 -999 -999 36 272N 1105W -999 -999 -999 -999 
NHC  09E ILEANA    20240915 0000 254N 1090W 005 026 1000 1007 0130 21 037 0093 0093 -999 0056 M -999 -999 -999 -999 36 272N 1105W -999 -999 -999 -999 
NHC  09E ILEANA    20240915 0600 254N 1093W 300 010 1006 1009 0093 15 074 -999 -999 -999 -999 S -999 -999 -999 -999 36 274N 1108W -999 -999 -999 -999 
NHC  95L INVEST    20240915 1800 318N 0778W 310 031 1008 1012 0278 18 167 0278 -999 -999 0167 S -999 -999 -999 -999 -9 -99N -999W -999 -999 -999 -999 
NHC  08L INVEST    20240915 1800 318N 0778W 310 031 1008 1012 0278 18 167 0278 -999 -999 0167 S -999 -999 -999 -999 -9 -99N -999W -999 -999 -999 -999 
NHC  08L EIGHT     20240915 1800 318N 0778W 310 031 1006 1012 0278 21 130 0278 -999 -999 0167 S -999 -999 -999 -999 -9 -99N -999W -999 -999 -999 -999 
NHC  08L EIGHT     20240916 0000 321N 0778W 325 026 1006 1012 0278 21 111 0278 0093 -999 0167 S -999 -999 -999 -999 72 375N  815W -999 -999 -999 -999 
NHC  08L EIGHT     20240916 0600 322N 0781W 325 010 1005 1011 0222 21 111 0278 -999 0111 0167 S -999 -999 -999 -999 72 365N  805W -999 -999 -999 -999 
NHC  08L EIGHT     20240916 0600 321N 0781W 320 010 1005 1011 0222 21 111 0278 -999 0111 0167 S -999 -999 -999 -999 72 365N  805W -999 -999 -999 -999 
NHC  08L EIGHT     20240916 1200 328N 0782W 330 021 1005 1011 0222 23 111 0278 -999 0111 0130 M -999 -999 -999 -999 48 352N  810W -999 -999 -999 -999 
NHC  08L EIGHT     20240916 1800 334N 0785W 335 031 1006 1011 0222 18 111 0185 -999 -999 -999 M -999 -999 -999 -999 36 350N  807W -999 -999 -999 -999 
NHC  07L GORDON    20240918 0600 206N 0483W 030 026 1009 1011 0278 10 222 -999 -999 -999 -999 S -999 -999 -999 -999 -9 -99N -999W -999 -999 -999 -999 
NHC  07L GORDON    20240918 1200 215N 0479W 025 036 1009 1011 0278 10 222 -999 -999 -999 -999 S -999 -999 -999 -999 -9 -99N -999W -999 -999 -999 -999 
NHC  07L GORDON    20240918 1800 222N 0475W 025 046 1009 1011 0278 10 222 -999 -999 -999 -999 S -999 -999 -999 -999 -9 -99N -999W -999 -999 -999 -999 
NHC  07L GORDON    20240919 0000 231N 0469W 025 046 1009 1011 0278 10 222 -999 -999 -999 -999 S -999 -999 -999 -999 -9 -99N -999W -999 -999 -999 -999 
NHC  07L GORDON    20240919 0600 241N 0461W 030 051 1009 1011 0278 10 222 -999 -999 -999 -999 S -999 -999 -999 -999 -9 -99N -999W -999 -999 -999 -999 
NHC  96L INVEST    20240920 0000 246N 0553W 220 021 1007 1009 0278 13 111 -999 -999 -999 -999 S -999 -999 -999 -999 -9 -99N -999W -999 -999 -999 -999 
NHC  96L INVEST    20240920 0600 245N 0554W 230 010 1005 1007 0278 13 111 -999 -999 -999 -999 S -999 -999 -999 -999 -9 -99N -999W -999 -999 -999 -999 
NHC  96L INVEST    20240920 1200 243N 0553W 180 010 1006 1009 0445 13 334 -999 -999 -999 -999 S -999 -999 -999 -999 -9 -99N -999W -999 -999 -999 -999 
NHC  07L GORDON    20240920 1200 266N 0435W 110 041 1007 1009 0278 13 222 -999 -999 -999 -999 S -999 -999 -999 -999 -9 -99N -999W -999 -999 -999 -999 
NHC  96L INVEST    20240920 1800 245N 0554W 360 000 1006 1008 0445 13 334 -999 -999 -999 -999 S -999 -999 -999 -999 -9 -99N -999W -999 -999 -999 -999 
NHC  07L GORDON    20240920 1800 262N 0439W 165 026 1005 1008 0278 13 222 -999 -999 -999 -999 S -999 -999 -999 -999 -9 -99N -999W -999 -999 -999 -999 
NHC  96L INVEST    20240921 0000 253N 0549W 025 021 1006 1008 0445 13 334 -999 -999 -999 -999 S -999 -999 -999 -999 -9 -99N -999W -999 -999 -999 -999 
NHC  07L GORDON    20240921 0000 266N 0425W 100 026 1005 1008 0278 13 222 -999 -999 -999 -999 S -999 -999 -999 -999 -9 -99N -999W -999 -999 -999 -999 
NHC  96L INVEST    20240921 1200 256N 0552W 320 010 1008 1010 0445 13 334 -999 -999 -999 -999 S -999 -999 -999 -999 -9 -99N -999W -999 -999 -999 -999 
NHC  07L GORDON    20240921 1200 257N 0422W 175 026 1005 1008 0278 13 222 -999 -999 -999 -999 S -999 -999 -999 -999 -9 -99N -999W -999 -999 -999 -999 
NHC  96L INVEST    20240921 1800 260N 0554W 325 015 1007 1009 0445 13 334 -999 -999 -999 -999 S -999 -999 -999 -999 -9 -99N -999W -999 -999 -999 -999 
NHC  96L INVEST    20240922 0000 261N 0556W 320 015 1007 1009 0445 13 334 -999 -999 -999 -999 S -999 -999 -999 -999 -9 -99N -999W -999 -999 -999 -999 
NHC  94E INVEST    20240922 0000 127N 0990W 015 010 1008 1010 0371 13 111 -999 -999 -999 -999 S -999 -999 -999 -999 -9 -99N -999W -999 -999 -999 -999 
NHC  96L INVEST    20240922 0600 262N 0557W 320 015 1007 1009 0445 13 334 -999 -999 -999 -999 S -999 -999 -999 -999 -9 -99N -999W -999 -999 -999 -999 
NHC  94E INVEST    20240922 0600 129N 0988W 015 010 1008 1010 0371 13 111 -999 -999 -999 -999 S -999 -999 -999 -999 -9 -99N -999W -999 -999 -999 -999 
NHC  96L INVEST    20240922 1200 268N 0563W 315 021 1007 1009 0445 13 334 -999 -999 -999 -999 S -999 -999 -999 -999 -9 -99N -999W -999 -999 -999 -999 
NHC  94E INVEST    20240922 1200 139N 0985W 020 015 1005 1008 0334 13 074 -999 -999 -999 -999 S -999 -999 -999 -999 -9 -99N -999W -999 -999 -999 -999 
NHC  91C INVEST    20240922 1200 105N 1423W 275 036 1007 1012 0111 13 074 -999 -999 -999 -999 S -999 -999 -999 -999 -9 -99N -999W -999 -999 -999 -999 
NHC  97L INVEST    20240922 1800 153N 0832W 345 021 1007 1009 0334 10 222 -999 -999 -999 -999 S -999 -999 -999 -999 -9 -99N -999W -999 -999 -999 -999 
NHC  94E INVEST    20240922 1800 138N 0987W 005 010 1005 1008 0278 15 056 -999 -999 -999 -999 S -999 -999 -999 -999 -9 -99N -999W -999 -999 -999 -999 
NHC  91C INVEST    20240922 1800 107N 1423W 270 036 1008 1012 0232 13 074 -999 -999 -999 -999 S -999 -999 -999 -999 -9 -99N -999W -999 -999 -999 -999 
NHC  10E TEN       20240922 1800 138N 0987W 005 010 1005 1008 0278 15 056 -999 -999 -999 -999 S -999 -999 -999 -999 -9 -99N -999W -999 -999 -999 -999 
NHC  97L INVEST    20240923 0000 157N 0828W 350 021 1006 1008 0334 10 222 -999 -999 -999 -999 S -999 -999 -999 -999 -9 -99N -999W -999 -999 -999 -999 
NHC  91C INVEST    20240923 0000 107N 1433W 270 041 1008 1010 0185 13 074 -999 -999 -999 -999 S -999 -999 -999 -999 -9 -99N -999W -999 -999 -999 -999 
NHC  10E TEN       20240923 0000 139N 0986W 360 000 1003 1006 0278 15 056 -999 -999 -999 -999 S -999 -999 -999 -999 72 161N  941W -999 -999 -999 -999 
NHC  97L INVEST    20240923 0600 160N 0820W 005 021 1005 1008 0371 13 222 -999 -999 -999 -999 S -999 -999 -999 -999 -9 -99N -999W -999 -999 -999 -999 
NHC  91C INVEST    20240923 0600 115N 1422W 330 015 1009 1011 0222 13 093 -999 -999 -999 -999 S -999 -999 -999 -999 -9 -99N -999W -999 -999 -999 -999 
NHC  10E JOHN      20240923 0600 142N 0985W 015 005 1000 1006 0185 21 037 0056 0037 0037 0037 M -999 -999 -999 -999 72 163N  941W -999 -999 -999 -999 
NHC  97L INVEST    20240923 1200 172N 0818W 350 021 1004 1008 0371 13 222 -999 -999 -999 -999 S -999 -999 -999 -999 -9 -99N -999W -999 -999 -999 -999 
NHC  10E JOHN      20240923 1200 146N 0986W 360 015 0992 1006 0185 31 037 0074 0056 0056 0056 D 0037 -999 -999 -999 48 160N  970W -999 -999 -999 -999 
NHC  09L NINE      20240923 1200 172N 0818W 350 026 1004 1008 0371 13 222 -999 -999 -999 -999 S -999 -999 -999 -999 -9 -99N -999W -999 -999 -999 -999 
NHC  10E JOHN      20240923 1800 152N 0984W 005 026 0977 1006 0185 41 019 0074 0074 0056 0074 D 0037 0037 0028 0037 48 163N  974W 0019 0019 -999 0019 
NHC  09L NINE      20240923 1800 179N 0819W 350 031 1004 1008 0371 15 185 -999 -999 -999 -999 S -999 -999 -999 -999 72 271N  851W -999 -999 -999 -999 
NHC  10E JOHN      20240924 0000 159N 0986W 355 036 0962 1004 0185 51 019 0074 0074 0056 0074 D 0037 0037 0028 0037 36 167N  984W 0019 0019 -999 0019 
NHC  09L NINE      20240924 0000 182N 0821W 345 031 1002 1007 0278 15 185 -999 -999 -999 -999 S -999 -999 -999 -999 72 289N  845W -999 -999 -999 -999 
NHC  10E JOHN      20240924 0600 169N 0993W 325 041 0973 1004 0148 44 019 0056 0093 0074 0056 D 0019 0056 0037 0019 24 175N  991W -999 0019 -999 -999 
NHC  09L NINE      20240924 0600 186N 0827W 325 026 1002 1007 0278 15 185 -999 -999 -999 -999 S -999 -999 -999 -999 72 304N  839W -999 -999 -999 -999 
NHC  10E JOHN      20240924 1200 177N 1003W 310 057 0999 1006 0222 23 019 -999 0130 0130 -999 M -999 -999 -999 -999 72 181N 1013W -999 -999 -999 -999 
NHC  09L NINE      20240924 1200 194N 0837W 310 051 1000 1008 0445 21 185 0185 0222 -999 -999 S -999 -999 -999 -999 72 319N  835W -999 -999 -999 -999 
NHC  09L NINE      20240924 1200 194N 0837W 310 051 1000 1008 0445 15 185 -999 -999 -999 -999 S -999 -999 -999 -999 72 319N  835W -999 -999 -999 -999 
NHC  09L HELENE    20240924 1200 194N 0837W 310 051 1000 1008 0445 21 185 0185 0222 -999 -999 S -999 -999 -999 -999 72 319N  835W -999 -999 -999 -999 
NHC  09L HELENE    20240924 1800 194N 0846W 295 051 0998 1008 0556 21 222 0278 0278 -999 -999 M -999 -999 -999 -999 72 339N  839W -999 -999 -999 -999 
NHC  95E INVEST    20240925 0000 160N 1020W 285 015 1001 1004 0204 15 111 -999 -999 -999 -999 S -999 -999 -999 -999 -9 -99N -999W -999 -999 -999 -999 
NHC  09L HELENE    20240925 0000 198N 0854W 300 046 0991 1007 0463 26 167 0278 0278 -999 -999 M 0167 0167 -999 -999 72 355N  848W -999 -999 -999 -999 
NHC  09L HELENE    20240925 0000 198N 0853W 300 046 0991 1007 0463 26 167 0278 0278 -999 -999 M 0167 0167 -999 -999 72 355N  848W -999 -999 -999 -999 
NHC  99L INVEST    20240925 0600 373N 0585W 120 031 0996 1008 0445 26 093 0259 -999 0093 0222 S -999 -999 -999 0093 -9 -99N -999W -999 -999 -999 -999 
NHC  98L INVEST    20240925 0600 145N 0314W 280 072 1009 1011 0371 10 167 -999 -999 -999 -999 S -999 -999 -999 -999 -9 -99N -999W -999 -999 -999 -999 
NHC  95E INVEST    20240925 0600 158N 1026W 270 010 1001 1006 0204 15 093 -999 -999 -999 -999 M -999 -999 -999 -999 -9 -99N -999W -999 -999 -999 -999 
NHC  09L HELENE    20240925 0600 203N 0859W 305 046 0986 1006 0463 28 074 0278 0278 0093 0148 M 0111 0111 -999 -999 72 365N  865W -999 -999 -999 -999 
NHC  99L INVEST    20240925 1200 371N 0574W 145 031 0996 1008 0445 26 093 0259 -999 0093 0222 S -999 -999 -999 0093 -9 -99N -999W -999 -999 -999 -999 
NHC  98L INVEST    20240925 1200 147N 0330W 280 082 1009 1011 0371 10 167 -999 -999 -999 -999 S -999 -999 -999 -999 -9 -99N -999W -999 -999 -999 -999 
NHC  10E JOHN      20240925 1200 162N 1015W 080 010 1000 1005 0222 18 130 0074 0130 -999 -999 M -999 -999 -999 -999 -9 -99N -999W -999 -999 -999 -999 
NHC  09L HELENE    20240925 1200 211N 0862W 325 046 0979 1008 0667 31 056 0389 0445 0111 0167 M 0111 0111 -999 0074 72 370N  878W -999 -999 -999 -999 
NHC  99L INVEST    20240925 1800 370N 0560W 115 041 0998 1011 0445 23 111 0352 -999 0130 0259 S -999 -999 -999 -999 -9 -99N -999W -999 -999 -999 -999 
NHC  98L INVEST    20240925 1800 148N 0337W 280 067 1009 1011 0371 10 167 -999 -999 -999 -999 S -999 -999 -999 -999 -9 -99N -999W -999 -999 -999 -999 
NHC  10E JOHN      20240925 1800 167N 1015W 360 021 0996 1003 0222 23 074 0074 0241 0185 -999 M -999 -999 -999 -999 48 178N 1012W -999 -999 -999 -999 
NHC  09L HELENE    20240925 1800 220N 0864W 345 046 0978 1008 0667 39 037 0389 0556 0167 0222 D 0111 0111 0074 0074 72 369N  878W 0037 0037 -999 -999 
NHC  99L INVEST    20240926 0000 370N 0547W 090 051 0998 1011 0445 23 074 0352 0056 0093 0259 S -999 -999 -999 -999 -9 -99N -999W -999 -999 -999 -999 
NHC  98L INVEST    20240926 0000 149N 0356W 275 072 1009 1011 0371 10 185 -999 -999 -999 -999 S -999 -999 -999 -999 -9 -99N -999W -999 -999 -999 -999 
NHC  10L ISAAC     20240926 0000 370N 0547W 090 051 0997 1011 0445 23 074 0093 0074 0093 0093 S -999 -999 -999 -999 -9 -99N -999W -999 -999 -999 -999 
NHC  10E JOHN      20240926 0000 169N 1020W 325 021 0984 1003 0241 28 028 0074 0241 0204 0093 D -999 0028 0028 0037 48 182N 1021W -999 -999 -999 -999 
NHC  09L HELENE    20240926 0000 228N 0867W 360 046 0973 1008 0667 39 037 0389 0556 0167 0222 D 0111 0111 0074 0074 72 368N  887W 0037 0037 -999 -999 
NHC  98L INVEST    20240926 0600 150N 0367W 275 067 1009 1011 0371 10 167 -999 -999 -999 -999 S -999 -999 -999 -999 -9 -99N -999W -999 -999 -999 -999 
NHC  10L ISAAC     20240926 0600 371N 0534W 090 057 0997 1012 0593 23 074 0111 0093 0093 0111 S -999 -999 -999 -999 72 414N  358W -999 -999 -999 -999 
NHC  10E JOHN      20240926 0600 170N 1023W 315 021 0982 1003 0241 31 028 0074 0222 0111 0093 D -999 0028 0028 0019 48 184N 1032W -999 -999 -999 -999 
NHC  09L HELENE    20240926 0600 236N 0865W 355 041 0970 1008 0723 39 037 0408 0556 0185 0222 D 0111 0111 0074 0074 72 367N  870W 0037 0037 -999 -999 
NHC  09L HELENE    20240926 0600 236N 0865W 005 046 0970 1008 0723 39 093 0408 0556 0185 0222 D 0148 0148 0074 0074 72 367N  870W 0093 0093 -999 -999 
NHC  98L INVEST    20240926 1200 153N 0377W 280 051 1008 1011 0334 13 111 -999 -999 -999 -999 S -999 -999 -999 -999 -9 -99N -999W -999 -999 -999 -999 
NHC  10L ISAAC     20240926 1200 372N 0523W 085 051 0997 1014 0649 23 074 0111 0093 0093 0111 M -999 -999 -999 -999 72 418N  340W -999 -999 -999 -999 
NHC  10E JOHN      20240926 1200 174N 1026W 310 021 0979 1003 0241 33 019 0074 0222 0111 0093 D 0028 0028 0028 0028 48 197N 1047W 0019 0019 -999 -999 
NHC  09L HELENE    20240926 1200 247N 0859W 025 062 0960 1007 0723 44 074 0463 0556 0185 0222 D 0148 0148 0093 0093 72 363N  867W 0093 0093 -999 0074 
NHC  98L INVEST    20240926 1800 158N 0390W 285 057 1007 1011 0334 15 111 -999 -999 -999 -999 S -999 -999 -999 -999 -9 -99N -999W -999 -999 -999 -999 
NHC  10L ISAAC     20240926 1800 374N 0512W 080 046 0995 1010 0371 23 074 0056 0074 0093 0074 M -999 -999 -999 -999 72 423N  333W -999 -999 -999 -999 
NHC  10E JOHN      20240926 1800 175N 1027W 310 010 0979 1003 0241 33 019 0074 0241 0093 0093 D 0037 0056 0037 0037 48 198N 1054W 0019 0019 -999 -999 
NHC  09L HELENE    20240926 1800 267N 0849W 025 103 0958 1007 0723 54 056 0445 0500 0185 0222 D 0185 0185 0093 0093 72 362N  872W 0093 0093 0056 0074 
NHC  98L INVEST    20240927 0000 161N 0401W 285 057 1007 1011 0334 15 093 -999 -999 -999 -999 S -999 -999 -999 -999 -9 -99N -999W -999 -999 -999 -999 
NHC  10L ISAAC     20240927 0000 371N 0503W 100 046 0992 1010 0371 26 056 0056 0074 0093 0074 M -999 0056 -999 -999 72 430N  338W -999 -999 -999 -999 
NHC  10E JOHN      20240927 0000 178N 1031W 315 021 0984 1003 0241 31 019 0074 0259 0111 0074 D 0037 0056 0046 0037 48 198N 1060W -999 -999 -999 -999 
NHC  09L HELENE    20240927 0000 287N 0843W 020 108 0942 1006 0723 59 037 0445 0500 0185 0222 D 0185 0185 0093 0093 48 371N  870W 0093 0093 0056 0074 
NHC  98L INVEST    20240927 0600 170N 0416W 290 072 1007 1011 0334 15 093 -999 -999 -999 -999 S -999 -999 -999 -999 -9 -99N -999W -999 -999 -999 -999 
NHC  10L ISAAC     20240927 0600 370N 0492W 095 041 0985 1010 0371 31 037 0074 0111 0111 0111 M -999 0056 0056 -999 72 437N  351W -999 -999 -999 -999 
NHC  10E JOHN      20240927 0600 176N 1030W 315 010 0988 1003 0241 28 019 0074 0259 0111 0074 D 0037 0056 0046 0037 48 202N 1070W -999 -999 -999 -999 
NHC  09L HELENE    20240927 0600 313N 0833W 015 129 0956 1003 0723 41 056 0445 0500 0185 0111 D 0056 0093 0056 -999 48 369N  869W -999 0056 -999 -999 
NHC  98L INVEST    20240927 1200 178N 0424W 300 067 1007 1011 0334 18 093 0111 -999 -999 -999 M -999 -999 -999 -999 -9 -99N -999W -999 -999 -999 -999 
NHC  11L JOYCE     20240927 1200 178N 0424W 300 067 1007 1011 0334 18 093 0111 -999 -999 -999 M -999 -999 -999 -999 -9 -99N -999W -999 -999 -999 -999 
NHC  10L ISAAC     20240927 1200 371N 0477W 095 046 0981 1010 0371 33 028 0074 0111 0111 0111 D 0037 0074 0056 0037 72 440N  343W -999 0028 -999 -999 
NHC  10E JOHN      20240927 1200 180N 1029W 350 010 0993 1005 0241 26 037 0074 0259 0111 0074 D 0037 0056 0046 0037 48 203N 1076W -999 -999 -999 -999 
NHC  09L HELENE    20240927 1200 344N 0832W 360 154 0972 1008 0741 23 093 0222 0556 -999 -999 M -999 -999 -999 -999 48 367N  870W -999 -999 -999 -999 
NHC  11L JOYCE     20240927 1800 183N 0435W 305 057 1003 1011 0278 21 074 0111 -999 -999 0111 M -999 -999 -999 -999 72 226N  494W -999 -999 -999 -999 
NHC  11L JOYCE     20240927 1800 183N 0435W 305 057 1001 1011 0278 23 074 0111 -999 -999 0111 M -999 -999 -999 -999 72 226N  494W -999 -999 -999 -999 
NHC  10L ISAAC     20240927 1800 375N 0462W 080 072 0976 1011 0408 39 019 0074 0148 0130 0111 D 0037 0074 0056 0037 72 448N  330W -999 0028 0019 -999 
NHC  10E JOHN      20240927 1800 183N 1032W 330 015 1000 1006 0241 18 037 -999 0167 0111 -999 D -999 -999 -999 -999 48 204N 1083W -999 -999 -999 -999 
NHC  09L HELENE    20240927 1800 367N 0849W 330 088 0982 1008 0741 15 167 -999 -999 -999 -999 M -999 -999 -999 -999 48 375N  861W -999 -999 -999 -999 
NHC  11L JOYCE     20240928 0000 187N 0444W 295 051 1003 1012 0278 23 056 0111 -999 -999 0111 M -999 -999 -999 -999 72 220N  498W -999 -999 -999 -999 
NHC  11L JOYCE     20240928 0000 187N 0442W 300 051 1004 1012 0278 23 037 0074 0037 0037 0167 M -999 -999 -999 -999 72 220N  498W -999 -999 -999 -999 
NHC  10L ISAAC     20240928 0000 379N 0443W 075 072 0974 1012 0445 41 028 0093 0167 0130 0111 D 0037 0074 0056 0037 72 457N  327W -999 0037 0028 -999 
NHC  10L ISAAC     20240928 0000 379N 0443W 075 072 0973 1012 0445 41 028 0093 0241 0204 0093 D 0037 0083 0074 0046 72 457N  327W -999 0046 0037 -999 
NHC  09L HELENE    20240928 0000 381N 0866W 340 124 0987 1004 0519 13 445 -999 -999 -999 -999 M -999 -999 -999 -999 48 373N  870W -999 -999 -999 -999 
NHC  11L JOYCE     20240928 0600 193N 0449W 305 046 1004 1012 0278 23 037 0074 0037 0037 0167 M -999 -999 -999 -999 72 220N  497W -999 -999 -999 -999 
NHC  10L ISAAC     20240928 0600 388N 0422W 065 082 0968 1012 0445 46 028 0093 0241 0204 0093 D 0037 0083 0074 0046 72 469N  324W -999 0046 0037 -999 
NHC  09L HELENE    20240928 0600 374N 0880W 310 082 0992 1008 0602 10 445 -999 -999 -999 -999 M -999 -999 -999 -999 48 373N  859W -999 -999 -999 -999 
NHC  11L JOYCE     20240928 1200 198N 0456W 305 046 1004 1012 0278 23 037 0074 0037 0037 0167 M -999 -999 -999 -999 72 226N  497W -999 -999 -999 -999 
NHC  10L ISAAC     20240928 1200 397N 0404W 060 088 0968 1011 0741 46 028 0093 0241 0204 0093 D 0037 0083 0074 0046 72 480N  304W -999 0046 0037 -999 
NHC  09L HELENE    20240928 1200 366N 0876W 270 036 0997 1010 0667 08 222 -999 -999 -999 -999 M -999 -999 -999 -999 48 366N  859W -999 -999 -999 -999 
NHC  90L INVEST    20240928 1800 146N 0300W 270 062 1007 1010 0371 13 278 -999 -999 -999 -999 S -999 -999 -999 -999 -9 -99N -999W -999 -999 -999 -999 
NHC  11L JOYCE     20240928 1800 201N 0463W 300 041 1003 1012 0278 21 037 0111 0037 -999 0185 M -999 -999 -999 -999 72 231N  499W -999 -999 -999 -999 
NHC  10L ISAAC     20240928 1800 408N 0390W 045 082 0968 1007 0445 44 037 0315 0241 0241 0167 D 0093 0130 0148 0074 72 496N  287W 0046 0074 0074 0037 
NHC  90L INVEST    20240929 0000 138N 0312W 255 051 1007 1011 0408 13 278 -999 -999 -999 -999 S -999 -999 -999 -999 -9 -99N -999W -999 -999 -999 -999 
NHC  11L JOYCE     20240929 0000 207N 0471W 305 041 1004 1011 0222 21 037 0111 0037 -999 0167 M -999 -999 -999 -999 72 243N  491W -999 -999 -999 -999 
NHC  10L ISAAC     20240929 0000 417N 0380W 040 067 0971 1007 0445 39 037 0334 0241 0222 0297 D 0093 0130 0111 0111 72 504N  274W 0037 0074 0056 0037 
NHC  90L INVEST    20240929 0600 139N 0316W 270 041 1007 1010 0408 13 222 -999 -999 -999 -999 S -999 -999 -999 -999 -9 -99N -999W -999 -999 -999 -999 
NHC  11L JOYCE     20240929 0600 211N 0478W 305 041 1004 1010 0222 21 037 0167 0037 -999 0111 M -999 -999 -999 -999 72 262N  484W -999 -999 -999 -999 
NHC  10L ISAAC     20240929 0600 423N 0370W 045 062 0969 1007 0445 36 037 0334 0241 0222 0297 D 0093 0130 0111 0111 72 511N  263W 0037 0074 0056 0037 
NHC  90L INVEST    20240929 1200 133N 0317W 245 026 1007 1010 0408 15 167 -999 -999 -999 -999 S -999 -999 -999 -999 -9 -99N -999W -999 -999 -999 -999 
NHC  11L JOYCE     20240929 1200 213N 0483W 305 036 1005 1010 0222 21 037 0167 -999 -999 0093 M -999 -999 -999 -999 72 268N  481W -999 -999 -999 -999 
NHC  10L ISAAC     20240929 1200 429N 0362W 045 051 0971 1006 0445 33 065 0334 0241 0222 0297 D 0093 0130 0111 0111 72 520N  246W -999 0074 0074 -999 
NHC  90L INVEST    20240929 1800 138N 0321W 275 026 1006 1010 0408 15 111 -999 -999 -999 -999 S -999 -999 -999 -999 -9 -99N -999W -999 -999 -999 -999 
NHC  12L TWELVE    20240929 1800 138N 0321W 275 026 1006 1010 0408 15 111 -999 -999 -999 -999 S -999 -999 -999 -999 -9 -99N -999W -999 -999 -999 -999 
NHC  11L JOYCE     20240929 1800 220N 0489W 310 036 1006 1010 0222 18 056 0167 -999 -999 0093 M -999 -999 -999 -999 48 241N  493W -999 -999 -999 -999 
NHC  10L ISAAC     20240929 1800 435N 0355W 040 041 0973 1006 0445 31 065 0371 0241 0222 0297 D 0130 0167 0130 0111 72 528N  231W -999 -999 -999 -999 
NHC  12L TWELVE    20240930 0000 139N 0328W 280 031 1006 1010 0408 15 111 -999 -999 -999 -999 S -999 -999 -999 -999 72 174N  427W -999 -999 -999 -999 
NHC  11L JOYCE     20240930 0000 223N 0494W 310 026 1006 1010 0222 15 074 -999 -999 -999 -999 M -999 -999 -999 -999 48 250N  495W -999 -999 -999 -999 
NHC  10L ISAAC     20240930 0000 441N 0337W 055 062 0975 1006 0371 28 065 0371 0241 0222 0297 D 0130 0148 0130 0111 72 531N  223W -999 -999 -999 -999 
NHC  12L TWELVE    20240930 0600 139N 0336W 275 036 1005 1010 0426 15 093 -999 -999 -999 -999 M -999 -999 -999 -999 72 178N  433W -999 -999 -999 -999 
NHC  11L JOYCE     20240930 0600 221N 0496W 260 010 1006 1009 0278 15 074 -999 -999 -999 -999 M -999 -999 -999 -999 48 257N  496W -999 -999 -999 -999 
NHC  10L ISAAC     20240930 0600 445N 0320W 060 062 0975 1006 0371 28 093 0371 0241 0278 0352 D 0130 0148 0167 0111 72 544N  208W -999 -999 -999 -999 
NHC  12L TWELVE    20240930 1200 137N 0342W 265 036 1004 1010 0426 18 093 0093 -999 -999 -999 M -999 -999 -999 -999 72 184N  441W -999 -999 -999 -999 
NHC  12L KIRK      20240930 1200 134N 0343W 260 036 1001 1010 0426 23 093 0185 0148 0111 0148 M -999 -999 -999 -999 72 184N  441W -999 -999 -999 -999 
NHC  11L JOYCE     20240930 1200 223N 0494W 360 010 1006 1010 0222 15 074 -999 -999 -999 -999 S -999 -999 -999 -999 48 258N  495W -999 -999 -999 -999 
NHC  10L ISAAC     20240930 1200 446N 0300W 075 072 0983 1008 0371 26 130 0222 0278 0259 0297 M -999 0148 0148 -999 72 545N  200W -999 -999 -999 -999 
NHC  96E INVEST    20240930 1800 136N 0956W 235 015 1007 1010 0185 13 056 -999 -999 -999 -999 S -999 -999 -999 -999 -9 -99N -999W -999 -999 -999 -999 
NHC  91L INVEST    20240930 1800 101N 0241W 265 036 1008 1010 0278 13 167 -999 -999 -999 -999 S -999 -999 -999 -999 -9 -99N -999W -999 -999 -999 -999 
NHC  12L KIRK      20240930 1800 135N 0351W 270 041 0999 1010 0445 26 074 0185 0148 0111 0148 M 0074 0074 -999 -999 72 184N  444W -999 -999 -999 -999 
NHC  11L JOYCE     20240930 1800 225N 0489W 360 005 1006 1009 0222 15 074 -999 -999 -999 -999 S -999 -999 -999 -999 48 270N  491W -999 -999 -999 -999 
NHC  96E INVEST    20241001 0000 138N 0955W 030 005 1007 1010 0185 13 056 -999 -999 -999 -999 S -999 -999 -999 -999 -9 -99N -999W -999 -999 -999 -999 
NHC  91L INVEST    20241001 0000 102N 0244W 270 026 1008 1010 0278 13 130 -999 -999 -999 -999 S -999 -999 -999 -999 -9 -99N -999W -999 -999 -999 -999 
NHC  12L KIRK      20241001 0000 142N 0363W 285 051 0998 1010 0445 26 056 0185 0222 -999 0111 M 0074 -999 -999 -999 72 193N  453W -999 -999 -999 -999 
NHC  11L JOYCE     20241001 0000 228N 0489W 010 015 1006 1010 0222 15 074 -999 -999 -999 -999 S -999 -999 -999 -999 36 265N  489W -999 -999 -999 -999 
NHC  96E INVEST    20241001 0600 138N 0954W 090 005 1007 1009 0185 13 056 -999 -999 -999 -999 S -999 -999 -999 -999 -9 -99N -999W -999 -999 -999 -999 
NHC  91L INVEST    20241001 0600 102N 0249W 270 026 1007 1009 0278 13 130 -999 -999 -999 -999 S -999 -999 -999 -999 -9 -99N -999W -999 -999 -999 -999 
NHC  12L KIRK      20241001 0600 147N 0375W 295 062 0998 1009 0463 26 046 0259 0241 -999 0185 M 0056 -999 -999 -999 72 204N  462W -999 -999 -999 -999 
NHC  97E INVEST    20241001 1200 140N 0988W 090 021 1008 1009 0167 13 111 -999 -999 -999 -999 S -999 -999 -999 -999 -9 -99N -999W -999 -999 -999 -999 
NHC  96E INVEST    20241001 1200 145N 0949W 035 021 1007 1009 0185 13 056 -999 -999 -999 -999 S -999 -999 -999 -999 -9 -99N -999W -999 -999 -999 -999 
NHC  96E INVEST    20241001 1200 143N 0954W 015 010 1007 1009 0185 13 056 -999 -999 -999 -999 S -999 -999 -999 -999 -9 -99N -999W -999 -999 -999 -999 
NHC  91L INVEST    20241001 1200 106N 0256W 285 031 1007 1010 0185 13 093 -999 -999 -999 -999 S -999 -999 -999 -999 -9 -99N -999W -999 -999 -999 -999 
NHC  12L KIRK      20241001 1200 150N 0387W 290 062 0992 1009 0519 28 056 0315 0241 0130 0204 M 0093 -999 -999 0074 72 211N  471W -999 -999 -999 -999 
NHC  12L KIRK      20241001 1200 150N 0387W 290 062 0988 1009 0519 31 074 0315 0241 0130 0204 M 0093 -999 -999 0074 72 211N  471W -999 -999 -999 -999 
NHC  97E INVEST    20241001 1800 138N 0987W 105 015 1008 1010 0167 13 111 -999 -999 -999 -999 S -999 -999 -999 -999 -9 -99N -999W -999 -999 -999 -999 
NHC  96E INVEST    20241001 1800 149N 0946W 040 026 1006 1009 0185 15 046 -999 -999 -999 -999 M -999 -999 -999 -999 -9 -99N -999W -999 -999 -999 -999 
NHC  91L INVEST    20241001 1800 106N 0259W 280 026 1007 1010 0185 15 111 -999 -999 -999 -999 S -999 -999 -999 -999 -9 -99N -999W -999 -999 -999 -999 
NHC  12L KIRK      20241001 1800 159N 0397W 300 062 0986 1009 0519 33 046 0315 0315 0130 0241 M 0111 0074 -999 0074 72 216N  483W 0046 -999 -999 -999 
NHC  11E ELEVEN    20241001 1800 149N 0946W 040 026 1006 1009 0185 15 046 -999 -999 -999 -999 M -999 -999 -999 -999 -9 -99N -999W -999 -999 -999 -999 
NHC  97E INVEST    20241002 0000 139N 0991W 180 000 1008 1010 0167 13 111 -999 -999 -999 -999 S -999 -999 -999 -999 -9 -99N -999W -999 -999 -999 -999 
NHC  91L INVEST    20241002 0000 107N 0267W 285 031 1007 1010 0185 15 111 -999 -999 -999 -999 S -999 -999 -999 -999 -9 -99N -999W -999 -999 -999 -999 
NHC  12L KIRK      20241002 0000 164N 0404W 310 057 0986 1009 0519 33 046 0315 0315 0130 0241 M 0111 0074 -999 0074 72 229N  490W 0046 -999 -999 -999 
NHC  11E ELEVEN    20241002 0000 154N 0946W 360 026 1006 1009 0185 15 046 -999 -999 -999 -999 M -999 -999 -999 -999 48 171N  946W -999 -999 -999 -999 
NHC  97E INVEST    20241002 0600 139N 0995W 270 015 1007 1009 0167 13 111 -999 -999 -999 -999 S -999 -999 -999 -999 -9 -99N -999W -999 -999 -999 -999 
NHC  91L INVEST    20241002 0600 106N 0277W 270 046 1007 1010 0204 15 111 -999 -999 -999 -999 S -999 -999 -999 -999 -9 -99N -999W -999 -999 -999 -999 
NHC  12L KIRK      20241002 0600 172N 0417W 305 062 0984 1009 0519 36 046 0315 0315 0130 0222 D 0111 0074 -999 0074 72 240N  493W 0046 -999 -999 -999 
NHC  11E ELEVEN    20241002 0600 153N 0955W 310 026 1006 1009 0185 15 046 -999 -999 -999 -999 M -999 -999 -999 -999 36 170N  949W -999 -999 -999 -999 
NHC  97E INVEST    20241002 1200 130N 0965W 115 046 1007 1009 0111 13 093 -999 -999 -999 -999 S -999 -999 -999 -999 -9 -99N -999W -999 -999 -999 -999 
NHC  13L THIRTEEN  20241002 1200 106N 0288W 270 051 1006 1010 0222 15 093 -999 -999 -999 -999 S -999 -999 -999 -999 -9 -99N -999W -999 -999 -999 -999 
NHC  12L KIRK      20241002 1200 177N 0426W 305 057 0980 1009 0519 39 037 0315 0334 0130 0222 D 0111 0093 0074 0093 72 253N  502W 0056 -999 -999 0046 
NHC  11E ELEVEN    20241002 1200 151N 0957W 265 021 1005 1009 0185 15 046 -999 -999 -999 -999 M -999 -999 -999 -999 48 161N  975W -999 -999 -999 -999 
NHC  13L THIRTEEN  20241002 1800 105N 0293W 265 046 1006 1010 0222 15 093 -999 -999 -999 -999 S -999 -999 -999 -999 72 117N  358W -999 -999 -999 -999 
NHC  12L KIRK      20241002 1800 186N 0436W 305 067 0980 1009 0482 41 037 0352 0352 0148 0241 D 0148 0093 0074 0111 72 267N  505W 0056 0037 0028 0046 
NHC  11E ELEVEN    20241002 1800 143N 0964W 220 031 1004 1008 0185 15 046 -999 -999 -999 -999 M -999 -999 -999 -999 48 160N  975W -999 -999 -999 -999 
NHC  13L THIRTEEN  20241003 0000 104N 0298W 265 026 1005 1010 0222 18 074 0093 -999 -999 -999 M -999 -999 -999 -999 72 118N  364W -999 -999 -999 -999 
NHC  13L LESLIE    20241003 0000 104N 0298W 265 026 1005 1010 0222 18 074 0093 -999 -999 -999 M -999 -999 -999 -999 72 118N  364W -999 -999 -999 -999 
NHC  12L KIRK      20241003 0000 193N 0442W 310 057 0955 1009 0482 54 037 0352 0352 0148 0241 D 0148 0093 0074 0111 72 285N  506W 0056 0037 0028 0046 
NHC  11E ELEVEN    20241003 0000 141N 0967W 225 021 1004 1008 0185 15 046 -999 -999 -999 -999 M -999 -999 -999 -999 48 160N  969W -999 -999 -999 -999 
NHC  13L LESLIE    20241003 0600 103N 0302W 260 026 1005 1010 0222 18 074 0093 -999 -999 -999 M -999 -999 -999 -999 72 122N  370W -999 -999 -999 -999 
NHC  12L KIRK      20241003 0600 196N 0447W 315 041 0955 1008 0556 54 037 0297 0278 0148 0222 D 0111 0093 0056 0074 72 300N  501W 0056 0046 0028 0037 
NHC  11E ELEVEN    20241003 0600 144N 0962W 045 010 1004 1008 0185 15 046 -999 -999 -999 -999 M -999 -999 -999 -999 48 168N  966W -999 -999 -999 -999 
NHC  98E INVEST    20241003 1200 131N 1346W 360 000 1008 1010 0222 13 111 -999 -999 -999 -999 S -999 -999 -999 -999 -9 -99N -999W -999 -999 -999 -999 
NHC  13L LESLIE    20241003 1200 102N 0306W 255 021 1005 1012 0222 18 074 0093 -999 -999 -999 M -999 -999 -999 -999 72 127N  376W -999 -999 -999 -999 
NHC  13L LESLIE    20241003 1200 101N 0306W 255 021 1002 1012 0222 21 074 0074 0056 0056 0056 M -999 -999 -999 -999 72 127N  376W -999 -999 -999 -999 
NHC  12L KIRK      20241003 1200 201N 0455W 310 041 0948 1008 0556 57 037 0297 0278 0148 0222 D 0111 0093 0056 0074 72 313N  493W 0056 0046 0028 0037 
NHC  11E ELEVEN    20241003 1200 150N 0957W 045 026 1004 1008 0185 15 046 -999 -999 -999 -999 M -999 -999 -999 -999 36 175N  957W -999 -999 -999 -999 
NHC  98E INVEST    20241003 1800 130N 1348W 360 000 1008 1010 0222 13 111 -999 -999 -999 -999 S -999 -999 -999 -999 -9 -99N -999W -999 -999 -999 -999 
NHC  13L LESLIE    20241003 1800 101N 0312W 260 026 1001 1011 0222 23 056 0074 0056 0056 0056 M -999 -999 -999 -999 72 133N  382W -999 -999 -999 -999 
NHC  12L KIRK      20241003 1800 207N 0463W 310 046 0948 1008 0556 57 037 0297 0278 0148 0222 D 0111 0093 0056 0074 72 330N  481W 0056 0046 0028 0037 
NHC  11E ELEVEN    20241003 1800 154N 0946W 360 041 1006 1008 0185 18 093 -999 -999 -999 0093 M -999 -999 -999 -999 36 182N  955W -999 -999 -999 -999 
NHC  98E INVEST    20241004 0000 130N 1350W 270 005 1008 1010 0222 13 111 -999 -999 -999 -999 S -999 -999 -999 -999 -9 -99N -999W -999 -999 -999 -999 
NHC  13L LESLIE    20241004 0000 099N 0317W 265 026 1001 1011 0222 23 056 0074 0056 0093 0093 M -999 -999 -999 -999 72 137N  390W -999 -999 -999 -999 
NHC  12L KIRK      20241004 0000 211N 0471W 305 046 0940 1008 0556 62 037 0297 0278 0148 0222 D 0111 0093 0056 0074 72 352N  468W 0056 0046 0028 0037 
NHC  98E INVEST    20241004 0600 132N 1341W 075 015 1009 1012 0222 10 111 -999 -999 -999 -999 S -999 -999 -999 -999 -9 -99N -999W -999 -999 -999 -999 
NHC  13L LESLIE    20241004 0600 097N 0322W 265 026 0997 1011 0445 26 046 0074 0056 0093 0093 M -999 -999 -999 0046 72 140N  395W -999 -999 -999 -999 
NHC  12L KIRK      20241004 0600 219N 0478W 310 046 0934 1008 0556 64 037 0315 0315 0204 0241 D 0148 0111 0093 0093 72 373N  447W 0056 0056 0037 0046 
NHC  98E INVEST    20241004 1200 135N 1340W 045 015 1009 1012 0222 10 111 -999 -999 -999 -999 S -999 -999 -999 -999 -9 -99N -999W -999 -999 -999 -999 
NHC  13L LESLIE    20241004 1200 099N 0327W 280 026 0996 1013 0445 28 037 0074 0056 0093 0093 M 0037 -999 -999 0037 72 145N  401W -999 -999 -999 -999 
NHC  12L KIRK      20241004 1200 225N 0486W 315 051 0938 1008 0556 62 037 0315 0315 0204 0241 D 0148 0111 0093 0093 72 398N  420W 0056 0056 0037 0046 
NHC  98E INVEST    20241004 1800 139N 1341W 360 021 1009 1012 0222 10 111 -999 -999 -999 -999 S -999 -999 -999 -999 -9 -99N -999W -999 -999 -999 -999 
NHC  13L LESLIE    20241004 1800 102N 0333W 290 031 0993 1011 0389 31 037 0093 0074 0093 0111 D 0037 0019 0019 0037 72 153N  409W -999 -999 -999 -999 
NHC  12L KIRK      20241004 1800 233N 0491W 325 051 0943 1008 0556 59 037 0352 0315 0222 0259 D 0167 0167 0111 0093 72 409N  393W 0056 0056 0037 0046 
NHC  98E INVEST    20241005 0000 138N 1347W 315 015 1009 1012 0222 10 111 -999 -999 -999 -999 S -999 -999 -999 -999 -9 -99N -999W -999 -999 -999 -999 
NHC  92L INVEST    20241005 0000 220N 0955W 345 021 1009 1011 0371 13 111 -999 -999 -999 -999 S -999 -999 -999 -999 -9 -99N -999W -999 -999 -999 -999 
NHC  92L INVEST    20241005 0000 220N 0955W 345 021 1009 1011 0334 13 111 -999 -999 -999 -999 S -999 -999 -999 -999 -9 -99N -999W -999 -999 -999 -999 
NHC  13L LESLIE    20241005 0000 103N 0339W 290 031 0989 1011 0389 33 019 0093 0074 0093 0111 D 0037 0019 0019 0037 72 163N  416W 0019 -999 -999 -999 
NHC  12L KIRK      20241005 0000 243N 0497W 330 057 0943 1008 0556 59 037 0352 0334 0222 0259 D 0185 0185 0111 0111 72 420N  360W 0074 0074 0037 0046 
NHC  92L INVEST    20241005 0600 211N 0952W 335 005 1009 1011 0278 15 093 -999 -999 -999 -999 S -999 -999 -999 -999 -9 -99N -999W -999 -999 -999 -999 
NHC  13L LESLIE    20241005 0600 105N 0345W 285 031 0985 1011 0445 36 019 0093 0074 0093 0111 D 0037 0019 0019 0037 72 169N  424W 0019 -999 -999 0019 
NHC  12L KIRK      20241005 0600 254N 0501W 340 057 0945 1008 0556 57 028 0352 0334 0222 0259 D 0185 0185 0111 0111 72 432N  322W 0093 0074 0037 0056 
NHC  92L INVEST    20241005 1200 219N 0952W 355 015 1007 1010 0278 15 093 -999 -999 -999 -999 S -999 -999 -999 -999 -9 -99N -999W -999 -999 -999 -999 
NHC  14L FOURTEEN  20241005 1200 219N 0952W 355 015 1007 1010 0278 15 093 -999 -999 -999 -999 S -999 -999 -999 -999 -9 -99N -999W -999 -999 -999 -999 
NHC  13L LESLIE    20241005 1200 109N 0350W 295 031 0985 1011 0445 36 019 0093 0074 0093 0111 D 0037 0019 0019 0037 72 174N  431W 0019 -999 -999 0019 
NHC  12L KIRK      20241005 1200 267N 0504W 345 062 0949 1008 0500 54 028 0371 0352 0222 0278 D 0185 0185 0111 0130 72 434N  288W 0093 0074 0037 0056 
NHC  14L MILTON    20241005 1800 225N 0955W 360 010 1006 1011 0259 18 037 0037 0056 0056 0037 M -999 -999 -999 -999 72 243N  876W -999 -999 -999 -999 
NHC  13L LESLIE    20241005 1800 114N 0357W 300 036 0985 1011 0445 36 019 0167 0074 0074 0148 D 0056 0037 0019 0056 72 178N  440W 0028 -999 -999 0028 
NHC  12L KIRK      20241005 1800 287N 0502W 355 082 0949 1008 0500 54 028 0371 0352 0259 0259 D 0185 0185 0130 0148 72 435N  245W 0093 0074 0037 0056 
NHC  14L MILTON    20241006 0000 229N 0953W 025 021 1006 1010 0259 18 037 0037 0056 0056 0037 M -999 -999 -999 -999 72 248N  872W -999 -999 -999 -999 
NHC  13L LESLIE    20241006 0000 121N 0366W 310 046 0985 1011 0445 36 019 0148 0093 0074 0130 D 0056 0037 0019 0056 72 187N  450W 0028 -999 -999 0028 
NHC  12L KIRK      20241006 0000 304N 0497W 005 088 0951 1007 0463 51 028 0371 0352 0259 0259 D 0185 0185 0130 0148 72 443N  196W 0093 0074 0037 0056 
NHC  14L MILTON    20241006 0600 230N 0951W 040 015 1005 1010 0259 21 037 0037 0056 0056 0037 M -999 -999 -999 -999 72 253N  864W -999 -999 -999 -999 
NHC  13L LESLIE    20241006 0600 126N 0371W 310 046 0985 1011 0445 36 019 0148 0093 0074 0130 D 0056 0037 0037 0056 72 195N  463W 0028 -999 -999 0028 
NHC  12L KIRK      20241006 0600 326N 0495W 010 103 0955 1005 0463 49 028 0371 0371 0297 0297 D 0185 0204 0148 0167 72 441N  151W 0093 0111 0056 0074 
NHC  14L MILTON    20241006 1200 225N 0948W 090 010 0991 1010 0278 26 037 0056 0093 0056 0056 M -999 0037 -999 -999 72 260N  853W -999 -999 -999 -999 
NHC  13L LESLIE    20241006 1200 130N 0376W 310 041 0982 1011 0445 41 019 0148 0093 0074 0130 D 0056 0037 0037 0056 72 202N  466W 0028 -999 -999 0028 
NHC  12L KIRK      20241006 1200 347N 0485W 020 113 0960 1005 0445 44 037 0371 0371 0297 0297 D 0185 0204 0148 0167 72 455N  100W 0093 0111 0056 0074 
NHC  99E INVEST    20241006 1800 169N 1037W 300 031 1009 1011 0167 13 074 -999 -999 -999 -999 S -999 -999 -999 -999 -9 -99N -999W -999 -999 -999 -999 
NHC  14L MILTON    20241006 1800 225N 0941W 100 021 0987 1010 0278 36 028 0093 0130 0111 0093 D 0037 0056 0056 0056 72 265N  840W -999 0037 0028 -999 
NHC  14L MILTON    20241006 1800 225N 0940W 100 026 0988 1010 0278 36 028 0093 0130 0093 0093 D 0037 0056 0037 0056 72 265N  840W -999 0037 0028 -999 
NHC  13L LESLIE    20241006 1800 137N 0382W 315 041 0982 1011 0445 41 019 0148 0093 0074 0185 D 0056 0037 0037 0074 72 204N  471W 0028 -999 -999 0028 
NHC  12L KIRK      20241006 1800 362N 0473W 030 103 0959 1003 0445 41 130 0482 0445 0352 0389 D 0297 0278 0204 0204 72 467N   60W 0148 0185 0167 0111 
NHC  99E INVEST    20241007 0000 170N 1040W 295 026 1008 1010 0204 15 074 -999 -999 -999 -999 S -999 -999 -999 -999 -9 -99N -999W -999 -999 -999 -999 
NHC  14L MILTON    20241007 0000 225N 0934W 090 031 0981 1009 0278 39 028 0111 0130 0130 0130 D 0056 0056 0074 0074 72 270N  831W -999 0037 0037 -999 
NHC  13L LESLIE    20241007 0000 146N 0390W 320 046 0980 1010 0334 41 019 0167 0093 0074 0185 D 0056 0037 0037 0074 72 212N  477W 0028 0019 0019 0028 
NHC  12L KIRK      20241007 0000 379N 0447W 045 113 0964 1003 0445 36 130 0482 0500 0352 0389 D 0297 0278 0204 0204 72 471N   26W 0148 0185 0167 0111 
NHC  99E INVEST    20241007 0600 171N 1043W 295 021 1008 1010 0204 15 074 -999 -999 -999 -999 S -999 -999 -999 -999 -9 -99N -999W -999 -999 -999 -999 
NHC  14L MILTON    20241007 0600 222N 0929W 105 031 0975 1009 0278 41 028 0111 0130 0130 0130 D 0056 0056 0074 0074 72 275N  823W -999 0037 0037 -999 
NHC  14L MILTON    20241007 0600 222N 0929W 105 031 0972 1009 0278 46 028 0111 0130 0130 0130 D 0056 0056 0074 0074 72 275N  823W -999 0037 0037 -999 
NHC  13L LESLIE    20241007 0600 152N 0400W 315 057 0980 1010 0334 41 019 0148 0111 0074 0167 D 0056 0037 0037 0074 72 219N  482W 0028 0019 0019 0028 
NHC  12L KIRK      20241007 0600 395N 0424W 050 134 0966 1003 0445 33 130 0482 0500 0352 0389 D 0297 0278 0204 0204 72 481N   37E -999 0185 0167 -999 
NHC  99E INVEST    20241007 1200 173N 1052W 285 031 1007 1009 0204 15 074 -999 -999 -999 -999 S -999 -999 -999 -999 -9 -99N -999W -999 -999 -999 -999 
NHC  14L MILTON    20241007 1200 218N 0922W 110 031 0945 1009 0278 57 019 0130 0130 0130 0130 D 0074 0074 0074 0074 72 281N  817W 0037 0046 0046 0037 
NHC  14L MILTON    20241007 1200 218N 0922W 110 031 0943 1009 0278 62 019 0130 0130 0130 0130 D 0074 0074 0074 0074 72 281N  817W 0037 0046 0046 0037 
NHC  13L LESLIE    20241007 1200 160N 0408W 315 057 0985 1011 0315 39 019 0148 0111 0074 0167 D 0056 0037 0037 0074 72 224N  489W 0028 0019 0019 0028 
NHC  12L KIRK      20241007 1200 412N 0399W 045 129 0963 1002 0482 33 130 0463 0500 0389 0371 D 0259 0278 0204 0204 48 439N  115W -999 0148 0148 -999 
NHC  99E INVEST    20241007 1800 177N 1058W 300 036 1007 1009 0204 15 074 -999 -999 -999 -999 S -999 -999 -999 -999 -9 -99N -999W -999 -999 -999 -999 
NHC  14L MILTON    20241007 1800 217N 0913W 100 036 0909 1006 0278 77 009 0130 0130 0130 0130 D 0056 0065 0065 0074 72 292N  801W 0037 0046 0046 0037 
NHC  13L LESLIE    20241007 1800 170N 0417W 315 062 0988 1011 0315 36 019 0148 0111 0074 0167 D 0056 0037 0037 0074 72 231N  491W 0028 0019 0019 0028 
NHC  99E INVEST    20241008 0000 184N 1056W 315 026 1007 1009 0204 15 074 -999 -999 -999 -999 S -999 -999 -999 -999 -9 -99N -999W -999 -999 -999 -999 
NHC  14L MILTON    20241008 0000 218N 0904W 090 041 0901 1005 0259 77 009 0130 0130 0130 0130 D 0056 0065 0065 0074 72 292N  795W 0037 0046 0046 0037 
NHC  99E INVEST    20241008 0600 187N 1064W 320 031 1007 1009 0204 15 074 -999 -999 -999 -999 S -999 -999 -999 -999 -9 -99N -999W -999 -999 -999 -999 
NHC  14L MILTON    20241008 0600 221N 0893W 075 051 0924 1004 0371 69 019 0167 0148 0148 0167 D 0083 0074 0074 0083 72 294N  776W 0046 0046 0046 0046 
NHC  13L LESLIE    20241008 0600 185N 0438W 310 067 0988 1011 0315 33 028 0148 0111 0074 0167 D 0056 0037 0037 0074 72 250N  500W 0028 -999 -999 0028 
NHC  99E INVEST    20241008 1200 192N 1065W 335 026 1006 1009 0204 15 074 -999 -999 -999 -999 S -999 -999 -999 -999 -9 -99N -999W -999 -999 -999 -999 
NHC  14L MILTON    20241008 1200 225N 0888W 065 041 0929 1004 0445 67 019 0167 0148 0148 0167 D 0083 0083 0083 0083 72 297N  765W 0046 0046 0046 0046 
NHC  13L LESLIE    20241008 1200 190N 0451W 305 067 0994 1012 0334 31 028 0148 0111 0074 0167 D 0056 0037 0037 0074 72 250N  498W -999 -999 -999 -999 
NHC  99E INVEST    20241008 1800 195N 1070W 315 026 1006 1009 0204 15 074 -999 -999 -999 -999 S -999 -999 -999 -999 -9 -99N -999W -999 -999 -999 -999 
NHC  14L MILTON    20241008 1800 225N 0881W 070 036 0920 1005 0445 72 019 0148 0148 0148 0167 D 0083 0083 0083 0083 72 297N  749W 0046 0046 0046 0046 
NHC  13L LESLIE    20241008 1800 197N 0461W 305 062 0992 1012 0315 33 028 0130 0111 0074 0167 D 0056 0056 0037 0074 72 263N  489W 0028 -999 -999 -999 
NHC  99E INVEST    20241009 0000 197N 1075W 305 026 1006 1009 0204 15 074 -999 -999 -999 -999 S -999 -999 -999 -999 -9 -99N -999W -999 -999 -999 -999 
NHC  93L INVEST    20241009 0000 283N 0730W 065 082 0999 1005 0278 21 074 -999 0185 -999 -999 S -999 -999 -999 -999 -9 -99N -999W -999 -999 -999 -999 
NHC  14L MILTON    20241009 0000 230N 0869W 065 051 0908 1006 0556 75 019 0148 0148 0148 0222 D 0083 0083 0083 0083 72 290N  750W 0046 0046 0046 0046 
NHC  13L LESLIE    20241009 0000 204N 0467W 310 057 0987 1013 0259 36 028 0130 0111 0074 0167 D 0056 0056 0037 0074 72 274N  483W 0028 -999 -999 0028 
NHC  99E INVEST    20241009 0600 199N 1078W 300 026 1007 1009 0204 13 056 -999 -999 -999 -999 S -999 -999 -999 -999 -9 -99N -999W -999 -999 -999 -999 
NHC  93L INVEST    20241009 0600 291N 0718W 060 077 0999 1005 0278 21 074 -999 0185 -999 -999 S -999 -999 -999 -999 -9 -99N -999W -999 -999 -999 -999 
NHC  14L MILTON    20241009 0600 238N 0859W 050 062 0908 1006 0556 72 019 0185 0185 0185 0204 D 0083 0093 0093 0093 72 294N  720W 0046 0046 0046 0046 
NHC  13L LESLIE    20241009 0600 209N 0475W 310 051 0987 1013 0259 36 028 0130 0111 0074 0167 D 0056 0056 0037 0074 72 290N  470W 0028 -999 -999 0028 
NHC  99E INVEST    20241009 1200 202N 1080W 310 021 1008 1010 0204 13 074 -999 -999 -999 -999 S -999 -999 -999 -999 -9 -99N -999W -999 -999 -999 -999 
NHC  93L INVEST    20241009 1200 298N 0703W 055 072 1000 1009 0315 21 093 -999 0204 -999 -999 S -999 -999 -999 -999 -9 -99N -999W -999 -999 -999 -999 
NHC  14L MILTON    20241009 1200 250N 0848W 040 072 0920 1009 0649 69 019 0259 0222 0241 0278 D 0093 0093 0093 0074 72 297N  692W 0056 0056 0056 0046 
NHC  13L LESLIE    20241009 1200 214N 0482W 305 046 0985 1014 0241 39 028 0167 0111 0111 0148 D 0074 0056 0046 0065 72 300N  461W 0037 -999 -999 -999 
NHC  99E INVEST    20241009 1800 205N 1082W 330 021 1009 1010 0204 13 093 -999 -999 -999 -999 S -999 -999 -999 -999 -9 -99N -999W -999 -999 -999 -999 
NHC  93L INVEST    20241009 1800 301N 0685W 075 082 1000 1009 0315 21 167 0222 0334 -999 0111 S -999 -999 -999 -999 -9 -99N -999W -999 -999 -999 -999 
NHC  14L MILTON    20241009 1800 263N 0839W 035 077 0944 1009 0630 59 019 0334 0315 0204 0408 D 0111 0111 0130 0167 72 299N  689W 0056 0056 0056 0056 
NHC  13L LESLIE    20241009 1800 219N 0488W 310 041 0982 1014 0241 41 028 0111 0111 0111 0111 D 0056 0046 0056 0056 72 311N  442W 0037 -999 -999 0037 
NHC  99E INVEST    20241010 0000 207N 1088W 300 021 1009 1010 0185 13 074 -999 -999 -999 -999 S -999 -999 -999 -999 -9 -99N -999W -999 -999 -999 -999 
NHC  93L INVEST    20241010 0000 303N 0665W 075 082 1000 1009 0315 21 148 0222 0334 -999 0111 S -999 -999 -999 -999 -9 -99N -999W -999 -999 -999 -999 
NHC  14L MILTON    20241010 0000 272N 0827W 060 072 0954 1008 0575 54 019 0334 0315 0204 0408 D 0111 0111 0130 0167 72 299N  677W 0056 0056 0056 0056 
NHC  13L LESLIE    20241010 0000 223N 0490W 315 036 0972 1014 0241 46 019 0111 0111 0111 0111 D 0074 0046 0056 0056 72 319N  432W 0037 0028 0019 0037 
NHC  14L MILTON    20241010 0600 282N 0813W 050 082 0975 1008 0556 41 056 0334 0315 0204 0334 D 0111 0111 0130 0148 72 295N  650W 0056 0056 -999 -999 
NHC  13L LESLIE    20241010 0600 226N 0496W 315 026 0972 1014 0241 46 019 0130 0130 0111 0130 D 0074 0046 0056 0056 72 330N  416W 0037 0028 0019 0037 
NHC  94L INVEST    20241010 1200 140N 0189W 280 088 1008 1012 0371 13 222 -999 -999 -999 -999 S -999 -999 -999 -999 -9 -99N -999W -999 -999 -999 -999 
NHC  14L MILTON    20241010 1200 289N 0795W 060 082 0983 1010 0575 36 111 0500 0334 0222 0371 D 0111 0148 0148 0167 72 306N  601W -999 -999 -999 0111 
NHC  13L LESLIE    20241010 1200 229N 0502W 300 031 0977 1014 0241 44 019 0130 0130 0111 0130 D 0074 0046 0056 0056 72 342N  387W 0028 0028 0019 0028 
NHC  94L INVEST    20241010 1800 144N 0206W 285 082 1007 1011 0352 13 222 -999 -999 -999 -999 S -999 -999 -999 -999 -9 -99N -999W -999 -999 -999 -999 
NHC  14L MILTON    20241010 1800 295N 0775W 070 093 0983 1010 0667 31 093 0500 0297 0297 0408 D 0185 0185 0167 0204 72 314N  539W -999 -999 -999 -999 
NHC  13L LESLIE    20241010 1800 235N 0508W 315 036 0992 1013 0259 31 019 0130 0130 0111 0130 M 0065 0046 0046 0046 72 352N  356W -999 -999 -999 -999 
NHC  94L INVEST    20241011 0000 144N 0223W 275 082 1006 1011 0352 15 148 -999 -999 -999 -999 S -999 -999 -999 -999 -9 -99N -999W -999 -999 -999 -999 
NHC  13L LESLIE    20241011 0000 241N 0511W 325 036 0997 1013 0259 26 019 0130 0130 0111 0111 M 0019 -999 -999 0019 72 361N  328W -999 -999 -999 -999 
NHC  94L INVEST    20241011 0600 148N 0232W 280 057 1006 1011 0352 15 148 -999 -999 -999 -999 S -999 -999 -999 -999 -9 -99N -999W -999 -999 -999 -999 
NHC  13L LESLIE    20241011 0600 249N 0511W 355 036 0999 1013 0259 26 019 0130 0130 0111 0111 M 0056 0056 -999 -999 72 371N  293W -999 -999 -999 -999 
NHC  94L INVEST    20241011 1200 148N 0251W 275 077 1006 1012 0408 18 222 0222 -999 -999 -999 S -999 -999 -999 -999 -9 -99N -999W -999 -999 -999 -999 
NHC  13L LESLIE    20241011 1200 258N 0508W 015 046 1000 1011 0222 23 037 0148 0148 0111 0093 M -999 -999 -999 -999 72 375N  267W -999 -999 -999 -999 
NHC  94L INVEST    20241011 1800 155N 0263W 290 067 1006 1011 0389 18 222 0222 -999 -999 -999 S -999 -999 -999 -999 -9 -99N -999W -999 -999 -999 -999 
NHC  13L LESLIE    20241011 1800 270N 0500W 025 057 1000 1011 0222 23 037 0130 0167 0111 -999 M -999 -999 -999 -999 72 364N  246W -999 -999 -999 -999 
NHC  94L INVEST    20241012 0000 162N 0274W 295 067 1006 1011 0389 18 222 0222 -999 -999 -999 S -999 -999 -999 -999 -9 -99N -999W -999 -999 -999 -999 
NHC  13L LESLIE    20241012 0000 284N 0488W 035 082 1001 1011 0222 23 037 0130 0167 0111 -999 M -999 -999 -999 -999 72 360N  211W -999 -999 -999 -999 
NHC  94L INVEST    20241012 0600 174N 0283W 310 067 1006 1010 0389 18 222 0222 -999 -999 -999 S -999 -999 -999 -999 -9 -99N -999W -999 -999 -999 -999 
NHC  13L LESLIE    20241012 0600 304N 0471W 035 098 1002 1008 0167 23 037 0130 0167 0111 -999 M -999 -999 -999 -999 72 353N  192W -999 -999 -999 -999 
NHC  94L INVEST    20241012 1200 171N 0296W 290 057 1009 1015 0389 15 185 -999 -999 -999 -999 S -999 -999 -999 -999 -9 -99N -999W -999 -999 -999 -999 
NHC  13L LESLIE    20241012 1200 324N 0449W 040 129 1002 1009 0130 21 037 0130 0167 0111 -999 M -999 -999 -999 -999 72 371N  164W -999 -999 -999 -999 
NHC  94L INVEST    20241012 1800 173N 0306W 285 051 1009 1013 0389 13 185 -999 -999 -999 -999 S -999 -999 -999 -999 -9 -99N -999W -999 -999 -999 -999 
NHC  94L INVEST    20241013 0000 179N 0312W 300 046 1009 1013 0389 13 185 -999 -999 -999 -999 S -999 -999 -999 -999 -9 -99N -999W -999 -999 -999 -999 
NHC  94L INVEST    20241013 0600 183N 0323W 290 046 1009 1013 0389 13 185 -999 -999 -999 -999 S -999 -999 -999 -999 -9 -99N -999W -999 -999 -999 -999 
NHC  94L INVEST    20241013 1200 182N 0338W 280 057 1011 1014 0259 13 185 -999 -999 -999 -999 S -999 -999 -999 -999 -9 -99N -999W -999 -999 -999 -999 
NHC  94L INVEST    20241013 1800 176N 0352W 265 067 1011 1014 0278 13 185 -999 -999 -999 -999 S -999 -999 -999 -999 -9 -99N -999W -999 -999 -999 -999 
NHC  94L INVEST    20241014 0000 175N 0364W 255 067 1011 1014 0278 13 185 -999 -999 -999 -999 S -999 -999 -999 -999 -9 -99N -999W -999 -999 -999 -999 
NHC  94L INVEST    20241014 0600 175N 0374W 260 062 1011 1014 0278 13 185 -999 -999 -999 -999 S -999 -999 -999 -999 -9 -99N -999W -999 -999 -999 -999 
NHC  94L INVEST    20241014 1200 174N 0385W 265 051 1011 1014 0278 13 185 -999 -999 -999 -999 S -999 -999 -999 -999 -9 -99N -999W -999 -999 -999 -999 
NHC  94L INVEST    20241014 1800 170N 0397W 260 057 1011 1013 0259 13 074 -999 -999 -999 -999 S -999 -999 -999 -999 -9 -99N -999W -999 -999 -999 -999 
NHC  94L INVEST    20241015 0000 166N 0405W 250 051 1011 1013 0259 13 074 -999 -999 -999 -999 S -999 -999 -999 -999 -9 -99N -999W -999 -999 -999 -999 
NHC  94L INVEST    20241015 0600 163N 0417W 250 051 1010 1013 0259 15 074 -999 -999 -999 -999 S -999 -999 -999 -999 -9 -99N -999W -999 -999 -999 -999 
NHC  94L INVEST    20241015 1200 161N 0426W 250 051 1010 1013 0259 13 074 -999 -999 -999 -999 S -999 -999 -999 -999 -9 -99N -999W -999 -999 -999 -999 
NHC  94L INVEST    20241015 1800 161N 0436W 260 051 1010 1013 0259 13 074 -999 -999 -999 -999 S -999 -999 -999 -999 -9 -99N -999W -999 -999 -999 -999 
NHC  94L INVEST    20241016 0000 161N 0450W 270 062 1010 1013 0259 13 074 -999 -999 -999 -999 S -999 -999 -999 -999 -9 -99N -999W -999 -999 -999 -999 
NHC  94L INVEST    20241016 0600 160N 0464W 270 062 1010 1013 0259 13 093 -999 -999 -999 -999 S -999 -999 -999 -999 -9 -99N -999W -999 -999 -999 -999 
NHC  94L INVEST    20241016 1200 158N 0487W 265 082 1011 1013 0259 13 093 -999 -999 -999 -999 S -999 -999 -999 -999 -9 -99N -999W -999 -999 -999 -999 
NHC  94L INVEST    20241016 1800 160N 0501W 270 082 1011 1013 0259 15 093 -999 -999 -999 -999 S -999 -999 -999 -999 -9 -99N -999W -999 -999 -999 -999 
NHC  94L INVEST    20241017 0000 164N 0519W 280 082 1011 1013 0241 15 093 -999 -999 -999 -999 S -999 -999 -999 -999 -9 -99N -999W -999 -999 -999 -999 
NHC  94L INVEST    20241017 0600 168N 0536W 285 088 1011 1012 0222 15 111 -999 -999 -999 -999 S -999 -999 -999 -999 -9 -99N -999W -999 -999 -999 -999 
NHC  94L INVEST    20241017 1200 173N 0560W 285 098 1011 1012 0222 15 111 -999 -999 -999 -999 S -999 -999 -999 -999 -9 -99N -999W -999 -999 -999 -999 
NHC  95L INVEST    20241017 1800 159N 0820W 325 026 1007 1009 0371 10 222 -999 -999 -999 -999 S -999 -999 -999 -999 -9 -99N -999W -999 -999 -999 -999 
NHC  94L INVEST    20241017 1800 175N 0584W 280 108 1011 1012 0222 15 111 -999 -999 -999 -999 S -999 -999 -999 -999 -9 -99N -999W -999 -999 -999 -999 
NHC  95L INVEST    20241018 0000 165N 0825W 320 031 1005 1009 0371 13 222 -999 -999 -999 -999 S -999 -999 -999 -999 -9 -99N -999W -999 -999 -999 -999 
NHC  94L INVEST    20241018 0000 182N 0599W 285 098 1012 1013 0222 15 111 -999 -999 -999 -999 S -999 -999 -999 -999 -9 -99N -999W -999 -999 -999 -999 
NHC  95L INVEST    20241018 0600 169N 0836W 295 046 1005 1009 0352 13 222 -999 -999 -999 -999 S -999 -999 -999 -999 -9 -99N -999W -999 -999 -999 -999 
NHC  94L INVEST    20241018 0600 188N 0621W 290 098 1012 1013 0222 15 111 -999 -999 -999 -999 S -999 -999 -999 -999 -9 -99N -999W -999 -999 -999 -999 
NHC  95L INVEST    20241018 1200 173N 0845W 300 046 1005 1009 0352 13 222 -999 -999 -999 -999 S -999 -999 -999 -999 -9 -99N -999W -999 -999 -999 -999 
NHC  94L INVEST    20241018 1200 194N 0641W 290 098 1011 1013 0222 15 111 -999 -999 -999 -999 S -999 -999 -999 -999 -9 -99N -999W -999 -999 -999 -999 
NHC  95L INVEST    20241018 1800 175N 0846W 300 031 1005 1009 0352 15 222 -999 -999 -999 -999 S -999 -999 -999 -999 -9 -99N -999W -999 -999 -999 -999 
NHC  94L INVEST    20241018 1800 195N 0657W 285 093 1011 1013 0222 15 111 -999 -999 -999 -999 S -999 -999 -999 -999 -9 -99N -999W -999 -999 -999 -999 
NHC  15L FIFTEEN   20241018 1800 175N 0846W 300 031 1005 1009 0352 15 222 -999 -999 -999 -999 S -999 -999 -999 -999 -9 -99N -999W -999 -999 -999 -999 
NHC  94L INVEST    20241019 0000 201N 0671W 285 077 1011 1013 0222 15 111 -999 -999 -999 -999 S -999 -999 -999 -999 -9 -99N -999W -999 -999 -999 -999 
NHC  15L FIFTEEN   20241019 0000 176N 0856W 280 036 1005 1009 0352 15 185 -999 -999 -999 -999 S -999 -999 -999 -999 36 172N  909W -999 -999 -999 -999 
NHC  94L INVEST    20241019 0600 206N 0683W 295 067 1011 1013 0222 15 111 -999 -999 -999 -999 S -999 -999 -999 -999 -9 -99N -999W -999 -999 -999 -999 
NHC  15L NADINE    20241019 0600 174N 0865W 275 036 1004 1012 0371 18 222 0315 -999 -999 0315 M -999 -999 -999 -999 24 173N  900W -999 -999 -999 -999 
NHC  16L OSCAR     20241019 1200 213N 0696W 295 072 1007 1013 0222 18 037 0056 -999 -999 0056 S -999 -999 -999 -999 -9 -99N -999W -999 -999 -999 -999 
NHC  16L OSCAR     20241019 1200 213N 0696W 270 072 1007 1013 0222 18 037 0056 -999 -999 0056 S -999 -999 -999 -999 -9 -99N -999W -999 -999 -999 -999 
NHC  15L NADINE    20241019 1200 173N 0872W 270 036 1002 1012 0371 21 222 0315 -999 -999 0315 M -999 -999 -999 -999 24 170N  913W -999 -999 -999 -999 
NHC  16L OSCAR     20241019 1800 214N 0706W 275 062 0989 1011 0148 36 009 0074 0056 0056 0074 M 0037 0019 0019 0037 72 225N  750W 0009 0009 -999 0009 
NHC  15L NADINE    20241019 1800 175N 0888W 270 057 1003 1012 0371 23 222 0315 -999 -999 0315 M -999 -999 -999 -999 24 168N  923W -999 -999 -999 -999 
NHC  16L OSCAR     20241020 0000 214N 0717W 270 051 0987 1011 0148 39 009 0074 0056 0056 0074 D 0037 0019 0019 0037 72 233N  742W 0009 0009 -999 0009 
NHC  16L OSCAR     20241020 0000 214N 0716W 270 051 0987 1011 0148 39 009 0074 0056 0056 0074 D 0037 0019 0019 0037 72 233N  742W 0009 0009 -999 0009 
NHC  15L NADINE    20241020 0000 173N 0900W 270 057 1006 1009 0185 15 093 -999 -999 -999 -999 S -999 -999 -999 -999 12 172N  913W -999 -999 -999 -999 
NHC  16L OSCAR     20241020 0600 213N 0727W 265 051 0988 1011 0148 36 009 0074 0056 0056 0074 D 0037 0019 0019 0037 72 238N  742W 0009 0009 -999 0009 
NHC  15L NADINE    20241020 0600 170N 0912W 260 062 1006 1010 0185 13 093 -999 -999 -999 -999 S -999 -999 -999 -999 12 167N  923W -999 -999 -999 -999 
NHC  16L OSCAR     20241020 1200 208N 0736W 260 051 0986 1011 0148 36 009 0074 0056 0056 0074 D 0037 0019 0019 0037 72 238N  740W 0019 0009 -999 0019 
NHC  15L NADINE    20241020 1200 170N 0925W 260 062 1007 1010 0185 13 093 -999 -999 -999 -999 S -999 -999 -999 -999 12 157N  938W -999 -999 -999 -999 
NHC  16L OSCAR     20241020 1800 206N 0741W 250 041 0986 1011 0111 36 009 0074 0056 0056 0074 D 0037 0019 0019 0037 72 240N  737W 0019 0009 -999 0019 
NHC  90E INVEST    20241021 0000 150N 0972W 260 077 1007 1009 0185 13 093 -999 -999 -999 -999 S -999 -999 -999 -999 -9 -99N -999W -999 -999 -999 -999 
NHC  16L OSCAR     20241021 0000 202N 0745W 240 026 0988 1011 0111 33 019 0074 0056 0056 0074 D 0037 0019 0019 0037 72 252N  720W 0019 -999 -999 0019 
NHC  90E INVEST    20241021 0600 138N 0977W 240 088 1007 1009 0185 15 093 -999 -999 -999 -999 S -999 -999 -999 -999 -9 -99N -999W -999 -999 -999 -999 
NHC  16L OSCAR     20241021 0600 201N 0749W 240 026 0996 1009 0185 26 019 0074 0074 0056 0074 D 0037 0037 0019 0019 72 273N  702W -999 -999 -999 -999 
NHC  90E INVEST    20241021 1200 135N 1000W 270 088 1005 1008 0148 15 074 -999 -999 -999 -999 S -999 -999 -999 -999 -9 -99N -999W -999 -999 -999 -999 
NHC  16L OSCAR     20241021 1200 202N 0753W 280 015 1000 1009 0185 21 037 0074 0074 0056 0074 D -999 -999 -999 -999 48 245N  724W -999 -999 -999 -999 
NHC  16L OSCAR     20241021 1800 207N 0759W 310 031 1003 1009 0185 18 056 0148 0148 -999 -999 D -999 -999 -999 -999 48 256N  712W -999 -999 -999 -999 
NHC  12E KRISTY    20241021 1800 134N 1014W 270 088 1005 1009 0185 18 093 0093 0093 -999 0093 S -999 -999 -999 -999 -9 -99N -999W -999 -999 -999 -999 
NHC  16L OSCAR     20241022 0000 215N 0756W 015 036 1005 1009 0185 18 056 0167 0167 -999 -999 M -999 -999 -999 -999 48 274N  702W -999 -999 -999 -999 
NHC  16L OSCAR     20241022 0000 215N 0756W 015 026 1005 1009 0185 18 056 0167 0167 -999 -999 M -999 -999 -999 -999 48 274N  702W -999 -999 -999 -999 
NHC  12E KRISTY    20241022 0000 136N 1026W 270 082 1003 1009 0232 21 074 0074 -999 -999 0148 M -999 -999 -999 -999 72 140N 1206W -999 -999 -999 -999 
NHC  12E KRISTY    20241022 0000 134N 1026W 270 072 1004 1009 0232 18 074 0074 -999 -999 0148 M -999 -999 -999 -999 72 140N 1206W -999 -999 -999 -999 
NHC  16L OSCAR     20241022 0600 223N 0751W 025 046 1006 1010 0241 18 111 0167 0167 -999 -999 M -999 -999 -999 -999 48 293N  685W -999 -999 -999 -999 
NHC  12E KRISTY    20241022 0600 141N 1040W 285 067 1001 1009 0222 23 046 0093 -999 -999 0093 M -999 -999 -999 -999 72 144N 1216W -999 -999 -999 -999 
NHC  16L OSCAR     20241022 1200 227N 0746W 035 046 1007 1011 0241 18 111 0167 0167 -999 -999 M -999 -999 -999 -999 36 285N  695W -999 -999 -999 -999 
NHC  12E KRISTY    20241022 1200 145N 1060W 285 082 0997 1010 0334 26 046 0111 0093 0056 0111 M 0056 -999 -999 0056 72 148N 1230W -999 -999 -999 -999 
NHC  12E KRISTY    20241022 1800 146N 1077W 275 077 0993 1010 0334 31 037 0111 0074 0074 0111 M 0065 0056 0037 0056 72 150N 1252W -999 -999 -999 -999 
NHC  12E KRISTY    20241023 0000 147N 1092W 275 088 0983 1010 0334 36 019 0111 0074 0074 0111 D 0065 0056 0037 0056 72 157N 1265W 0019 -999 -999 0019 
NHC  12E KRISTY    20241023 0600 145N 1111W 270 082 0975 1010 0334 41 019 0111 0093 0074 0111 D 0065 0056 0037 0056 72 164N 1273W 0028 0019 0019 0028 
NHC  12E KRISTY    20241023 1200 144N 1130W 270 093 0958 1010 0334 54 019 0130 0093 0074 0111 D 0056 0037 0037 0056 72 172N 1283W 0028 0019 0019 0028 
NHC  12E KRISTY    20241023 1800 141N 1147W 265 088 0932 1010 0334 67 019 0130 0093 0074 0111 D 0056 0037 0037 0056 72 180N 1293W 0028 0019 0019 0028 
NHC  12E KRISTY    20241024 0000 142N 1164W 270 088 0928 1009 0334 69 019 0130 0093 0074 0111 D 0056 0037 0037 0056 72 195N 1301W 0028 0019 0019 0028 
NHC  12E KRISTY    20241024 0600 141N 1182W 270 088 0933 1009 0334 67 019 0167 0130 0111 0167 D 0074 0056 0056 0074 72 205N 1307W 0037 0019 0019 0037 
NHC  12E KRISTY    20241024 0600 141N 1182W 270 088 0933 1009 0334 67 019 0148 0093 0093 0148 D 0074 0056 0056 0074 72 205N 1307W 0037 0019 0019 0037 
NHC  12E KRISTY    20241024 1200 140N 1197W 270 077 0933 1009 0334 67 019 0167 0130 0111 0167 D 0074 0056 0056 0074 72 211N 1311W 0037 0019 0019 0037 
NHC  12E KRISTY    20241024 1800 141N 1210W 270 072 0926 1009 0334 72 019 0167 0130 0111 0167 D 0074 0056 0056 0074 72 223N 1312W 0037 0019 0019 0037 
NHC  12E KRISTY    20241025 0000 144N 1222W 280 062 0926 1007 0556 72 019 0167 0148 0130 0167 D 0074 0074 0074 0074 72 222N 1310W 0046 0037 0037 0046 
NHC  12E KRISTY    20241025 0600 149N 1234W 290 062 0932 1008 0500 67 019 0167 0148 0130 0167 D 0074 0074 0074 0074 72 225N 1310W 0046 0037 0037 0046 
NHC  12E KRISTY    20241025 1200 155N 1243W 300 062 0948 1008 0482 59 019 0167 0130 0111 0167 D 0074 0056 0056 0074 72 230N 1311W 0046 0028 0037 0046 
NHC  12E KRISTY    20241025 1800 164N 1254W 305 062 0958 1008 0482 54 019 0167 0130 0111 0167 D 0074 0056 0056 0074 72 224N 1317W 0046 0028 0037 0046 
NHC  12E KRISTY    20241026 0000 171N 1264W 310 067 0965 1007 0334 49 028 0185 0167 0148 0185 D 0093 0074 0074 0093 48 228N 1305W 0046 0037 0037 0046 
NHC  12E KRISTY    20241026 0600 181N 1272W 315 067 0972 1008 0371 44 037 0185 0148 0130 0185 D 0093 0074 0074 0093 48 227N 1308W 0056 0037 0037 0046 
NHC  12E KRISTY    20241026 1200 192N 1281W 320 067 0982 1009 0371 36 037 0185 0148 0130 0185 D 0074 0056 0056 0074 48 224N 1314W 0046 0028 -999 0028 
NHC  12E KRISTY    20241026 1800 202N 1289W 325 067 0990 1009 0371 31 037 0185 0148 0130 0185 D 0074 0056 0056 0074 48 219N 1322W -999 -999 -999 -999 
NHC  12E KRISTY    20241027 0000 211N 1293W 330 057 0996 1010 0222 26 037 0222 0130 0148 0222 D 0037 -999 0037 0037 36 220N 1320W -999 -999 -999 -999 
NHC  91E INVEST    20241027 0600 103N 1170W 280 082 1008 1010 0334 15 093 -999 -999 -999 -999 S -999 -999 -999 -999 -9 -99N -999W -999 -999 -999 -999 
NHC  91E INVEST    20241027 0600 102N 1172W 280 088 1008 1010 0334 15 093 -999 -999 -999 -999 S -999 -999 -999 -999 -9 -99N -999W -999 -999 -999 -999 
NHC  12E KRISTY    20241027 0600 217N 1295W 330 041 1000 1012 0185 26 074 0222 0093 0130 0259 M -999 -999 -999 0074 24 223N 1312W -999 -999 -999 -999 
NHC  12E KRISTY    20241027 0600 217N 1295W 330 041 1000 1012 0185 26 074 0222 0093 0130 0259 D -999 -999 -999 0074 24 223N 1312W -999 -999 -999 -999 
NHC  91E INVEST    20241027 1200 103N 1190W 280 093 1008 1010 0334 13 093 -999 -999 -999 -999 S -999 -999 -999 -999 -9 -99N -999W -999 -999 -999 -999 
NHC  12E KRISTY    20241027 1200 225N 1296W 350 036 1003 1012 0185 23 074 0222 0093 0130 0259 M -999 -999 -999 -999 24 219N 1315W -999 -999 -999 -999 
NHC  91E INVEST    20241027 1800 103N 1209W 270 098 1008 1010 0334 13 093 -999 -999 -999 -999 S -999 -999 -999 -999 -9 -99N -999W -999 -999 -999 -999 
NHC  12E KRISTY    20241027 1800 225N 1297W 310 010 1005 1013 0204 18 074 0222 -999 0130 0259 M -999 -999 -999 -999 24 222N 1318W -999 -999 -999 -999 
NHC  91E INVEST    20241028 0000 103N 1217W 270 077 1008 1010 0334 13 093 -999 -999 -999 -999 S -999 -999 -999 -999 -9 -99N -999W -999 -999 -999 -999 
NHC  91E INVEST    20241028 0600 104N 1229W 270 067 1008 1010 0334 13 093 -999 -999 -999 -999 S -999 -999 -999 -999 -9 -99N -999W -999 -999 -999 -999 
NHC  91E INVEST    20241028 1200 111N 1248W 285 082 1008 1010 0463 13 185 -999 -999 -999 -999 S -999 -999 -999 -999 -9 -99N -999W -999 -999 -999 -999 
NHC  91E INVEST    20241028 1800 106N 1265W 275 082 1008 1010 0463 13 185 -999 -999 -999 -999 S -999 -999 -999 -999 -9 -99N -999W -999 -999 -999 -999 
NHC  91E INVEST    20241029 0000 110N 1280W 275 077 1007 1009 0371 13 185 -999 -999 -999 -999 S -999 -999 -999 -999 -9 -99N -999W -999 -999 -999 -999 
NHC  91E INVEST    20241029 0600 112N 1295W 275 077 1007 1009 0371 13 185 -999 -999 -999 -999 S -999 -999 -999 -999 -9 -99N -999W -999 -999 -999 -999 
NHC  91E INVEST    20241029 1200 117N 1307W 285 072 1007 1009 0371 13 185 -999 -999 -999 -999 S -999 -999 -999 -999 -9 -99N -999W -999 -999 -999 -999 
NHC  91E INVEST    20241029 1800 118N 1320W 285 067 1007 1009 0371 13 185 -999 -999 -999 -999 S -999 -999 -999 -999 -9 -99N -999W -999 -999 -999 -999 
NHC  91E INVEST    20241030 0000 118N 1326W 280 051 1007 1009 0371 13 185 -999 -999 -999 -999 S -999 -999 -999 -999 -9 -99N -999W -999 -999 -999 -999 
NHC  91E INVEST    20241030 1200 118N 1335W 270 031 1007 1009 0371 13 185 -999 -999 -999 -999 S -999 -999 -999 -999 -9 -99N -999W -999 -999 -999 -999 
NHC  91E INVEST    20241030 1800 118N 1339W 270 031 1007 1009 0371 13 185 -999 -999 -999 -999 S -999 -999 -999 -999 -9 -99N -999W -999 -999 -999 -999 
NHC  92E INVEST    20241031 1800 109N 1255W 285 026 1010 1014 0371 13 185 -999 -999 -999 -999 S -999 -999 -999 -999 -9 -99N -999W -999 -999 -999 -999 
NHC  92E INVEST    20241101 0000 114N 1263W 300 041 1008 1011 0278 13 148 -999 -999 -999 -999 S -999 -999 -999 -999 -9 -99N -999W -999 -999 -999 -999 
NHC  92E INVEST    20241101 0600 109N 1269W 285 026 1008 1011 0278 13 148 -999 -999 -999 -999 S -999 -999 -999 -999 -9 -99N -999W -999 -999 -999 -999 
NHC  92E INVEST    20241101 1200 111N 1276W 275 036 1007 1011 0278 13 148 -999 -999 -999 -999 S -999 -999 -999 -999 -9 -99N -999W -999 -999 -999 -999 
NHC  96L INVEST    20241101 1800 405N 0364W 075 046 0983 1004 0482 23 241 -999 0130 0315 -999 M -999 -999 -999 -999 -9 -99N -999W -999 -999 -999 -999 
NHC  92E INVEST    20241101 1800 112N 1281W 280 031 1007 1011 0278 13 148 -999 -999 -999 -999 S -999 -999 -999 -999 -9 -99N -999W -999 -999 -999 -999 
NHC  13E THIRTEEN  20241101 1800 112N 1281W 280 031 1006 1011 0278 15 148 -999 -999 -999 -999 S -999 -999 -999 -999 -9 -99N -999W -999 -999 -999 -999 
NHC  96L INVEST    20241102 0000 405N 0353W 080 051 0985 1002 0371 23 056 -999 0093 0222 -999 M -999 -999 -999 -999 -9 -99N -999W -999 -999 -999 -999 
NHC  13E THIRTEEN  20241102 0000 111N 1287W 270 031 1006 1011 0278 15 148 -999 -999 -999 -999 S -999 -999 -999 -999 48 113N 1335W -999 -999 -999 -999 
NHC  96L INVEST    20241102 0600 403N 0347W 105 031 0986 1002 0371 23 056 -999 0111 0334 0167 M -999 -999 -999 -999 -9 -99N -999W -999 -999 -999 -999 
NHC  17L PATTY     20241102 0600 403N 0347W 105 031 0986 1002 0371 23 056 -999 0111 0334 0167 M -999 -999 -999 -999 -9 -99N -999W -999 -999 -999 -999 
NHC  13E THIRTEEN  20241102 0600 111N 1292W 270 026 1005 1011 0278 18 056 0074 -999 -999 0074 M -999 -999 -999 -999 72 113N 1368W -999 -999 -999 -999 
NHC  13E LANE      20241102 0600 111N 1292W 270 031 1005 1011 0278 18 056 0074 -999 -999 0074 M -999 -999 -999 -999 72 113N 1368W -999 -999 -999 -999 
NHC  97L INVEST    20241102 1200 113N 0807W 030 031 1007 1009 0371 10 167 -999 -999 -999 -999 S -999 -999 -999 -999 -9 -99N -999W -999 -999 -999 -999 
NHC  17L PATTY     20241102 1200 393N 0334W 130 057 0986 1002 0371 23 056 -999 0111 0334 0167 M -999 -999 -999 -999 72 413N  115W -999 -999 -999 -999 
NHC  17L PATTY     20241102 1200 393N 0334W 130 057 0982 1002 0371 26 056 -999 0111 0334 0167 M -999 -999 0074 -999 72 413N  115W -999 -999 -999 -999 
NHC  13E LANE      20241102 1200 113N 1298W 275 031 1004 1011 0278 21 056 0074 -999 -999 0074 M -999 -999 -999 -999 72 113N 1375W -999 -999 -999 -999 
NHC  97L INVEST    20241102 1800 117N 0799W 045 036 1007 1009 0371 10 167 -999 -999 -999 -999 S -999 -999 -999 -999 -9 -99N -999W -999 -999 -999 -999 
NHC  93E INVEST    20241102 1800 114N 1104W 275 015 1007 1012 0222 13 056 -999 -999 -999 -999 S -999 -999 -999 -999 -9 -99N -999W -999 -999 -999 -999 
NHC  17L PATTY     20241102 1800 382N 0312W 125 082 0982 1002 0371 28 056 -999 0111 0334 0167 M -999 -999 0074 -999 72 416N  101W -999 -999 -999 -999 
NHC  13E LANE      20241102 1800 113N 1300W 275 026 1004 1011 0278 21 056 0074 -999 -999 0074 M -999 -999 -999 -999 72 115N 1374W -999 -999 -999 -999 
NHC  97L INVEST    20241103 0000 122N 0792W 055 041 1006 1008 0371 10 167 -999 -999 -999 -999 S -999 -999 -999 -999 -9 -99N -999W -999 -999 -999 -999 
NHC  93E INVEST    20241103 0000 114N 1107W 270 015 1007 1012 0222 13 056 -999 -999 -999 -999 S -999 -999 -999 -999 -9 -99N -999W -999 -999 -999 -999 
NHC  17L PATTY     20241103 0000 380N 0288W 095 098 0985 1002 0371 26 056 -999 0111 0334 0167 M -999 -999 0056 -999 72 417N   98W -999 -999 -999 -999 
NHC  13E LANE      20241103 0000 114N 1303W 280 021 1005 1011 0278 21 056 0074 -999 -999 0074 M -999 -999 -999 -999 48 114N 1353W -999 -999 -999 -999 
NHC  97L INVEST    20241103 0600 125N 0787W 055 036 1006 1008 0371 13 167 -999 -999 -999 -999 S -999 -999 -999 -999 -9 -99N -999W -999 -999 -999 -999 
NHC  93E INVEST    20241103 0600 114N 1110W 270 015 1008 1013 0222 13 056 -999 -999 -999 -999 S -999 -999 -999 -999 -9 -99N -999W -999 -999 -999 -999 
NHC  17L PATTY     20241103 0600 380N 0269W 090 082 0988 1002 0334 23 056 -999 0111 0278 -999 M -999 -999 -999 -999 48 401N  127W -999 -999 -999 -999 
NHC  13E LANE      20241103 0600 112N 1309W 270 026 1007 1010 0222 15 056 -999 -999 -999 -999 M -999 -999 -999 -999 36 112N 1344W -999 -999 -999 -999 
NHC  13E LANE      20241103 0600 112N 1307W 260 021 1007 1010 0222 15 056 -999 -999 -999 -999 M -999 -999 -999 -999 36 112N 1344W -999 -999 -999 -999 
NHC  97L INVEST    20241103 1200 129N 0771W 065 051 1006 1008 0371 13 167 -999 -999 -999 -999 S -999 -999 -999 -999 -9 -99N -999W -999 -999 -999 -999 
NHC  93E INVEST    20241103 1200 115N 1110W 280 010 1008 1013 0222 13 056 -999 -999 -999 -999 S -999 -999 -999 -999 -9 -99N -999W -999 -999 -999 -999 
NHC  17L PATTY     20241103 1200 375N 0254W 100 072 0991 1002 0334 18 056 -999 0111 0278 -999 M -999 -999 -999 -999 48 409N  107W -999 -999 -999 -999 
NHC  13E LANE      20241103 1200 111N 1316W 265 036 1008 1010 0222 13 056 -999 -999 -999 -999 S -999 -999 -999 -999 36 107N 1350W -999 -999 -999 -999 
NHC  97L INVEST    20241103 1800 133N 0773W 055 031 1005 1008 0371 15 148 -999 -999 -999 -999 S -999 -999 -999 -999 -9 -99N -999W -999 -999 -999 -999 
NHC  93E INVEST    20241103 1800 113N 1108W 100 005 1008 1013 0222 13 056 -999 -999 -999 -999 S -999 -999 -999 -999 -9 -99N -999W -999 -999 -999 -999 
NHC  17L PATTY     20241103 1800 372N 0234W 100 077 0990 1002 0334 21 056 -999 0093 0130 -999 M -999 -999 -999 -999 48 408N  105W -999 -999 -999 -999 
NHC  93E INVEST    20241104 0000 112N 1107W 125 010 1007 1011 0222 15 037 -999 -999 -999 -999 S -999 -999 -999 -999 -9 -99N -999W -999 -999 -999 -999 
NHC  18L EIGHTEEN  20241104 0000 130N 0769W 075 021 1004 1008 0463 15 130 -999 -999 -999 -999 S -999 -999 -999 -999 72 233N  845W -999 -999 -999 -999 
NHC  18L EIGHTEEN  20241104 0000 130N 0769W 010 021 1004 1008 0463 15 130 -999 -999 -999 -999 S -999 -999 -999 -999 72 233N  845W -999 -999 -999 -999 
NHC  17L PATTY     20241104 0000 375N 0211W 085 088 0993 1003 0297 21 056 0037 0111 0130 -999 M -999 -999 -999 -999 48 412N   87W -999 -999 -999 -999 
NHC  93E INVEST    20241104 0600 112N 1101W 110 015 1007 1011 0222 15 037 -999 -999 -999 -999 S -999 -999 -999 -999 -9 -99N -999W -999 -999 -999 -999 
NHC  18L EIGHTEEN  20241104 0600 139N 0769W 360 031 1004 1008 0463 15 130 -999 -999 -999 -999 S -999 -999 -999 -999 72 235N  845W -999 -999 -999 -999 
NHC  17L PATTY     20241104 0600 379N 0190W 085 088 0996 1003 0297 18 056 0037 0111 0130 -999 M -999 -999 -999 -999 36 410N  100W -999 -999 -999 -999 
NHC  93E INVEST    20241104 1200 110N 1098W 105 015 1007 1011 0222 15 037 -999 -999 -999 -999 S -999 -999 -999 -999 -9 -99N -999W -999 -999 -999 -999 
NHC  18L EIGHTEEN  20241104 1200 148N 0767W 010 036 1003 1008 0463 15 130 -999 -999 -999 -999 S -999 -999 -999 -999 72 242N  847W -999 -999 -999 -999 
NHC  17L PATTY     20241104 1200 382N 0171W 075 082 0999 1006 0297 18 056 0037 0111 0130 -999 M -999 -999 -999 -999 24 402N  115W -999 -999 -999 -999 
NHC  93E INVEST    20241104 1800 110N 1092W 100 021 1007 1011 0222 15 037 -999 -999 -999 -999 S -999 -999 -999 -999 -9 -99N -999W -999 -999 -999 -999 
NHC  18L RAFAEL    20241104 1800 151N 0764W 015 031 0999 1008 0463 21 130 0167 0167 -999 -999 M -999 -999 -999 -999 72 246N  851W -999 -999 -999 -999 
NHC  18L EIGHTEEN  20241104 1800 151N 0764W 015 031 0999 1008 0463 21 130 0130 0167 -999 -999 M -999 -999 -999 -999 72 246N  851W -999 -999 -999 -999 
NHC  93E INVEST    20241105 0000 111N 1088W 085 026 1007 1010 0222 15 037 -999 -999 -999 -999 S -999 -999 -999 -999 -9 -99N -999W -999 -999 -999 -999 
NHC  18L RAFAEL    20241105 0000 158N 0769W 345 031 1000 1008 0463 21 074 0167 0167 -999 -999 M -999 -999 -999 -999 72 247N  850W -999 -999 -999 -999 
NHC  93E INVEST    20241105 0600 113N 1082W 080 026 1007 1010 0222 15 037 -999 -999 -999 -999 S -999 -999 -999 -999 -9 -99N -999W -999 -999 -999 -999 
NHC  18L RAFAEL    20241105 0600 166N 0777W 325 051 0993 1008 0463 23 056 0167 0167 -999 -999 M -999 -999 -999 -999 72 254N  853W -999 -999 -999 -999 
NHC  93E INVEST    20241105 1200 116N 1076W 065 031 1007 1010 0222 15 037 -999 -999 -999 -999 S -999 -999 -999 -999 -9 -99N -999W -999 -999 -999 -999 
NHC  18L RAFAEL    20241105 1200 174N 0782W 320 051 0994 1008 0463 26 037 0167 0167 -999 -999 M 0037 -999 -999 -999 72 258N  865W -999 -999 -999 -999 
NHC  18L RAFAEL    20241105 1200 174N 0782W 320 051 0994 1008 0463 23 037 0167 0167 -999 -999 M -999 -999 -999 -999 72 258N  865W -999 -999 -999 -999 
NHC  93E INVEST    20241105 1800 121N 1071W 060 031 1007 1010 0222 13 037 -999 -999 -999 -999 S -999 -999 -999 -999 -9 -99N -999W -999 -999 -999 -999 
NHC  18L RAFAEL    20241105 1800 186N 0791W 325 062 0994 1008 0463 28 037 0185 0167 -999 0056 M 0056 -999 -999 -999 72 256N  871W -999 -999 -999 -999 
NHC  18L RAFAEL    20241105 1800 186N 0791W 325 062 0994 1008 0463 28 037 0167 0167 -999 0056 M 0056 -999 -999 -999 72 256N  871W -999 -999 -999 -999 
NHC  93E INVEST    20241106 0000 126N 1069W 035 031 1007 1010 0222 13 037 -999 -999 -999 -999 S -999 -999 -999 -999 -9 -99N -999W -999 -999 -999 -999 
NHC  18L RAFAEL    20241106 0000 194N 0799W 320 067 0986 1006 0241 33 028 0185 0167 0037 0093 M 0093 0037 -999 0046 72 258N  878W 0028 -999 -999 -999 
NHC  18L RAFAEL    20241106 0000 194N 0799W 320 067 0985 1006 0241 36 028 0185 0167 0037 0093 M 0093 0037 -999 0046 72 258N  878W 0028 -999 -999 -999 
NHC  93E INVEST    20241106 0600 128N 1065W 040 026 1006 1010 0222 15 037 -999 -999 -999 -999 S -999 -999 -999 -999 -9 -99N -999W -999 -999 -999 -999 
NHC  18L RAFAEL    20241106 0600 202N 0809W 320 062 0977 1007 0204 39 019 0167 0148 0037 0093 M 0074 0037 -999 0046 72 254N  890W 0028 -999 -999 -999 
NHC  18L RAFAEL    20241106 1200 210N 0816W 315 057 0964 1008 0222 46 019 0185 0148 0074 0093 D 0074 0037 0037 0046 72 252N  898W 0028 0028 0019 0019 
NHC  18L RAFAEL    20241106 1800 220N 0823W 320 057 0956 1008 0259 51 019 0185 0167 0074 0093 D 0093 0074 0037 0046 72 248N  907W 0046 0037 0019 0028 
NHC  18L RAFAEL    20241107 0000 232N 0832W 325 062 0966 1008 0259 46 019 0185 0167 0074 0093 D 0093 0074 0037 0046 72 245N  911W 0046 0037 0019 0028 
NHC  18L RAFAEL    20241107 0600 238N 0841W 310 057 0969 1008 0259 46 019 0185 0167 0074 0093 D 0093 0074 0037 0046 72 250N  917W 0046 0037 0019 0028 
NHC  18L RAFAEL    20241107 1200 243N 0849W 305 041 0969 1007 0259 46 028 0185 0167 0093 0167 D 0093 0074 0037 0074 72 246N  924W 0046 0037 0019 0046 
NHC  14E FOURTEEN  20241107 1200 134N 1046W 100 015 1007 1010 0222 13 130 -999 -999 -999 -999 S -999 -999 -999 -999 12 125N 1040W -999 -999 -999 -999 
NHC  18L RAFAEL    20241107 1800 246N 0857W 295 041 0968 1007 0259 46 028 0167 0167 0093 0167 D 0093 0074 0056 0074 72 245N  926W 0046 0037 0019 0046 
NHC  14E FOURTEEN  20241107 1800 127N 1040W 125 021 1009 1010 0222 10 130 -999 -999 -999 -999 S -999 -999 -999 -999 12 123N 1037W -999 -999 -999 -999 
NHC  18L RAFAEL    20241108 0000 247N 0866W 285 041 0966 1007 0259 46 028 0185 0167 0093 0167 D 0093 0074 0056 0074 72 251N  926W 0046 0037 0037 0046 
NHC  18L RAFAEL    20241108 0600 245N 0877W 275 046 0956 1007 0259 54 028 0185 0167 0093 0167 D 0093 0074 0056 0074 72 249N  927W 0046 0037 0037 0046 
NHC  18L RAFAEL    20241108 1200 245N 0885W 265 046 0961 1008 0259 49 028 0148 0130 0111 0148 D 0074 0074 0056 0074 72 263N  914W 0046 0037 0037 0046 
NHC  18L RAFAEL    20241108 1800 246N 0894W 270 041 0964 1008 0259 46 028 0148 0130 0111 0148 D 0074 0074 0056 0074 72 255N  916W 0046 0037 0037 0046 
NHC  18L RAFAEL    20241109 0000 247N 0897W 280 031 0986 1008 0259 33 037 0148 0130 0111 0148 D 0074 0074 0056 0074 72 238N  923W -999 -999 -999 0046 
NHC  18L RAFAEL    20241109 0600 249N 0905W 285 026 0992 1009 0259 28 037 0148 0130 0056 0130 D 0074 -999 -999 0037 72 234N  922W -999 -999 -999 -999 
NHC  18L RAFAEL    20241109 1200 251N 0911W 288 026 0998 1010 0259 26 074 0167 0130 0056 0130 M 0074 -999 -999 -999 72 231N  926W -999 -999 -999 -999 
NHC  98L INVEST    20241109 1800 247N 0710W 305 031 1011 1013 0334 13 056 -999 -999 -999 -999 S -999 -999 -999 -999 -9 -99N -999W -999 -999 -999 -999 
NHC  18L RAFAEL    20241109 1800 253N 0915W 300 021 1000 1010 0259 23 111 0185 0056 -999 0111 M -999 -999 -999 -999 72 224N  932W -999 -999 -999 -999 
NHC  98L INVEST    20241110 0000 248N 0713W 280 031 1011 1013 0334 13 056 -999 -999 -999 -999 S -999 -999 -999 -999 -9 -99N -999W -999 -999 -999 -999 
NHC  18L RAFAEL    20241110 0000 256N 0917W 320 021 1001 1010 0334 21 111 0185 -999 -999 0111 M -999 -999 -999 -999 72 222N  932W -999 -999 -999 -999 
NHC  98L INVEST    20241110 0600 248N 0718W 275 026 1011 1013 0334 15 037 -999 -999 -999 -999 S -999 -999 -999 -999 -9 -99N -999W -999 -999 -999 -999 
NHC  18L RAFAEL    20241110 0600 260N 0918W 330 021 1003 1010 0334 18 111 0185 -999 -999 0111 M -999 -999 -999 -999 72 222N  937W -999 -999 -999 -999 
NHC  98L INVEST    20241110 1200 247N 0725W 270 026 1011 1013 0334 15 037 -999 -999 -999 -999 S -999 -999 -999 -999 -9 -99N -999W -999 -999 -999 -999 
NHC  18L RAFAEL    20241110 1200 262N 0920W 335 015 1003 1011 0334 18 185 0241 0241 -999 -999 S -999 -999 -999 -999 48 243N  913W -999 -999 -999 -999 
NHC  18L RAFAEL    20241110 1800 262N 0915W 090 010 1006 1011 0334 15 185 -999 -999 -999 -999 S -999 -999 -999 -999 48 241N  918W -999 -999 -999 -999 
NHC  99L INVEST    20241112 1800 169N 0765W 270 015 1007 1010 0371 10 000 -999 -999 -999 -999 S -999 -999 -999 -999 -9 -99N -999W -999 -999 -999 -999 
NHC  99L INVEST    20241113 0000 168N 0767W 270 010 1007 1010 0371 10 000 -999 -999 -999 -999 S -999 -999 -999 -999 -9 -99N -999W -999 -999 -999 -999 
NHC  99L INVEST    20241113 0600 165N 0772W 245 015 1007 1010 0371 10 056 -999 -999 -999 -999 S -999 -999 -999 -999 -9 -99N -999W -999 -999 -999 -999 
NHC  99L INVEST    20241113 0600 163N 0774W 265 021 1007 1010 0371 10 056 -999 -999 -999 -999 S -999 -999 -999 -999 -9 -99N -999W -999 -999 -999 -999 
NHC  99L INVEST    20241113 1200 161N 0776W 265 021 1007 1010 0371 10 056 -999 -999 -999 -999 S -999 -999 -999 -999 -9 -99N -999W -999 -999 -999 -999 
NHC  99L INVEST    20241113 1800 162N 0784W 270 026 1007 1010 0371 13 056 -999 -999 -999 -999 S -999 -999 -999 -999 -9 -99N -999W -999 -999 -999 -999 
NHC  19L SARA      20241115 0600 159N 0849W 275 046 0999 1007 0334 21 093 0167 -999 -999 0167 S -999 -999 -999 -999 72 174N  892W -999 -999 -999 -999 
NHC  19L SARA      20241115 1200 161N 0857W 275 041 0997 1007 0334 23 056 0185 -999 -999 0185 M -999 -999 -999 -999 72 179N  901W -999 -999 -999 -999 
NHC  19L SARA      20241115 1800 161N 0861W 270 010 0997 1007 0334 23 074 0148 -999 -999 0185 M -999 -999 -999 -999 72 192N  916W -999 -999 -999 -999 
NHC  19L SARA      20241116 0000 162N 0863W 280 010 0997 1007 0371 23 074 0148 -999 -999 0185 M -999 -999 -999 -999 72 199N  922W -999 -999 -999 -999 
NHC  19L SARA      20241116 0600 161N 0863W 270 005 0999 1007 0371 21 111 0148 -999 -999 0185 M -999 -999 -999 -999 48 177N  900W -999 -999 -999 -999 
NHC  19L SARA      20241116 1200 162N 0863W 280 005 0999 1007 0371 21 111 0148 -999 -999 0185 M -999 -999 -999 -999 48 186N  908W -999 -999 -999 -999 
NHC  19L SARA      20241116 1800 163N 0868W 275 021 1000 1007 0278 21 093 0148 -999 0056 0167 M -999 -999 -999 -999 48 192N  908W -999 -999 -999 -999 
NHC  19L SARA      20241117 0000 164N 0871W 285 015 1000 1007 0278 18 074 0148 0074 0056 0167 S -999 -999 -999 -999 36 185N  907W -999 -999 -999 -999 
NHC  19L SARA      20241117 0600 166N 0875W 295 021 1002 1007 0278 18 074 0148 0074 0056 0167 S -999 -999 -999 -999 24 176N  896W -999 -999 -999 -999 
NHC  19L SARA      20241117 1200 168N 0879W 290 021 1001 1007 0278 18 056 0148 0056 0056 0111 M -999 -999 -999 -999 24 186N  906W -999 -999 -999 -999 
NHC  19L SARA      20241117 1200 167N 0879W 290 021 1001 1007 0278 18 056 0148 0056 0056 0111 M -999 -999 -999 -999 24 186N  906W -999 -999 -999 -999 
NHC  19L SARA      20241117 1800 174N 0890W 300 041 1003 1006 0204 15 093 -999 -999 -999 -999 M -999 -999 -999 -999 24 195N  915W -999 -999 -999 -999 
NHC  19L SARA      20241118 0000 180N 0902W 300 057 1004 1006 0185 13 093 -999 -999 -999 -999 S -999 -999 -999 -999 12 189N  911W -999 -999 -999 -999 
NHC  19L SARA      20241118 0600 185N 0911W 300 062 1005 1007 0185 13 093 -999 -999 -999 -999 S -999 -999 -999 -999 12 193N  920W -999 -999 -999 -999 
JTWC 94S INVEST    20250101 0000 142S 1071E 230 042 1004 1008 0481 13 092 -999 -999 -999 -999 S
JTWC 94S INVEST    20250101 0600 153S 1064E 230 057 1004 1008 0481 13 092 -999 -999 -999 -999 S
JTWC 94S INVEST    20250101 1200 145S 1054E 260 052 1004 1008 0481 13 092 -999 -999 -999 -999 S
JTWC 94S INVEST    20250101 1800 145S 1045E 265 042 1003 1006 0407 13 092 -999 -999 -999 -999 S
JTWC 94S INVEST    20250102 0000 145S 1038E 270 042 1001 1006 0352 13 092 -999 -999 -999 -999 S
JTWC 94S INVEST    20250102 0600 145S 1027E 270 047 1002 1007 0352 13 092 -999 -999 -999 -999 S
JTWC 92S INVEST    20250102 0600 095S 0581E 080 016 1007 1011 0324 13 074 -999 -999 -999 -999 S
JTWC 94S INVEST    20250102 1200 145S 1015E 270 047 1002 1008 0454 13 092 -999 -999 -999 -999 S
JTWC 92S INVEST    20250102 1200 092S 0587E 075 021 1007 1009 0278 13 074 -999 -999 -999 -999 S
JTWC 94S INVEST    20250102 1800 143S 1011E 275 042 1003 1008 0454 10 092 -999 -999 -999 -999 S
JTWC 92S INVEST    20250102 1800 093S 0592E 080 026 1010 1012 0213 10 074 -999 -999 -999 -999 S
JTWC 94S INVEST    20250103 0000 143S 1004E 275 037 1004 1008 0454 13 092 -999 -999 -999 -999 S
JTWC 92S INVEST    20250103 0000 093S 0598E 085 026 1009 1011 0241 10 074 -999 -999 -999 -999 S
JTWC 94S INVEST    20250103 0600 157S 0986E 245 052 1004 1008 0454 13 092 -999 -999 -999 -999 S
JTWC 92S INVEST    20250103 0600 093S 0602E 090 032 1008 1010 0185 10 074 -999 -999 -999 -999 S
JTWC 94S INVEST    20250103 1200 155S 0969E 260 067 1004 1008 0472 13 092 -999 -999 -999 -999 S
JTWC 92S INVEST    20250103 1200 095S 0614E 095 042 1007 1009 0176 13 074 -999 -999 -999 -999 S
JTWC 94S INVEST    20250103 1800 154S 0955E 265 077 1006 1008 0491 13 092 -999 -999 -999 -999 S
JTWC 92S INVEST    20250103 1800 101S 0625E 105 052 1007 1009 0167 13 074 -999 -999 -999 -999 S
JTWC 94S INVEST    20250104 0000 155S 0936E 265 088 1006 1008 0417 13 092 -999 -999 -999 -999 S
JTWC 92S INVEST    20250104 0000 102S 0636E 105 057 1008 1010 0204 13 074 -999 -999 -999 -999 S
JTWC 94S INVEST    20250104 0600 150S 0936E 275 062 1004 1008 0417 13 120 -999 -999 -999 -999 S
JTWC 92S INVEST    20250104 0600 100S 0642E 100 047 1007 1009 0232 13 074 -999 -999 -999 -999 S
JTWC 94S INVEST    20250104 1200 149S 0927E 280 047 1004 1008 0417 13 120 -999 -999 -999 -999 S
JTWC 94S INVEST    20250104 1800 147S 0911E 280 052 1006 1009 0417 13 129 -999 -999 -999 -999 S
JTWC 94S INVEST    20250105 0000 150S 0894E 270 072 1007 1009 0417 13 129 -999 -999 -999 -999 S
JTWC 94S INVEST    20250105 0600 151S 0878E 265 083 1007 1009 0417 13 129 -999 -999 -999 -999 S
JTWC 94S INVEST    20250105 1200 151S 0866E 265 077 1007 1009 0417 13 129 -999 -999 -999 -999 S
JTWC 94S INVEST    20250105 1800 147S 0855E 275 067 1007 1009 0417 10 240 -999 -999 -999 -999 S
JTWC 94S INVEST    20250106 0000 149S 0842E 275 062 1008 1010 0481 10 240 -999 -999 -999 -999 S
JTWC 94S INVEST    20250106 0600 136S 0825E 290 072 1008 1010 0481 10 240 -999 -999 -999 -999 S
JTWC 94S INVEST    20250106 1200 134S 0811E 285 077 1008 1010 0481 10 240 -999 -999 -999 -999 S
JTWC 94S INVEST    20250106 1800 127S 0794E 290 083 1008 1010 0481 10 240 -999 -999 -999 -999 S
JTWC 94S INVEST    20250107 0000 127S 0780E 285 077 1008 1010 0481 10 240 -999 -999 -999 -999 S
JTWC 96P INVEST    20250107 0600 189S 1713W 110 067 1000 1004 0250 10 240 -999 -999 -999 -999 S
JTWC 94S INVEST    20250107 0600 126S 0768E 280 072 1008 1010 0481 10 240 -999 -999 -999 -999 S
JTWC 96P INVEST    20250107 1200 201S 1700W 120 077 1000 1004 0407 15 249 -999 -999 -999 -999 S
JTWC 94S INVEST    20250107 1200 141S 0772E 270 052 1006 1008 0315 13 240 -999 -999 -999 -999 S
JTWC 96P INVEST    20250107 1800 214S 1688W 130 083 0998 1003 0259 15 129 -999 -999 -999 -999 S
JTWC 94S INVEST    20250107 1800 146S 0760E 245 047 1006 1009 0315 15 138 -999 -999 -999 -999 M
JTWC 96P INVEST    20250108 0000 234S 1665W 135 108 0997 1003 0259 15 129 -999 -999 -999 -999 S
JTWC 94S INVEST    20250108 0000 146S 0743E 265 083 1004 1006 0315 15 138 -999 -999 -999 -999 M
JTWC 96P INVEST    20250108 0600 244S 1638W 125 113 0997 1003 0259 15 129 -999 -999 -999 -999 S
JTWC 94S INVEST    20250108 0600 148S 0722E 265 088 1004 1008 0398 15 138 -999 -999 -999 -999 M
JTWC 94S INVEST    20250108 1200 149S 0711E 265 083 1002 1006 0343 15 138 -999 -999 -999 -999 S
JTWC 94S INVEST    20250108 1800 150S 0682E 265 103 1004 1009 0407 15 111 -999 -999 -999 -999 S
JTWC 94S INVEST    20250109 0000 149S 0658E 270 108 1002 1007 0444 15 111 -999 -999 -999 -999 S
JTWC 94S INVEST    20250109 0600 144S 0634E 275 113 1002 1007 0444 15 111 -999 -999 -999 -999 S
JTWC 97S INVEST    20250109 1800 167S 1036E 180 052 1003 1009 0426 15 074 -999 -999 -999 -999 S
JTWC 07S DIKELEDI  20250109 1800 136S 0601E 285 098 0999 1010 0296 20 074 -999 0111 0111 -999 M
JTWC 97S INVEST    20250110 0000 173S 1035E 175 042 1003 1010 0426 15 074 -999 -999 -999 -999 S
JTWC 07S DIKELEDI  20250110 0000 136S 0586E 280 083 0996 1008 0352 23 055 -999 0111 0111 -999 M
JTWC 97S INVEST    20250110 0600 176S 1030E 195 037 1003 1010 0426 15 074 -999 -999 -999 -999 S
JTWC 07S DIKELEDI  20250110 0600 135S 0571E 270 077 0992 1011 0426 26 037 0056 0111 0121 0084 M
JTWC 07S DIKELEDI  20250110 1200 135S 0556E 270 077 0992 1011 0426 26 037 0056 0111 0121 0084 M
JTWC 98P INVEST    20250110 1800 191S 1703W 110 083 1000 1004 0278 18 148 0148 -999 0056 -999 S
JTWC 97S INVEST    20250110 1800 177S 1033E 210 006 0997 1009 0278 13 074 -999 -999 -999 -999 S
JTWC 07S DIKELEDI  20250110 1800 133S 0542E 275 072 0994 1008 0370 28 037 0111 0111 0074 0056 M
JTWC 97S INVEST    20250111 0000 181S 1030E 225 016 0998 1009 0278 13 074 -999 -999 -999 -999 S
JTWC 08P PITA      20250111 0000 199S 1676W 110 098 0998 1004 0278 20 148 0185 0056 0056 -999 M
JTWC 07S DIKELEDI  20250111 0000 131S 0523E 275 083 0988 1008 0444 33 046 0111 0111 0074 0056 M
JTWC 08P PITA      20250111 0600 214S 1642W 110 139 0996 1006 0426 20 012 0158 0056 0056 -999 M
JTWC 07S DIKELEDI  20250111 0600 127S 0516E 280 067 0986 1012 0518 38 018 0065 0121 0204 0111 M
JTWC 08P PITA      20250111 1200 219S 1615W 110 149 0993 1006 0454 18 009 0158 0065 0074 -999 M
JTWC 08P PITA	   20250111 1200 219S 1615W 110 149 0993 1006 0454  009 0158 0065 0074 -999 M
JTWC 08P PITA      20250111 1800 219S 1606W 105 118 0996 1006 0472 20 037 0130 0102 0074 -999 M
JTWC 07S DIKELEDI  20250111 1800 129S 0490E 270 067 0980 1007 0306 38 018 0111 0158 0148 0139 D
JTWC 08P PITA      20250112 0000 219S 1588W 100 103 0997 1007 0426 18 055 0102 0121 0093 -999 S
JTWC 07S DIKELEDI  20250112 0000 132S 0477E 260 067 0982 1009 0278 38 018 0111 0139 0139 0130 D
JTWC 08P PITA      20250112 0600 224S 1575W 100 083 0997 1006 0417 15 055 -999 -999 -999 -999 S
JTWC 07S DIKELEDI  20250112 0600 136S 0462E 255 072 0986 1008 0370 33 018 0111 0130 0130 0130 D
JTWC 08P PITA      20250112 1200 226S 1564W 100 067 0998 1004 0306 18 064 -999 -999 -999 -999 S
JTWC 07S DIKELEDI  20250112 1200 141S 0448E 255 072 0989 1004 0102 28 037 0130 0065 0074 0084 D
JTWC 07S DIKELEDI  20250112 1800 144S 0439E 250 062 0970 1006 0222 36 037 0139 0121 0130 0167 D
JTWC 07S DIKELEDI  20250113 0000 145S 0427E 255 062 0982 1006 0370 36 027 0139 0121 0130 0167 D
JTWC 07S DIKELEDI  20250113 0600 148S 0411E 255 062 0982 1006 0407 36 027 0121 0111 0102 0111 D
JTWC 07S DIKELEDI  20250113 1200 152S 0406E 250 057 0978 1002 0343 43 022 0065 0065 0047 0093 D
JTWC 07S DIKELEDI  20250113 1800 155S 0402E 245 042 0981 1006 0296 36 027 0074 0074 0056 0056 D
JTWC 07S DIKELEDI  20250114 0000 162S 0399E 220 032 0986 1005 0278 31 037 0056 0074 0056 0056 M
JTWC 07S DIKELEDI  20250114 0600 167S 0399E 205 026 0988 1006 0296 28 027 0056 0074 0056 0056 M
JTWC 07S DIKELEDI  20250114 1200 178S 0397E 190 042 0988 1006 0296 28 027 0056 0074 0056 0056 M
JTWC 07S DIKELEDI  20250114 1800 189S 0398E 180 047 0985 1004 0259 31 037 0222 0222 0093 0148 M
JTWC 07S DIKELEDI  20250115 0000 199S 0401E 175 052 0983 1002 0204 31 046 0222 0222 0093 0148 M
JTWC 07S DIKELEDI  20250115 0600 217S 0411E 160 072 0970 1003 0222 36 046 0222 0241 0111 0158 M
JTWC 07S DIKELEDI  20250115 1200 236S 0417E 160 083 0965 1002 0250 38 046 0222 0241 0111 0093 D
JTWC 07S DIKELEDI  20250115 1800 257S 0423E 165 098 0963 1002 0148 43 027 0241 0204 0074 0093 D
JTWC 07S DIKELEDI  20250116 0000 275S 0433E 160 108 0951 1002 0148 51 027 0241 0167 0074 0093 D
JTWC 07S DIKELEDI  20250116 0600 289S 0447E 150 098 0950 1006 0324 51 027 0269 0148 0093 0222 D
JTWC 07S DIKELEDI  20250116 1200 306S 0470E 140 108 0956 1008 0481 48 037 0269 0148 0093 0222 D
JTWC 07S DIKELEDI  20250116 1800 318S 0489E 135 108 0979 1008 0481 38 037 0241 0158 0084 0204 D
JTWC 07S DIKELEDI  20250117 0000 329S 0516E 125 123 0979 1008 0491 33 037 0204 0093 0093 0148 D
JTWC 07S DIKELEDI  20250117 0600 337S 0548E 115 128 0989 1007 0250 26 074 0213 0139 0121 0185 M
JTWC 90S INVEST    20250117 1200 155S 1197E 350 016 1000 1002 0454 10 064 -999 -999 -999 -999 S
JTWC 07S DIKELEDI  20250117 1200 342S 0580E 105 134 0992 1006 0269 23 083 0213 0139 0121 0185 M
JTWC 90S INVEST    20250117 1800 192S 1199E 150 047 0997 1003 0694 13 046 -999 -999 -999 -999 S
JTWC 07S DIKELEDI  20250117 1800 350S 0619E 105 144 0994 1006 0269 23 185 0269 0130 0111 0232 S
JTWC 10S TEN       20250118 0000 193S 1191E 200 037 0996 1004 0611 18 046 0093 0074 0074 0074 M
JTWC 10S TEN       20250118 0600 193S 1181E 250 042 0996 1004 0611 18 046 0093 0074 0074 0074 M
JTWC 10S TEN       20250118 1200 189S 1178E 280 037 0996 1003 0611 23 046 0102 0093 0093 0102 M
JTWC 10S TEN       20250118 1800 192S 1173E 275 032 0992 1003 0574 23 027 0084 0074 0065 0047 M
JTWC 10S SEAN      20250119 0000 195S 1161E 265 032 0987 1004 0685 26 037 0167 0185 0167 0130 M
JTWC 10S SEAN      20250119 0600 196S 1153E 255 042 0985 1004 0685 28 037 0167 0278 0167 0130 M
JTWC 10S SEAN      20250119 1200 202S 1144E 250 052 0978 1005 0750 33 022 0167 0278 0167 0130 D
JTWC 10S SEAN      20250119 1800 205S 1133E 250 052 0975 1004 0703 38 022 0167 0278 0259 0130 D
JTWC 10S SEAN      20250120 0000 210S 1123E 240 052 0961 1005 0787 48 022 0185 0278 0259 0130 D
JTWC 10S SEAN      20250120 0600 216S 1117E 240 052 0940 1004 0925 56 009 0148 0278 0176 0158 D
JTWC 10S SEAN      20250120 1200 226S 1108E 225 057 0936 1005 0888 59 009 0148 0278 0176 0158 D
JTWC 10S SEAN      20250120 1800 233S 1100E 220 052 0948 1004 0666 54 018 0296 0296 0213 0222 D
JTWC 10S SEAN      20250121 0000 241S 1092E 220 057 0956 1004 0703 48 018 0296 0296 0213 0222 D
JTWC 10S SEAN      20250121 0600 251S 1084E 220 062 0966 1004 0555 41 027 0278 0259 0213 0222 D
JTWC 10S SEAN      20250121 1200 263S 1075E 215 067 0977 1004 0555 33 037 0278 0259 0213 0222 D
JTWC 10S SEAN      20250121 1800 268S 1075E 210 052 0982 1004 0491 28 046 0250 0241 0213 0222 D
JTWC 10S SEAN      20250122 0000 273S 1070E 205 042 0988 1004 0491 23 046 0250 0241 0213 0222 D
JTWC 10S SEAN      20250122 0600 279S 1070E 200 037 0987 1006 0481 23 111 0213 0213 0213 0176 M
JTWC 10S SEAN      20250122 1200 282S 1072E 175 026 0992 1006 0454 20 111 0139 0167 0213 0148 M
JTWC 10S SEAN      20250122 1800 284S 1075E 160 021 0991 1006 0444 20 166 0241 0407 0333 0259 S
JTWC 10S SEAN      20250123 0000 292S 1078E 155 026 0994 1008 0481 20 166 0185 0370 0259 0222 S
JTWC 10S SEAN	   20250123 0000 292S 1078E 155 026 0994 1008 0481  166 0185 0370 0259 0222 S
JTWC 93S INVEST    20250126 0600 121S 0787E 250 037 1002 1007 0481 15 120 -999 -999 -999 -999 S
JTWC 93S INVEST    20250126 1200 122S 0782E 260 037 1002 1005 0518 15 120 -999 -999 -999 -999 S
JTWC 93S INVEST    20250126 1800 122S 0766E 270 047 1005 1008 0518 13 120 -999 -999 -999 -999 S
JTWC 93S INVEST    20250127 0000 124S 0758E 265 047 1005 1008 0518 10 120 -999 -999 -999 -999 S
JTWC 93S INVEST    20250127 0600 115S 0764E 275 032 1003 1006 0463 13 120 -999 -999 -999 -999 S
JTWC 93S INVEST    20250127 1200 114S 0766E 280 021 1002 1004 0463 13 120 -999 -999 -999 -999 S
JTWC 93S INVEST    20250127 1800 116S 0759E 265 021 1003 1007 0555 13 074 -999 -999 -999 -999 S
JTWC 93S INVEST    20250128 0000 119S 0747E 260 037 1003 1007 0555 13 074 -999 -999 -999 -999 S
JTWC 96P INVEST    20250128 0600 168S 1461E 165 037 1006 1008 0426 13 055 -999 -999 -999 -999 S
JTWC 93S INVEST    20250128 0600 113S 0760E 270 016 1002 1007 0537 15 092 -999 -999 -999 -999 S
JTWC 96P INVEST    20250128 1200 168S 1463E 155 026 1006 1008 0426 13 055 -999 -999 -999 -999 S
JTWC 11S ELEVEN    20250128 1200 117S 0762E 200 011 0998 1005 0463 18 092 -999 -999 0259 -999 M
JTWC 92S INVEST    20250128 1800 251S 0436E 140 052 0998 1005 0463 15 111 -999 -999 -999 -999 S
JTWC 11S ELEVEN    20250128 1800 120S 0767E 145 021 0998 1005 0463 18 092 -999 -999 0259 -999 M
JTWC 96P INVEST    20250129 0000 170S 1460E 165 032 1007 1008 0176 10 046 -999 -999 -999 -999 S
JTWC 92S INVEST    20250129 0000 260S 0441E 135 052 0998 1005 0463 15 111 -999 -999 -999 -999 S
JTWC 11S ELEVEN    20250129 0000 125S 0763E 165 021 0998 1006 0444 18 092 -999 -999 0102 -999 M
JTWC 96P INVEST    20250129 0600 169S 1460E 250 006 1005 1007 0167 10 046 -999 -999 -999 -999 S
JTWC 92S INVEST    20250129 0600 250S 0426E 205 016 0998 1006 0389 18 092 -999 0148 0148 -999 S
JTWC 11S ELEVEN    20250129 0600 140S 0754E 200 042 1000 1008 0426 15 074 -999 -999 -999 -999 M
JTWC 96P INVEST    20250129 1200 171S 1461E 285 006 1006 1008 0167 10 046 -999 -999 -999 -999 S
JTWC 12S ELVIS     20250129 1200 249S 0425E 290 021 0993 1005 0352 20 055 0093 0278 0278 0093 M
JTWC 11S ELEVEN    20250129 1200 146S 0750E 210 047 1000 1007 0537 15 074 -999 -999 -999 -999 M
JTWC 12S ELVIS     20250129 1800 258S 0432E 220 006 0989 1005 0278 23 055 0074 0222 0222 0074 S
JTWC 11S ELEVEN    20250129 1800 153S 0744E 210 052 0996 1008 0370 15 074 -999 -999 -999 -999 M
JTWC 12S ELVIS     20250130 0000 260S 0439E 135 026 0989 1005 0333 23 055 0074 0222 0222 0074 S
JTWC 11S ELEVEN    20250130 0000 160S 0727E 230 057 0996 1006 0407 18 055 0028 0056 0056 0028 M
JTWC 12S ELVIS     20250130 0600 268S 0442E 145 042 0993 1006 0306 20 055 0093 0222 0167 0074 M
JTWC 11S ELEVEN    20250130 0600 160S 0706E 250 077 0996 1008 0407 20 055 0093 0084 0139 0111 M
JTWC 12S ELVIS     20250130 1200 281S 0457E 140 062 0992 1004 0287 20 055 0111 0204 0167 0074 M
JTWC 11S ELEVEN    20250130 1200 166S 0699E 255 062 0999 1004 0352 18 055 0093 0111 0139 0111 M
JTWC 12S ELVIS     20250130 1800 295S 0468E 145 083 0993 1004 0296 20 055 0148 0278 0139 0111 M
JTWC 12S ELVIS     20250130 1800 295S 0468E 145 083 0993 1004 0296 20 055 0111 0204 0167 0074 M
JTWC 11S ELEVEN    20250130 1800 165S 0687E 260 057 0999 1004 0343 18 055 0093 0111 0139 0111 M
JTWC 12S ELVIS     20250131 0000 306S 0474E 150 077 0993 1006 0352 20 064 0213 0213 0139 0111 M
JTWC 11S ELEVEN    20250131 0000 161S 0673E 275 052 0997 1006 0333 18 055 0093 0185 0167 0084 M
JTWC 99S INVEST    20250131 0600 146S 1057E 255 037 1000 1003 0278 13 138 -999 -999 -999 -999 S
JTWC 12S ELVIS     20250131 0600 317S 0485E 145 072 0993 1006 0454 20 064 0213 0213 0139 0111 S
JTWC 11S ELEVEN    20250131 0600 157S 0665E 280 057 0997 1007 0426 18 055 0093 0185 0167 0084 M
JTWC 99S INVEST    20250131 1200 146S 1054E 265 032 1000 1004 0333 13 138 -999 -999 -999 -999 S
JTWC 12S ELVIS     20250131 1200 327S 0494E 145 067 0994 1005 0472 18 074 0213 0213 0139 0111 S
JTWC 11S ELEVEN    20250131 1200 169S 0656E 255 052 0999 1005 0472 18 055 0093 0185 0167 0084 S
JTWC 99S INVEST    20250131 1800 144S 1048E 275 032 1000 1004 0333 13 138 -999 -999 -999 -999 S
JTWC 90S INVEST    20250131 1800 132S 1206E 255 026 1001 1008 0278 13 000 -999 -999 -999 -999 S
JTWC 12S ELVIS     20250131 1800 341S 0519E 135 088 0994 1005 0472 18 092 0213 0213 0139 0111 S
JTWC 11S ELEVEN    20250131 1800 169S 0635E 260 067 1000 1008 0555 15 055 -999 -999 -999 -999 S
JTWC 99S INVEST    20250201 0000 146S 1039E 265 042 0998 1004 0370 15 083 -999 -999 -999 -999 S
JTWC 90S INVEST    20250201 0000 134S 1195E 255 037 0999 1006 0352 15 055 -999 -999 -999 -999 S
JTWC 11S ELEVEN    20250201 0000 171S 0623E 250 072 0999 1008 0555 18 055 0093 0185 0167 0084 M
JTWC 99S INVEST    20250201 0600 152S 1031E 255 052 0997 1002 0352 15 083 -999 -999 -999 -999 S
JTWC 90S INVEST    20250201 0600 137S 1188E 255 042 0997 1002 0259 15 046 -999 -999 -999 -999 S
JTWC 11S ELEVEN    20250201 0600 170S 0618E 270 062 0997 1008 0592 18 046 0111 0093 0148 0074 M
JTWC 99S INVEST    20250201 1200 154S 1025E 245 042 0995 1001 0296 15 083 -999 -999 -999 -999 S
JTWC 91P INVEST    20250201 1200 177S 1648E 185 052 0999 1004 0204 15 129 -999 -999 -999 -999 S
JTWC 90S INVEST    20250201 1200 139S 1191E 245 026 0995 1003 0259 15 046 -999 -999 -999 -999 S
JTWC 11S ELEVEN    20250201 1200 176S 0608E 255 052 0997 1005 0481 18 046 0111 0074 0148 0111 M
JTWC 91P INVEST    20250201 1800 185S 1643E 210 057 1001 1004 0204 13 166 -999 -999 -999 -999 S
JTWC 90S INVEST    20250201 1800 142S 1189E 215 016 0995 1003 0259 15 046 -999 -999 -999 -999 S
JTWC 13S THIRTEEN  20250201 1800 156S 1013E 255 042 0994 1003 0518 18 092 -999 0093 0084 -999 S
JTWC 11S ELEVEN    20250201 1800 181S 0597E 250 052 0997 1005 0481 18 148 -999 -999 -999 0148 M
JTWC 91P INVEST    20250202 0000 190S 1642E 195 032 1001 1004 0204 13 166 -999 -999 -999 -999 S
JTWC 14S FOURTEEN  20250202 0000 147S 1170E 245 042 0994 1004 0324 18 092 -999 0084 0111 -999 M
JTWC 13S THIRTEEN  20250202 0000 158S 1002E 255 052 0994 1003 0518 18 092 -999 0093 0084 -999 M
JTWC 11S ELEVEN    20250202 0000 185S 0588E 240 057 0997 1005 0481 18 148 -999 -999 -999 0148 M
JTWC 91P INVEST    20250202 0600 191S 1645E 190 026 0997 1002 0315 15 166 -999 -999 -999 -999 S
JTWC 14S FOURTEEN  20250202 0600 145S 1161E 260 047 0984 1001 0296 23 055 0259 0111 0130 0259 M
JTWC 13S THIRTEEN  20250202 0600 157S 0989E 265 062 0990 1004 0666 20 074 0093 0111 0111 0111 M
JTWC 11S ELEVEN    20250202 0600 193S 0570E 245 067 0997 1008 0555 15 055 -999 -999 -999 -999 M
JTWC 15P FIFTEEN   20250202 1200 194S 1659E 120 032 0997 1005 0296 20 111 0111 0241 0185 0111 M
JTWC 14S TALIAH    20250202 1200 142S 1162E 280 037 0983 1002 0333 31 055 0259 0167 0185 0259 D
JTWC 13S THIRTEEN  20250202 1200 155S 0976E 270 062 0986 1003 0629 20 055 0093 0185 0185 0111 M
JTWC 11S ELEVEN    20250202 1200 193S 0558E 250 067 0997 1005 0463 18 055 0148 0111 0111 0148 M
JTWC 15P FIFTEEN   20250202 1800 195S 1675E 100 057 0997 1005 0296 20 111 0111 0241 0185 0111 M
JTWC 14S TALIAH    20250202 1800 151S 1154E 250 032 0977 1002 0333 33 027 0148 0111 0204 0111 D
JTWC 13S THIRTEEN  20250202 1800 156S 0971E 270 052 0985 1003 0611 23 046 0093 0185 0185 0111 M
JTWC 11S ELEVEN    20250202 1800 183S 0531E 270 088 0997 1005 0463 20 055 0148 0111 0111 0148 M
JTWC 92P INVEST    20250203 0000 145S 1605E 130 042 1002 1006 0185 13 046 -999 -999 -999 -999 S
JTWC 15P FIFTEEN   20250203 0000 207S 1678E 120 062 0996 1006 0324 23 111 0111 0241 0185 0111 M
JTWC 14S TALIAH    20250203 0000 153S 1149E 240 037 0977 1002 0333 33 027 0148 0111 0204 0111 D
JTWC 13S THIRTEEN  20250203 0000 160S 0962E 260 047 0984 1005 0694 26 046 0093 0185 0185 0111 M
JTWC 11S ELEVEN    20250203 0000 183S 0512E 270 088 0997 1006 0491 23 055 0148 0111 0111 0148 M
JTWC 15P FIFTEEN   20250203 0600 210S 1680E 130 042 0993 1004 0278 23 074 0185 0241 0185 0111 M
JTWC 14S TALIAH    20250203 0600 151S 1143E 250 037 0975 1001 0333 36 027 0259 0241 0185 0259 D
JTWC 13S VINCE     20250203 0600 165S 0949E 250 052 0983 1004 0555 28 037 0130 0185 0167 0130 D
JTWC 11S ELEVEN    20250203 0600 180S 0513E 275 057 0997 1008 0463 23 055 0074 0074 0111 0130 M
JTWC 92P INVEST    20250203 1200 158S 1595E 175 037 1002 1006 0278 15 055 -999 -999 -999 -999 S
JTWC 15P FIFTEEN   20250203 1200 210S 1680E 130 042 0995 1006 0204 20 074 0185 0241 0185 0111 M
JTWC 14S TALIAH    20250203 1200 152S 1138E 260 032 0976 1002 0352 36 027 0259 0241 0185 0259 D
JTWC 13S VINCE     20250203 1200 169S 0935E 250 067 0980 1004 0611 31 037 0130 0185 0167 0130 D
JTWC 11S FAIDA     20250203 1200 181S 0505E 275 057 0998 1006 0315 20 074 -999 -999 0111 0111 M
JTWC 92P INVEST    20250203 1800 160S 1598E 165 021 1002 1006 0278 15 055 -999 -999 -999 -999 M
JTWC 15P FIFTEEN   20250203 1800 211S 1682E 135 016 0997 1005 0167 18 074 0185 0241 0185 0111 M
JTWC 14S TALIAH    20250203 1800 154S 1128E 265 037 0972 1002 0352 38 027 0296 0204 0259 0333 D
JTWC 13S VINCE     20250203 1800 171S 0921E 255 072 0987 1005 0611 33 037 0130 0185 0167 0130 D
JTWC 11S FAIDA     20250203 1800 192S 0513E 235 032 0998 1007 0352 20 074 -999 -999 0111 0111 M
JTWC 92P INVEST    20250204 0000 168S 1605E 145 032 1002 1005 0278 15 055 -999 -999 -999 -999 M
JTWC 15P FIFTEEN   20250204 0000 214S 1693E 115 026 0997 1005 0167 15 074 -999 -999 -999 -999 M
JTWC 14S TALIAH    20250204 0000 154S 1122E 260 037 0972 1003 0444 41 027 0296 0204 0259 0333 D
JTWC 13S VINCE     20250204 0000 174S 0908E 255 067 0978 1005 0407 38 111 0111 0269 0241 0204 D
JTWC 11S FAIDA     20250204 0000 184S 0499E 265 042 0998 1007 0352 20 074 -999 -999 0111 0111 M
JTWC 92P INVEST    20250204 0600 179S 1609E 150 042 0998 1003 0269 15 055 -999 -999 -999 -999 S
JTWC 15P FIFTEEN   20250204 0600 214S 1705E 100 042 0996 1005 0204 18 037 0121 0148 0074 0102 M
JTWC 14S TALIAH    20250204 0600 155S 1109E 260 047 0972 1002 0444 43 037 0296 0204 0204 0333 D
JTWC 13S VINCE     20250204 0600 178S 0901E 250 062 0958 1004 0454 51 009 0130 0241 0241 0148 D
JTWC 11S FAIDA     20250204 0600 184S 0492E 275 042 1003 1009 0259 18 074 -999 -999 0111 0111 S
JTWC 92P INVEST    20250204 1200 182S 1611E 150 037 0998 1005 0259 15 055 -999 -999 -999 -999 S
JTWC 15P FIFTEEN   20250204 1200 215S 1724E 095 062 1000 1007 0241 18 055 0139 0167 0084 0102 M
JTWC 14S TALIAH    20250204 1200 156S 1104E 260 042 0967 1004 0528 43 037 0324 0204 0222 0333 D
JTWC 13S VINCE     20250204 1200 181S 0892E 245 052 0962 1004 0500 48 009 0158 0269 0259 0176 D
JTWC 11S FAIDA     20250204 1200 196S 0504E 205 016 1002 1009 0222 18 074 0093 -999 0111 0111 S
JTWC 92P INVEST    20250204 1800 187S 1620E 140 037 1000 1006 0500 15 055 -999 -999 -999 -999 M
JTWC 15P FIFTEEN   20250204 1800 215S 1734E 095 067 0998 1006 0241 18 055 0139 0167 0084 0102 M
JTWC 14S TALIAH    20250204 1800 159S 1095E 260 047 0967 1004 0574 43 037 0324 0204 0222 0333 D
JTWC 13S VINCE     20250204 1800 182S 0880E 250 052 0963 1006 0500 48 022 0121 0158 0213 0158 D
JTWC 11S FAIDA     20250204 1800 201S 0495E 190 032 1003 1010 0241 13 074 -999 -999 -999 -999 S
JTWC 92P INVEST    20250205 0000 199S 1615E 165 042 1000 1006 0500 15 055 -999 -999 -999 -999 M
JTWC 15P FIFTEEN   20250205 0000 213S 1741E 090 052 0998 1006 0241 18 055 0139 0167 0084 0102 S
JTWC 14S TALIAH    20250205 0000 157S 1083E 265 052 0975 1004 0574 38 037 0269 0185 0241 0315 D
JTWC 13S VINCE     20250205 0000 187S 0869E 250 052 0967 1006 0500 46 027 0121 0158 0213 0158 D
JTWC 11S FAIDA     20250205 0000 204S 0487E 235 037 1003 1010 0241 13 074 -999 -999 -999 -999 S
JTWC 92P INVEST    20250205 0600 205S 1615E 170 037 1000 1004 0454 15 055 -999 -999 -999 -999 S
JTWC 14S TALIAH    20250205 0600 152S 1074E 275 052 0979 1002 0583 33 037 0269 0185 0241 0315 D
JTWC 13S VINCE     20250205 0600 190S 0857E 250 057 0963 1006 0546 48 009 0130 0241 0241 0176 D
JTWC 11S FAIDA     20250205 0600 220S 0483E 220 052 1004 1010 0241 13 074 -999 -999 -999 -999 S
JTWC 92P INVEST    20250205 1200 208S 1616E 170 032 1000 1006 0361 15 055 -999 -999 -999 -999 S
JTWC 14S TALIAH    20250205 1200 148S 1066E 290 047 0979 1003 0602 33 046 0269 0185 0241 0315 D
JTWC 13S VINCE     20250205 1200 188S 0847E 260 057 0951 1004 0509 56 009 0148 0241 0241 0176 D
JTWC 92P INVEST    20250205 1800 212S 1619E 160 026 1000 1006 0361 15 055 -999 -999 -999 -999 S
JTWC 14S TALIAH    20250205 1800 147S 1058E 285 052 0984 1003 0602 31 064 0269 0185 0241 0315 D
JTWC 13S VINCE     20250205 1800 188S 0839E 265 052 0951 1006 0481 56 009 0148 0195 0222 0148 D
JTWC 92P INVEST    20250206 0000 217S 1621E 155 021 1000 1006 0361 15 055 -999 -999 -999 -999 S
JTWC 14S TALIAH    20250206 0000 149S 1053E 275 032 0984 1003 0602 28 064 0195 0158 0278 0259 D
JTWC 13S VINCE     20250206 0000 191S 0833E 260 042 0944 1006 0481 54 009 0148 0195 0222 0148 D
JTWC 92P INVEST    20250206 0600 221S 1627E 140 032 0998 1005 0500 15 148 -999 -999 -999 -999 S
JTWC 14S TALIAH    20250206 0600 149S 1038E 270 047 0981 1004 0685 33 064 0278 0241 0315 0333 D
JTWC 13S VINCE     20250206 0600 193S 0825E 255 037 0954 1006 0500 54 022 0139 0176 0167 0148 D
JTWC 92P INVEST    20250206 1200 224S 1639E 120 042 0997 1004 0241 18 111 -999 0222 0148 -999 S
JTWC 14S TALIAH    20250206 1200 149S 1028E 270 057 0981 1004 0685 33 064 0278 0241 0315 0333 D
JTWC 13S VINCE	   20250206 1200 195S 0817E 250 037 0944 1005 0611 9 022 0139 0176 0167 0148 D
JTWC 13S VINCE     20250206 1200 195S 0817E 250 037 0944 1005 0611 59 022 0139 0176 0167 0148 D
JTWC 14S TALIAH    20250206 1800 145S 1015E 275 057 0984 1004 0685 31 064 0278 0241 0315 0333 D
JTWC 13S VINCE     20250206 1800 197S 0807E 255 047 0924 1004 0481 69 022 0139 0176 0167 0148 D
JTWC 14S TALIAH    20250207 0000 143S 1003E 280 057 0984 1004 0685 31 064 0278 0241 0315 0333 D
JTWC 13S VINCE     20250207 0000 198S 0796E 260 047 0924 1004 0481 69 022 0167 0185 0185 0148 D
JTWC 14S TALIAH    20250207 0600 156S 0995E 255 052 0992 1006 0703 23 074 0241 0222 0222 0296 M
JTWC 13S VINCE     20250207 0600 198S 0783E 265 057 0934 1008 0592 66 022 0130 0148 0167 0130 D
JTWC 13S VINCE	   20250207 0600 198S 0783E 265 057 0934 1008 0592 6 022 0130 0148 0167 0130 D
JTWC 14S TALIAH    20250207 1200 161S 0983E 245 057 0991 1006 0703 23 074 0241 0222 0222 0296 M
JTWC 13S VINCE     20250207 1200 200S 0771E 265 057 0932 1006 0500 66 022 0130 0148 0167 0130 D
JTWC 14S TALIAH    20250207 1800 158S 0969E 260 067 0986 1004 0685 26 074 0232 0213 0222 0269 D
JTWC 13S VINCE     20250207 1800 201S 0759E 265 062 0932 1004 0481 66 022 0130 0204 0222 0111 D
JTWC 96S INVEST    20250208 0000 139S 1264E 340 011 1002 1008 0278 08 037 -999 -999 -999 -999 S
JTWC 14S TALIAH    20250208 0000 157S 0962E 270 057 0982 1004 0685 26 074 0148 0204 0222 0167 D
JTWC 13S VINCE     20250208 0000 204S 0747E 260 057 0947 1004 0481 64 022 0111 0158 0130 0093 D
JTWC 96S INVEST    20250208 0600 144S 1254E 255 021 0996 0998 0185 13 046 -999 -999 -999 -999 S
JTWC 14S TALIAH    20250208 0600 158S 0959E 270 042 0992 1005 0583 26 074 0148 0204 0222 0167 D
JTWC 13S VINCE     20250208 0600 204S 0734E 260 057 0941 1006 0472 61 027 0121 0185 0176 0111 D
JTWC 96S INVEST    20250208 1200 143S 1248E 250 026 0996 1000 0185 13 046 -999 -999 -999 -999 S
JTWC 14S TALIAH    20250208 1200 158S 0951E 270 042 0994 1004 0583 23 074 0148 0204 0222 0167 D
JTWC 13S VINCE	   20250208 1200 205S 0725E 260 057 0946 1004 0454 9 027 0121 0185 0176 0111 D
JTWC 13S VINCE     20250208 1200 205S 0725E 260 057 0946 1004 0454 59 027 0121 0185 0176 0111 D
JTWC 96S INVEST    20250208 1800 146S 1244E 250 021 0998 1000 0185 13 046 -999 -999 -999 -999 S
JTWC 14S TALIAH    20250208 1800 157S 0947E 275 032 0994 1005 0583 23 148 0148 0204 0222 0167 D
JTWC 13S VINCE     20250208 1800 205S 0715E 265 052 0946 1007 0500 59 031 0121 0259 0250 0111 D
JTWC 96S INVEST    20250209 0000 149S 1239E 240 026 1000 1002 0222 13 046 -999 -999 -999 -999 S
JTWC 14S TALIAH    20250209 0000 153S 0943E 290 026 0994 1005 0583 23 148 0148 0204 0222 0167 D
JTWC 13S VINCE     20250209 0000 206S 0708E 265 042 0945 1007 0500 59 031 0139 0222 0167 0148 D
JTWC 96S INVEST    20250209 0600 153S 1237E 225 026 0996 0999 0185 13 083 -999 -999 -999 -999 S
JTWC 14S TALIAH    20250209 0600 151S 0938E 290 026 0997 1006 0648 20 064 0167 0185 0204 0148 M
JTWC 13S VINCE     20250209 0600 206S 0700E 265 042 0954 1007 0500 54 040 0222 0259 0167 0158 D
JTWC 96S INVEST    20250209 1200 154S 1232E 240 021 0997 1000 0185 13 083 -999 -999 -999 -999 S
JTWC 14S TALIAH    20250209 1200 149S 0934E 290 026 0997 1006 0731 20 074 0167 0185 0204 0148 M
JTWC 13S VINCE     20250209 1200 210S 0697E 250 032 0951 1005 0537 54 040 0222 0259 0185 0158 D
JTWC 96S INVEST    20250209 1800 154S 1229E 260 016 0997 1000 0204 13 083 -999 -999 -999 -999 S
JTWC 14S TALIAH    20250209 1800 149S 0933E 285 021 0999 1008 0805 20 074 0195 0185 0167 0148 M
JTWC 13S VINCE     20250209 1800 216S 0693E 230 032 0952 1007 0500 54 040 0222 0259 0185 0158 D
JTWC 96S INVEST    20250210 0000 154S 1226E 265 016 0997 1000 0204 13 083 -999 -999 -999 -999 S
JTWC 14S TALIAH    20250210 0000 148S 0931E 290 016 0996 1008 0805 23 074 0195 0185 0167 0148 M
JTWC 13S VINCE     20250210 0000 224S 0689E 210 037 0954 1005 0426 51 031 0222 0259 0185 0158 D
JTWC 96S INVEST    20250210 0600 158S 1209E 260 042 0996 1000 0241 13 074 -999 -999 -999 -999 S
JTWC 14S TALIAH    20250210 0600 140S 0929E 325 021 0994 1008 0851 20 074 0148 0111 0167 0148 M
JTWC 13S VINCE	   20250210 0600 230S 0683E 210 042 0960 1007 0481 8 031 0259 0278 0222 0167 D
JTWC 13S VINCE     20250210 0600 230S 0683E 210 042 0960 1007 0481 48 031 0259 0278 0222 0167 D
JTWC 96S INVEST    20250210 1200 160S 1206E 255 042 0997 1001 0407 13 074 -999 -999 -999 -999 S
JTWC 95P INVEST    20250210 1200 206S 1584E 110 083 0998 1008 0518 15 148 -999 -999 -999 -999 S
JTWC 14S TALIAH    20250210 1200 143S 0928E 320 011 0992 1007 0833 23 074 0222 0130 0185 0167 M
JTWC 13S VINCE     20250210 1200 240S 0684E 195 042 0960 1005 0463 48 031 0259 0278 0222 0167 D
JTWC 96S INVEST    20250210 1800 158S 1197E 260 042 0997 1001 0306 13 129 -999 -999 -999 -999 S
JTWC 95P INVEST    20250210 1800 209S 1607E 110 103 1000 1005 0287 15 185 -999 -999 -999 -999 S
JTWC 14S TALIAH    20250210 1800 141S 0924E 305 016 0992 1004 0676 26 064 0204 0167 0139 0176 M
JTWC 13S VINCE     20250210 1800 249S 0685E 185 047 0960 1004 0463 46 009 0222 0278 0222 0167 D
JTWC 96S INVEST    20250211 0000 164S 1188E 250 037 0999 1003 0296 15 129 -999 -999 -999 -999 S
JTWC 14S TALIAH    20250211 0000 145S 0923E 280 011 0992 1005 0491 23 092 0361 0167 0204 0232 M
JTWC 13S VINCE     20250211 0000 262S 0691E 165 052 0959 1004 0472 46 009 0222 0269 0185 0158 D
JTWC 17S SEVENTEEN 20250211 0600 169S 1198E 220 021 0992 1000 0241 20 074 0093 0093 0148 0130 M
JTWC 16P SIXTEEN   20250211 0600 223S 1635E 110 072 0997 1006 0426 20 129 0222 0130 -999 0148 M
JTWC 14S TALIAH    20250211 0600 146S 0921E 285 016 0992 1009 0814 28 064 0241 0204 0204 0222 M
JTWC 13S VINCE     20250211 0600 269S 0692E 165 057 0975 1006 0407 36 037 0287 0296 0204 0158 D
JTWC 17S SEVENTEEN 20250211 1200 179S 1191E 215 032 0991 1002 0278 20 074 0093 0093 0148 0130 M
JTWC 16P SIXTEEN   20250211 1200 230S 1647E 115 072 0998 1009 0518 18 092 0185 0148 0111 0056 M
JTWC 14S TALIAH    20250211 1200 152S 0918E 215 016 0986 1007 0722 28 064 0241 0204 0204 0222 M
JTWC 13S VINCE     20250211 1200 279S 0698E 160 057 0975 1006 0315 36 037 0287 0296 0204 0158 D
JTWC 17S ZELIA     20250212 0000 191S 1186E 195 037 0982 1001 0324 31 074 0195 0232 0204 0185 D
JTWC 16P SIXTEEN   20250212 0000 236S 1666E 115 052 0998 1005 0213 20 027 0148 0084 0102 0093 S
JTWC 14S TALIAH    20250212 0000 164S 0912E 205 032 0987 1004 0676 28 046 0213 0250 0278 0185 D
JTWC 13S VINCE     20250212 0000 300S 0703E 165 057 0967 1006 0306 33 055 0158 0306 0250 0185 D
JTWC 17S ZELIA     20250212 0600 190S 1187E 200 021 0978 1001 0352 33 055 0167 0185 0148 0167 D
JTWC 16P SIXTEEN   20250212 0600 237S 1678E 110 047 0998 1006 0296 18 148 0222 0259 0111 0093 S
JTWC 14S TALIAH    20250212 0600 177S 0906E 205 047 0984 1007 0592 33 111 0296 0352 0278 0241 D
JTWC 17S ZELIA	   20250212 1200 191S 1186E 195 037 0976 1002 0278 6 037 0167 0185 0148 0167 D
JTWC 17S ZELIA     20250212 1200 191S 1186E 195 037 0976 1002 0278 36 037 0167 0185 0148 0167 D
JTWC 16P SIXTEEN   20250212 1200 235S 1681E 095 042 0998 1008 0315 18 111 0167 0278 0111 0111 S
JTWC 14S TALIAH    20250212 1200 189S 0902E 205 057 0983 1006 0555 33 092 0296 0352 0278 0241 D
JTWC 17S ZELIA     20250212 1800 192S 1183E 230 011 0964 1002 0315 43 037 0167 0185 0148 0167 D
JTWC 16P SIXTEEN   20250212 1800 230S 1697E 080 052 1001 1006 0315 18 120 0167 0278 0111 0111 S
JTWC 14S TALIAH    20250212 1800 202S 0896E 205 067 0983 1006 0555 33 083 0296 0352 0278 0241 D
JTWC 17S ZELIA     20250213 0000 191S 1182E 260 011 0940 1008 0491 61 037 0167 0185 0148 0167 D
JTWC 16P SIXTEEN   20250213 0000 226S 1700E 065 042 1001 1006 0315 18 120 0167 0278 0111 0111 S
JTWC 14S TALIAH    20250213 0000 213S 0885E 210 072 0985 1006 0518 31 092 0296 0352 0278 0241 D
JTWC 17S ZELIA     20250213 0600 191S 1182E 260 011 0929 1002 0370 64 009 0167 0130 0148 0167 D
JTWC 14S TALIAH    20250213 0600 220S 0872E 220 067 0984 1006 0435 31 092 0296 0389 0315 0269 D
JTWC 17S ZELIA     20250213 1200 193S 1182E 225 001 0923 1002 0250 66 012 0167 0130 0148 0167 D
JTWC 14S TALIAH    20250213 1200 226S 0866E 225 062 0988 1006 0435 26 092 0278 0407 0315 0269 M
JTWC 17S ZELIA     20250213 1800 193S 1183E 165 006 0937 1002 0250 59 009 0167 0130 0148 0167 D
JTWC 14S TALIAH    20250213 1800 231S 0856E 230 062 0985 1009 0500 26 111 0167 0306 0324 0222 M
JTWC 17S ZELIA     20250214 0000 195S 1187E 130 011 0938 1002 0250 59 009 0167 0130 0148 0167 D
JTWC 14S TALIAH    20250214 0000 233S 0851E 235 042 0994 1009 0500 23 111 -999 0306 0324 0222 M
JTWC 17S ZELIA     20250214 0600 202S 1191E 135 021 0947 1001 0241 54 009 0167 0130 0148 0167 D
JTWC 14S TALIAH    20250214 0600 239S 0845E 235 037 0994 1008 0518 23 111 -999 0306 0324 0222 M
JTWC 14S TALIAH    20250214 1200 241S 0841E 235 032 0990 1006 0500 23 111 -999 0306 0287 0185 M
JTWC 14S TALIAH    20250214 1800 245S 0838E 225 032 0992 1008 0574 20 148 -999 0167 0269 0167 M
JTWC 14S TALIAH    20250215 0000 248S 0836E 215 021 0991 1007 0500 23 148 -999 0167 0278 0176 M
JTWC 14S TALIAH    20250215 0600 252S 0835E 205 021 0985 1006 0463 26 157 0176 0389 0361 0176 M
JTWC 14S TALIAH    20250215 1200 254S 0831E 220 021 0983 1006 0463 26 120 -999 0398 0370 0213 M
JTWC 14S TALIAH    20250215 1800 257S 0826E 230 021 0980 1006 0463 28 111 0213 0454 0454 0213 M
JTWC 14S TALIAH    20250215 1800 256S 0826E 235 021 0982 1006 0463 28 111 0213 0454 0454 0213 M
JTWC 14S TALIAH    20250216 0000 261S 0823E 230 021 0980 1006 0463 28 111 0213 0454 0454 0213 M
JTWC 14S TALIAH    20250216 0600 273S 0810E 225 047 0991 1008 0463 20 148 0222 0463 0370 0241 M
JTWC 14S TALIAH    20250216 1200 284S 0801E 220 057 0990 1007 0444 20 148 0222 0463 0370 0241 M
JTWC 14S TALIAH    20250216 1800 289S 0791E 225 057 0990 1007 0444 23 111 0222 0306 0278 0167 M
JTWC 14S TALIAH    20250217 0000 291S 0782E 235 052 0990 1007 0444 23 111 0222 0306 0278 0167 M
JTWC 14S TALIAH    20250217 0600 294S 0778E 240 037 0996 1012 0463 20 111 0204 0296 0222 0130 M
JTWC 14S TALIAH    20250217 1200 295S 0776E 240 026 0997 1011 0463 18 111 0204 0296 0222 0130 M
JTWC 14S TALIAH    20250217 1800 300S 0770E 230 021 0996 1012 0407 20 111 0130 0139 -999 -999 M
JTWC 98P INVEST    20250218 0000 164S 1730W 085 042 1002 1004 0278 10 166 -999 -999 -999 -999 S
JTWC 14S TALIAH    20250218 0000 305S 0768E 220 026 0996 1010 0370 20 111 0130 0139 -999 -999 M
JTWC 98P INVEST    20250218 0600 165S 1726W 085 032 1003 1005 0278 10 185 -999 -999 -999 -999 S
JTWC 14S TALIAH    20250218 0600 309S 0763E 220 026 0996 1011 0370 20 111 0130 0185 -999 -999 M
JTWC 98P INVEST    20250218 1200 166S 1721W 090 026 1003 1005 0278 10 185 -999 -999 -999 -999 S
JTWC 14S TALIAH    20250218 1200 310S 0760E 220 021 0996 1011 0389 20 111 0130 0185 -999 -999 M
JTWC 98P INVEST    20250218 1800 172S 1688W 100 072 1000 1004 0241 15 092 -999 -999 -999 -999 S
JTWC 14S TALIAH    20250218 1800 311S 0759E 225 016 0996 1012 0389 20 111 -999 0232 0139 -999 S
JTWC 14S TALIAH    20250219 0000 311S 0758E 235 011 0996 1011 0380 20 111 -999 0232 0139 -999 S
JTWC 14S TALIAH    20250219 0600 309S 0758E 300 006 1000 1012 0546 20 138 -999 -999 0185 -999 S
JTWC 14S TALIAH    20250219 1200 304S 0749E 310 021 0999 1010 0398 20 138 -999 -999 0185 -999 S
JTWC 99S INVEST    20250220 0000 133S 1212E 255 057 1005 1008 0241 13 074 -999 -999 -999 -999 S
JTWC 92P INVEST    20250220 0000 170S 1720W 100 062 0999 1005 0250 15 083 -999 -999 -999 -999 S
JTWC 99S INVEST    20250220 1200 138S 1200E 255 037 1006 1009 0241 13 064 -999 -999 -999 -999 S
JTWC 92P INVEST    20250220 1200 189S 1693W 125 083 1000 1005 0306 15 092 -999 -999 -999 -999 S
JTWC 99S INVEST    20250221 0000 157S 1167E 240 077 1006 1008 0259 13 064 -999 -999 -999 -999 S
JTWC 93P INVEST    20250221 0000 144S 1487E 155 037 1002 1009 0250 13 129 -999 -999 -999 -999 S
JTWC 92P INVEST    20250221 0000 188S 1685W 130 037 0996 1005 0454 15 074 -999 -999 -999 -999 S
JTWC 99S INVEST    20250221 0600 146S 1165E 255 047 1007 1009 0259 13 064 -999 -999 -999 -999 S
JTWC 93P INVEST    20250221 0600 146S 1493E 145 037 1003 1007 0250 13 129 -999 -999 -999 -999 S
JTWC 92P INVEST    20250221 0600 192S 1671W 120 047 1002 1005 0454 15 074 -999 -999 -999 -999 S
JTWC 99S INVEST    20250221 1200 152S 1160E 245 042 1007 1009 0259 13 083 -999 -999 -999 -999 S
JTWC 93P INVEST    20250221 1200 150S 1499E 135 037 1005 1009 0269 13 074 -999 -999 -999 -999 S
JTWC 92P INVEST    20250221 1200 196S 1670W 130 042 1000 1005 0417 15 083 -999 -999 -999 -999 S
JTWC 99S INVEST    20250221 1800 151S 1144E 255 047 1003 1008 0232 13 083 -999 -999 -999 -999 S
JTWC 93P INVEST    20250221 1800 149S 1498E 120 026 1000 1008 0352 15 074 -999 -999 -999 -999 S
JTWC 92P INVEST    20250221 1800 208S 1665W 150 047 0998 1006 0278 15 083 -999 -999 -999 -999 S
JTWC 99S INVEST    20250222 0000 151S 1122E 265 072 1003 1009 0259 13 083 -999 -999 -999 -999 S
JTWC 94P INVEST    20250222 0000 136S 1785W 105 037 1000 1006 0315 13 129 -999 -999 -999 -999 S
JTWC 93P INVEST    20250222 0000 151S 1499E 125 016 1000 1009 0343 15 074 -999 -999 -999 -999 S
JTWC 92P INVEST    20250222 0000 212S 1667W 160 042 0998 1005 0232 18 074 0278 0185 0130 -999 S
JTWC 99S INVEST    20250222 0600 151S 1109E 265 072 1000 1006 0222 15 083 -999 -999 -999 -999 S
JTWC 94P INVEST    20250222 0600 135S 1773W 095 037 1000 1004 0204 13 129 -999 -999 -999 -999 S
JTWC 92P INVEST    20250222 0600 217S 1672W 185 037 1000 1006 0222 20 074 0343 0232 0102 -999 S
JTWC 18P EIGHTEEN  20250222 0600 154S 1497E 155 011 1000 1006 0222 18 074 -999 0185 -999 -999 S
JTWC 99S INVEST    20250222 1200 158S 1095E 260 072 1000 1008 0204 15 083 -999 -999 -999 -999 S
JTWC 92P INVEST    20250222 1200 225S 1666W 190 037 0998 1006 0195 18 074 0407 0204 0102 -999 S
JTWC 19P NINETEEN  20250222 1200 135S 1777W 085 021 0996 1006 0352 18 129 0287 0148 -999 -999 S
JTWC 18P EIGHTEEN  20250222 1200 148S 1502E 080 011 0996 1006 0222 20 074 0185 0185 -999 -999 S
JTWC 99S INVEST    20250222 1800 156S 1096E 250 047 1000 1008 0287 15 083 -999 -999 -999 -999 S
JTWC 92P INVEST    20250222 1800 233S 1666W 175 037 0996 1008 0232 20 092 0407 0204 0102 -999 S
JTWC 19P NINETEEN  20250222 1800 144S 1776W 125 026 0997 1005 0306 18 129 0287 0148 -999 0158 M
JTWC 18P EIGHTEEN  20250222 1800 140S 1512E 055 032 0998 1006 0278 20 055 0185 0148 0130 0093 M
JTWC 99S INVEST    20250223 0000 162S 1086E 245 052 0998 1009 0343 15 083 -999 -999 -999 -999 M
JTWC 92P INVEST    20250223 0000 244S 1665W 170 042 0997 1009 0259 20 101 0296 0241 0148 -999 S
JTWC 19P NINETEEN  20250223 0000 147S 1785W 175 021 0993 1005 0352 23 064 0287 0259 -999 0296 M
JTWC 18P EIGHTEEN  20250223 0000 140S 1518E 065 037 0990 1008 0306 26 055 0185 0148 0130 0093 M
JTWC 96P INVEST    20250223 0600 124S 1686E 085 032 1002 1004 0278 13 000 -999 -999 -999 -999 S
JTWC 95S INVEST    20250223 0600 207S 0368E 355 032 1004 1008 0639 10 000 -999 -999 -999 -999 S
JTWC 92P INVEST    20250223 0600 254S 1663W 175 047 0996 1009 0259 20 101 0296 0241 0148 -999 S
JTWC 20S TWENTY    20250223 0600 167S 1073E 245 062 0998 1008 0278 20 083 -999 0111 0130 0130 M
JTWC 19P NINETEEN  20250223 0600 153S 1788W 195 026 0989 1004 0269 26 064 0259 0241 0130 0287 M
JTWC 18P EIGHTEEN  20250223 0600 147S 1525E 100 032 0994 1006 0324 26 055 0185 0148 0130 0093 M
JTWC 96P INVEST    20250223 1200 127S 1688E 095 026 1002 1004 0278 13 000 -999 -999 -999 -999 S
JTWC 20S TWENTY    20250223 1200 172S 1060E 245 067 0998 1008 0278 23 083 0084 0111 0130 0130 M
JTWC 19P RAE       20250223 1200 159S 1791W 200 032 0983 1006 0324 28 064 0222 0213 0130 0195 M
JTWC 18P EIGHTEEN  20250223 1200 146S 1528E 110 032 0994 1008 0315 28 055 0213 0167 0121 0213 M
JTWC 96P INVEST    20250223 1800 133S 1691E 130 026 1002 1004 0278 15 000 -999 -999 -999 -999 S
JTWC 20S BIANCA    20250223 1800 178S 1049E 245 067 0999 1008 0278 23 083 0084 0111 0130 0130 M
JTWC 19P RAE       20250223 1800 166S 1790W 195 037 0988 1007 0352 31 064 0222 0213 0130 0195 D
JTWC 18P ALFRED    20250223 1800 142S 1535E 095 032 0992 1008 0278 28 037 0167 0167 0121 0158 D
JTWC 96P INVEST    20250224 0000 138S 1694E 150 026 0999 1004 0278 15 000 -999 -999 -999 -999 S
JTWC 20S BIANCA    20250224 0000 184S 1046E 235 052 0995 1010 0407 28 027 0084 0111 0130 0130 D
JTWC 19P RAE       20250224 0000 179S 1794W 190 047 0988 1007 0315 31 064 0259 0185 0185 0278 D
JTWC 18P ALFRED    20250224 0000 140S 1540E 065 026 0986 1006 0167 31 022 0111 0139 0139 0148 D
JTWC 96P INVEST    20250224 0600 163S 1710E 150 072 0997 1004 0278 15 148 -999 -999 -999 -999 S
JTWC 20S BIANCA    20250224 0600 190S 1036E 230 052 0985 1010 0417 38 022 0074 0093 0121 0093 D
JTWC 19P RAE       20250224 0600 191S 1793W 185 057 0978 1004 0195 33 064 0296 0158 0167 0287 D
JTWC 18P ALFRED    20250224 0600 136S 1542E 040 016 0986 1006 0167 31 022 0111 0139 0139 0148 D
JTWC 97S INVEST    20250224 1200 180S 0515E 130 021 1007 1009 0232 10 000 -999 -999 -999 -999 S
JTWC 96P INVEST    20250224 1200 158S 1708E 145 037 0983 1004 0232 15 055 -999 -999 -999 -999 S
JTWC 20S BIANCA    20250224 1200 195S 1032E 225 047 0985 1010 0417 38 022 0139 0130 0121 0074 D
JTWC 18P ALFRED    20250224 1200 138S 1545E 065 011 0985 1006 0167 33 018 0065 0093 0093 0065 D
JTWC 97S INVEST    20250224 1800 182S 0516E 125 021 1007 1011 0241 15 037 -999 -999 -999 -999 S
JTWC 95S INVEST    20250224 1800 222S 0387E 200 016 0998 1006 0481 15 074 -999 -999 -999 -999 S
JTWC 21P TWENTY-ON 20250224 1800 164S 1707E 155 016 0983 1004 0232 20 055 -999 0047 0056 -999 M
JTWC 20S BIANCA    20250224 1800 202S 1029E 220 042 0958 1011 0463 48 031 0139 0130 0121 0074 D
JTWC 19P RAE       20250224 1800 215S 1784W 165 062 0961 1004 0195 46 012 0232 0139 0130 0195 D
JTWC 19P RAE	   20250224 1800 215S 1784W 165 062 0961 1004 0195 012 0232 0139 0130 0195 D
JTWC 18P ALFRED    20250224 1800 144S 1547E 130 016 0987 1006 0167 31 022 0065 0093 0093 0065 M
JTWC 97S INVEST    20250225 0000 184S 0518E 120 016 1002 1008 0222 15 037 -999 -999 -999 -999 S
JTWC 95S INVEST    20250225 0000 226S 0383E 215 016 0996 1006 0574 15 148 -999 -999 -999 -999 S
JTWC 21P TWENTY-ON 20250225 0000 168S 1709E 155 021 0980 1008 0481 23 037 0056 0084 0065 0047 M
JTWC 20S BIANCA    20250225 0000 211S 1025E 205 042 0962 1011 0370 51 022 0102 0111 0111 0102 D
JTWC 19P RAE       20250225 0000 228S 1777W 160 067 0968 1009 0287 43 009 0232 0139 0130 0195 D
JTWC 18P ALFRED    20250225 0000 147S 1546E 165 016 0984 1008 0500 33 018 0065 0093 0093 0065 M
JTWC 18P ALFRED    20250225 0000 144S 1545E 165 011 0984 1008 0500 33 018 0065 0093 0093 0065 M
JTWC 97S INVEST    20250225 0600 185S 0517E 120 011 1002 1010 0241 15 046 -999 -999 -999 -999 M
JTWC 95S INVEST    20250225 0600 227S 0382E 200 016 0997 1005 0481 15 111 -999 -999 -999 -999 S
JTWC 21P SERU      20250225 0600 170S 1709E 155 016 0986 1006 0481 31 046 0278 0167 0047 0259 M
JTWC 20S BIANCA    20250225 0600 220S 1022E 200 047 0962 1011 0352 51 022 0158 0148 0139 0121 D
JTWC 20S BIANCA    20250225 0600 220S 1022E 200 047 0957 1011 0352 54 022 0158 0148 0139 0121 D
JTWC 19P RAE       20250225 0600 236S 1785W 170 057 0988 1009 0287 31 037 0232 0139 0130 0195 M
JTWC 18P ALFRED    20250225 0600 144S 1542E 205 011 0975 1006 0555 38 018 0130 0093 0102 0093 D
JTWC 95S INVEST    20250225 1200 229S 0377E 220 021 0997 1005 0481 15 111 -999 -999 -999 -999 S
JTWC 22S TWENTY-TW 20250225 1200 184S 0520E 100 011 1001 1010 0241 18 046 0084 0037 0037 0084 M
JTWC 22S GARANCE   20250225 1200 183S 0519E 090 011 1001 1010 0241 18 046 0084 0037 0037 0084 M
JTWC 21P SERU      20250225 1200 178S 1712E 160 026 0985 1008 0463 33 046 0259 0158 0047 0241 D
JTWC 21P SERU	   20250225 1200 178S 1712E 160 026 0985 1008 0463  046 0259 0158 0047 0241 D
JTWC 20S BIANCA    20250225 1200 228S 1022E 190 047 0965 1011 0352 48 022 0158 0148 0139 0121 D
JTWC 19P RAE       20250225 1200 245S 1777W 160 057 0994 1010 0269 26 037 0232 0139 0130 0195 M
JTWC 19P RAE	   20250225 1200 245S 1777W 160 057 0994 1010 0269 037 0232 0139 0130 0195 M
JTWC 18P ALFRED    20250225 1200 143S 1551E 110 011 0975 1006 0555 38 018 0130 0093 0102 0093 D
JTWC 23S TWENTY-TH 20250225 1800 227S 0381E 180 006 0995 1006 0500 18 111 0250 0204 -999 -999 M
JTWC 22S GARANCE   20250225 1800 180S 0525E 065 016 0999 1010 0259 20 046 0084 0037 0037 0084 M
JTWC 21P SERU      20250225 1800 181S 1713E 160 026 0985 1008 0463 28 046 0259 0158 0047 0241 M
JTWC 21P SERU	   20250225 1800 181S 1713E 160 026 0985 1008 0463  046 0259 0158 0047 0241 M
JTWC 20S BIANCA    20250225 1800 239S 1020E 190 047 0968 1012 0278 46 027 0158 0148 0139 0121 D
JTWC 18P ALFRED    20250225 1800 146S 1550E 115 011 0975 1006 0555 38 018 0130 0093 0102 0093 D
JTWC 23S TWENTY-TH 20250226 0000 229S 0386E 120 016 0994 1004 0518 20 092 0250 0204 -999 -999 M
JTWC 22S GARANCE   20250226 0000 178S 0529E 060 021 0994 1008 0315 26 037 0121 0084 0056 0093 M
JTWC 21P SERU      20250226 0000 196S 1703E 195 047 0980 1008 0481 28 046 0296 0195 0111 0065 M
JTWC 21P SERU	   20250226 0000 196S 1703E 195 047 0980 1008 0481  046 0296 0195 0111 0065 M
JTWC 20S BIANCA    20250226 0000 247S 1024E 180 052 0986 1012 0232 33 037 0158 0148 0139 0121 D
JTWC 23S HONDE     20250226 0600 234S 0388E 130 016 0986 1004 0518 26 092 0296 0315 0102 0185 M
JTWC 22S GARANCE   20250226 0600 176S 0535E 065 032 0992 1011 0315 31 037 0139 0084 0056 0093 M
JTWC 21P SERU      20250226 0600 200S 1713E 170 042 0992 1008 0481 28 046 0296 0195 0111 0065 D
JTWC 20S BIANCA    20250226 0600 255S 1027E 165 052 0999 1013 0222 23 037 0158 0111 0111 0130 M
JTWC 18P ALFRED    20250226 0600 153S 1553E 165 016 0970 1008 0592 43 018 0222 0278 0269 0176 D
JTWC 23S HONDE     20250226 1200 237S 0392E 135 026 0982 1004 0537 28 129 0324 0352 0130 0232 M
JTWC 22S GARANCE   20250226 1200 176S 0541E 080 026 0987 1007 0278 31 037 0139 0084 0056 0093 M
JTWC 21P SERU      20250226 1200 208S 1706E 180 037 0994 1008 0481 26 064 0232 0167 0176 0139 D
JTWC 20S BIANCA    20250226 1200 263S 1037E 150 047 1006 1014 0213 18 037 0121 0111 0111 0093 M
JTWC 18P ALFRED    20250226 1200 155S 1554E 150 016 0969 1008 0611 43 027 0241 0352 0352 0176 D
JTWC 23S HONDE     20250226 1800 240S 0398E 135 026 0981 1007 0583 31 111 0343 0296 0315 0232 M
JTWC 23S HONDE     20250226 1800 240S 0396E 140 026 0981 1007 0583 31 129 0324 0296 0259 0232 M
JTWC 22S GARANCE   20250226 1800 177S 0545E 090 026 0974 1010 0259 43 018 0158 0130 0111 0139 D
JTWC 22S GARANCE   20250226 1800 177S 0543E 090 021 0977 1010 0259 38 027 0158 0130 0111 0139 D
JTWC 21P SERU      20250226 1800 215S 1712E 160 037 0993 1007 0417 26 064 0269 0241 0195 0139 M
JTWC 20S BIANCA    20250226 1800 266S 1042E 140 042 1008 1014 0232 15 037 -999 -999 -999 -999 S
JTWC 20S BIANCA    20250226 1800 266S 1042E 140 042 1005 1014 0232 18 046 0084 0185 0121 0093 S
JTWC 18P ALFRED    20250226 1800 163S 1553E 170 026 0966 1006 0648 46 037 0333 0306 0324 0176 D
JTWC 23S HONDE     20250227 0000 242S 0404E 120 032 0977 1007 0546 33 101 0380 0296 0296 0324 D
JTWC 22S GARANCE   20250227 0000 179S 0550E 100 026 0955 1008 0287 54 009 0167 0130 0111 0139 D
JTWC 21P SERU      20250227 0000 219S 1710E 165 032 0994 1007 0435 23 064 0213 0287 0269 0139 M
JTWC 18P ALFRED    20250227 0000 167S 1554E 175 026 0962 1008 0602 48 037 0296 0315 0324 0204 D
JTWC 23S HONDE     20250227 0600 249S 0415E 120 042 0970 1008 0676 36 148 0444 0232 0185 0232 D
JTWC 22S GARANCE   20250227 0600 182S 0553E 115 026 0955 1010 0361 54 009 0167 0130 0111 0139 D
JTWC 21P SERU      20250227 0600 221S 1711E 160 026 0992 1006 0352 23 083 0130 0352 0352 0130 M
JTWC 18P ALFRED    20250227 0600 175S 1554E 180 032 0949 1006 0629 56 009 0296 0324 0315 0222 D
JTWC 23S HONDE     20250227 1200 251S 0419E 120 037 0974 1006 0759 36 166 0352 0269 0167 0250 D
JTWC 22S GARANCE   20250227 1200 188S 0554E 140 026 0953 1006 0278 54 009 0167 0130 0111 0139 D
JTWC 21P SERU      20250227 1200 229S 1720E 145 032 0996 1010 0537 23 064 0056 0398 0195 0084 M
JTWC 18P ALFRED    20250227 1200 178S 1557E 170 032 0943 1008 0528 59 012 0167 0343 0315 0167 D
JTWC 23S HONDE     20250227 1800 253S 0422E 125 032 0974 1006 0629 33 092 0343 0324 0352 0315 D
JTWC 22S GARANCE   20250227 1800 190S 0553E 165 021 0953 1007 0213 54 022 0185 0148 0111 0167 D
JTWC 21P SERU      20250227 1800 231S 1723E 140 032 0996 1007 0315 20 074 0259 0315 0176 0084 M
JTWC 18P ALFRED    20250227 1800 184S 1556E 175 026 0952 1005 0398 48 027 0167 0343 0315 0167 D
JTWC 23S HONDE     20250228 0000 256S 0430E 120 032 0977 1006 0629 31 101 0343 0324 0352 0315 D
JTWC 22S GARANCE   20250228 0000 197S 0553E 180 026 0954 1007 0213 54 022 0158 0222 0102 0130 D
JTWC 21P SERU      20250228 0000 230S 1725E 125 026 0996 1007 0315 20 074 0259 0315 0176 0084 M
JTWC 18P ALFRED    20250228 0000 191S 1555E 175 026 0950 1005 0398 54 027 0204 0343 0315 0241 D
JTWC 23S HONDE     20250228 0600 260S 0438E 120 032 0974 1008 0713 31 101 0306 0333 0343 0352 D
JTWC 23S HONDE	   20250228 0600 260S 0438E 120 032 0974 1008 0713 1 101 0306 0333 0343 0352 D
JTWC 22S GARANCE   20250228 0600 210S 0555E 180 042 0962 1005 0213 46 022 0167 0167 0093 0130 D
JTWC 18P ALFRED    20250228 0600 200S 1559E 175 037 0950 1006 0602 54 027 0148 0324 0204 0213 D
JTWC 23S HONDE     20250228 1200 264S 0446E 115 037 0974 1008 0916 31 101 0269 0269 0352 0259 D
JTWC 23S HONDE	   20250228 1200 264S 0446E 115 037 0974 1008 0916 1 101 0269 0269 0352 0259 D
JTWC 22S GARANCE   20250228 1200 225S 0551E 185 062 0974 1004 0130 38 022 0148 0315 0139 0111 D
JTWC 18P ALFRED    20250228 1200 204S 1557E 175 037 0952 1006 0602 54 012 0195 0333 0204 0222 D
JTWC 23S HONDE     20250228 1800 267S 0450E 120 037 0974 1008 0916 31 101 0269 0269 0352 0259 M
JTWC 22S GARANCE   20250228 1800 241S 0549E 185 077 0981 1007 0204 33 022 0148 0148 0093 0074 D
JTWC 18P ALFRED    20250228 1800 210S 1556E 175 032 0952 1006 0602 54 012 0195 0333 0204 0222 D
JTWC 23S HONDE     20250301 0000 271S 0457E 125 037 0967 1008 0916 36 055 0195 0269 0352 0296 D
JTWC 23S HONDE     20250301 0600 268S 0452E 125 011 0970 1002 0916 33 049 0195 0269 0352 0296 D
JTWC 22S GARANCE   20250301 0600 278S 0549E 180 093 0986 1004 0167 28 055 0139 0111 0037 0074 M
JTWC 18P ALFRED    20250301 0600 223S 1556E 185 032 0966 1006 0565 43 046 0195 0333 0204 0222 D
JTWC 23S HONDE     20250301 1200 270S 0455E 130 016 0977 1005 0814 31 083 0195 0269 0241 0296 D
JTWC 23S HONDE	   20250301 1200 270S 0455E 130 016 0977 1005 0814 1 083 0195 0269 0241 0296 D
JTWC 22S GARANCE   20250301 1200 295S 0548E 180 093 0987 1004 0167 26 064 0139 0111 0037 0074 M
JTWC 18P ALFRED    20250301 1200 227S 1554E 185 037 0976 1006 0565 36 083 0241 0333 0315 0222 D
JTWC 23S HONDE     20250301 1800 270S 0458E 120 016 0980 1006 0555 31 055 0204 0222 0204 0204 D
JTWC 22S GARANCE   20250301 1800 310S 0555E 175 088 0990 1006 0111 26 055 0185 0130 0056 0037 M
JTWC 18P ALFRED    20250301 1800 227S 1554E 185 037 0979 1006 0481 31 074 0259 0333 0315 0222 M
JTWC 23S HONDE     20250302 0000 270S 0458E 120 016 0980 1006 0592 31 055 0167 0222 0222 0167 D
JTWC 22S GARANCE   20250302 0000 327S 0568E 160 088 0990 1006 0139 26 055 0185 0130 0056 0037 M
JTWC 18P ALFRED    20250302 0000 234S 1555E 175 026 0984 1008 0491 28 074 0259 0315 0296 0222 M
JTWC 23S HONDE     20250302 0600 271S 0460E 110 011 0975 1005 0537 33 055 0167 0222 0222 0167 D
JTWC 23S HONDE	   20250302 0600 271S 0460E 110 011 0975 1005 0537 3 055 0167 0222 0222 0167 D
JTWC 22S GARANCE   20250302 0600 335S 0590E 140 093 0993 1009 0167 23 064 0167 0111 0065 0056 M
JTWC 18P ALFRED    20250302 0600 240S 1558E 170 032 0989 1008 0491 26 074 0259 0315 0296 0222 M
JTWC 23S HONDE     20250302 1200 271S 0463E 100 011 0977 1007 0574 33 055 0167 0222 0222 0167 S
JTWC 23S HONDE	   20250302 1200 271S 0463E 100 011 0977 1007 0574 3 055 0167 0222 0222 0167 S
JTWC 22S GARANCE   20250302 1200 341S 0611E 125 093 0994 1010 0263 23 120 0176 0139 0065 0084 M
JTWC 18P ALFRED    20250302 1200 245S 1562E 160 032 0988 1008 0509 26 074 0259 0352 0296 0222 M
JTWC 23S HONDE     20250302 1800 272S 0463E 105 006 0981 1008 0407 31 055 0167 0222 0222 0167 M
JTWC 18P ALFRED    20250302 1800 250S 1566E 150 032 0983 1006 0481 28 074 0259 0296 0278 0185 M
JTWC 23S HONDE     20250303 0000 271S 0465E 090 006 0982 1006 0333 28 055 0158 0158 0158 0148 M
JTWC 18P ALFRED    20250303 0000 258S 1572E 145 042 0986 1008 0491 26 055 0259 0278 0315 0222 M
JTWC 23S HONDE	   20250303 0600 273S 0468E 115 011 0984 1008 0333 8 064 0158 0158 0158 0148 M
JTWC 23S HONDE     20250303 0600 273S 0468E 115 011 0984 1008 0333 28 064 0158 0158 0158 0148 M
JTWC 18P ALFRED    20250303 0600 262S 1578E 140 037 0987 1004 0454 23 092 0259 0222 0315 0222 M
JTWC 23S HONDE	   20250303 1200 278S 0473E 130 021 0986 1006 0343 6 092 0158 0158 0158 0148 M
JTWC 23S HONDE     20250303 1200 278S 0473E 130 021 0986 1006 0343 26 092 0158 0158 0158 0148 M
JTWC 18P ALFRED    20250303 1200 267S 1582E 140 037 0986 1006 0500 26 120 0250 0222 0259 0287 M
JTWC 23S HONDE     20250303 1800 282S 0480E 130 032 0990 1010 0343 23 074 0176 0204 0213 0102 M
JTWC 18P ALFRED    20250303 1800 270S 1585E 135 032 0983 1008 0555 28 157 0250 0361 0296 0296 M
JTWC 23S HONDE     20250304 0000 286S 0480E 145 026 0992 1006 0287 23 046 0148 0333 0269 0148 M
JTWC 18P ALFRED    20250304 0000 273S 1590E 130 026 0983 1010 0574 28 111 0278 0417 0361 0296 M
JTWC 23S HONDE     20250304 0600 290S 0483E 145 026 0988 1010 0352 23 046 0241 0407 0315 0121 M
JTWC 23S HONDE     20250304 0600 289S 0484E 140 026 0988 1010 0352 23 046 0148 0333 0269 0148 M
JTWC 18P ALFRED    20250304 0600 281S 1590E 155 026 0983 1009 0574 28 101 0278 0417 0361 0296 M
JTWC 23S HONDE     20250304 1200 299S 0487E 150 037 0988 1010 0352 23 064 0204 0444 0250 0121 M
JTWC 18P ALFRED    20250304 1200 278S 1585E 185 016 0981 1009 0574 28 138 0278 0417 0361 0296 M
JTWC 23S HONDE	   20250304 1800 308S 0490E 160 042 0987 1011 0370 6 064 0204 0370 0241 0130 M
JTWC 18P ALFRED    20250304 1800 281S 1575E 245 032 0980 1009 0555 28 120 0278 0537 0481 0370 S
JTWC 23S HONDE     20250305 0000 318S 0490E 170 052 0987 1010 0352 26 074 0259 0370 0241 0130 M
JTWC 18P ALFRED    20250305 0000 276S 1564E 280 042 0980 1010 0518 28 120 0278 0537 0481 0370 M
JTWC 23S HONDE     20250305 0600 326S 0490E 175 047 0994 1012 0352 23 083 0259 0296 0185 0148 M
JTWC 23S HONDE     20250305 0600 326S 0490E 175 047 0991 1012 0352 26 083 0259 0296 0185 0148 M
JTWC 23S HONDE     20250305 0600 323S 0490E 175 042 0988 1012 0352 26 074 0259 0370 0241 0130 M
JTWC 18P ALFRED    20250305 0600 272S 1564E 290 032 0978 1006 0407 28 092 0278 0518 0444 0278 M
JTWC 23S HONDE     20250305 1200 338S 0496E 170 052 0991 1012 0352 26 083 0259 0296 0185 0148 M
JTWC 18P ALFRED    20250305 1200 273S 1567E 320 021 0978 1006 0407 28 092 0278 0518 0444 0278 M
JTWC 23S HONDE     20250305 1800 349S 0507E 160 062 0988 1014 0352 28 101 0435 0444 0232 0167 M
JTWC 18P ALFRED    20250305 1800 274S 1563E 335 006 0983 1006 0380 26 074 0222 0232 0380 0278 M
JTWC 18P ALFRED    20250306 0000 273S 1557E 270 011 0986 1008 0407 26 074 0102 0287 0232 0204 M
JTWC 23S HONDE	   20250306 0600 385S 0520E 160 088 0995 1018 0481 3 138 0444 0463 0232 0195 M
JTWC 18P ALFRED    20250306 0600 273S 1553E 270 021 0985 1008 0389 26 092 0176 0324 0407 0278 M
JTWC 23S HONDE     20250306 1200 395S 0538E 150 088 0993 1016 0444 23 138 0444 0463 0232 0195 M
JTWC 18P ALFRED    20250306 1200 273S 1551E 280 016 0985 1008 0389 26 092 0176 0324 0407 0278 M
JTWC 18P ALFRED    20250306 1800 272S 1550E 280 011 0985 1006 0435 23 064 0121 0407 0333 0204 M
JTWC 18P ALFRED    20250307 0000 276S 1545E 245 016 0986 1008 0370 23 120 0148 0287 0444 0250 M
JTWC 18P ALFRED    20250307 0600 277S 1541E 245 016 0984 1004 0232 23 111 0148 0250 0444 0250 M
JTWC 99S INVEST    20250307 1200 124S 0527E 265 052 1003 1006 0278 13 203 -999 -999 -999 -999 S
JTWC 98S INVEST    20250307 1200 106S 0878E 185 042 1003 1006 0389 13 240 -999 -999 -999 -999 S
JTWC 18P ALFRED    20250307 1200 275S 1537E 265 021 0985 1004 0232 23 111 0148 0250 0444 0250 M
JTWC 99S INVEST    20250307 1800 131S 0518E 250 052 1000 1008 0241 13 185 -999 -999 -999 -999 S
JTWC 98S INVEST    20250307 1800 104S 0864E 225 047 1002 1008 0602 10 129 -999 -999 -999 -999 S
JTWC 18P ALFRED    20250307 1800 273S 1533E 285 021 0993 1008 0287 18 111 0074 0167 0315 0213 M
JTWC 99S INVEST    20250308 0000 139S 0493E 250 083 1002 1007 0370 13 157 -999 -999 -999 -999 S
JTWC 98S INVEST    20250308 0000 111S 0849E 245 057 0998 1006 0537 15 111 -999 -999 -999 -999 S
JTWC 18P ALFRED    20250308 0000 270S 1533E 315 016 1000 1010 0278 18 111 0222 0222 0222 0315 M
JTWC 99S INVEST    20250308 0600 142S 0475E 250 093 1002 1008 0370 15 157 -999 -999 -999 -999 S
JTWC 24S TWENTY-FO 20250308 0600 119S 0847E 235 052 0998 1006 0574 18 185 0232 0417 0259 -999 S
JTWC 18P ALFRED    20250308 0600 270S 1533E 325 011 1001 1010 0278 18 111 0148 0204 -999 -999 S
JTWC 99S INVEST    20250308 1200 143S 0462E 260 083 1000 1008 0370 13 083 -999 -999 -999 -999 S
JTWC 24S TWENTY-FO 20250308 1200 121S 0846E 220 037 0996 1006 0574 18 185 0232 0417 0259 -999 S
JTWC 25S TWENTY-FI 20250308 1800 145S 0456E 260 062 0996 1007 0333 18 074 0074 0148 0093 0093 M
JTWC 24S TWENTY-FO 20250308 1800 131S 0839E 210 037 0996 1008 0648 20 148 0278 0407 0333 0056 M
JTWC 25S JUDE      20250309 0000 148S 0446E 255 052 0996 1005 0370 23 055 0074 0130 0111 0084 M
JTWC 24S IVONE     20250309 0000 136S 0835E 210 037 0996 1004 0518 20 129 0278 0407 0333 0056 M
JTWC 25S JUDE      20250309 0600 148S 0435E 260 052 0989 1004 0426 28 037 0121 0176 0130 0130 D
JTWC 24S IVONE     20250309 0600 152S 0841E 185 047 0993 1006 0518 23 120 0204 0407 0463 0130 M
JTWC 25S JUDE      20250309 1200 153S 0422E 255 062 0983 1004 0426 33 027 0121 0176 0130 0130 D
JTWC 24S IVONE     20250309 1200 160S 0839E 185 047 0993 1006 0518 23 120 0204 0407 0463 0130 M
JTWC 25S JUDE      20250309 1800 149S 0412E 270 057 0975 1007 0333 41 027 0241 0278 0204 0185 D
JTWC 24S IVONE     20250309 1800 174S 0831E 200 057 0993 1008 0537 26 111 0333 0481 0370 0185 M
JTWC 25S JUDE      20250310 0000 149S 0407E 270 047 0977 1006 0370 38 027 0241 0296 0204 0185 D
JTWC 24S IVONE     20250310 0000 179S 0827E 205 052 0991 1007 0500 26 111 0333 0481 0370 0185 M
JTWC 25S JUDE      20250310 0600 152S 0399E 270 037 0983 1006 0370 33 027 0241 0296 0204 0185 D
JTWC 24S IVONE     20250310 0600 192S 0822E 205 057 0993 1007 0500 23 111 0241 0555 0444 0185 M
JTWC 25S JUDE      20250310 1200 149S 0391E 270 037 0989 1006 0370 28 037 0241 0296 0204 0185 D
JTWC 24S IVONE     20250310 1200 200S 0816E 210 052 0989 1007 0500 23 111 0370 0426 0370 0139 M
JTWC 24S IVONE     20250310 1800 202S 0810E 220 042 0996 1010 0500 23 120 0010 0546 0370 0010 M
JTWC 24S IVONE     20250311 0000 202S 0799E 245 042 0998 1008 0444 23 148 -999 0620 0315 -999 M
JTWC 24S IVONE	   20250311 0600 203S 0791E 255 042 0992 1009 0426 3 194 -999 0509 0333 -999 M
JTWC 24S IVONE     20250311 0600 203S 0791E 255 042 0992 1009 0426 23 194 -999 0509 0333 -999 M
JTWC 24S IVONE	   20250311 1200 201S 0780E 270 047 0999 1007 0426 3 194 -999 0509 0333 -999 M
JTWC 25S JUDE      20250311 1800 170S 0353E 220 052 0999 1006 0278 13 185 -999 -999 -999 -999 M
JTWC 24S IVONE     20250311 1800 198S 0770E 275 052 0990 1008 0463 23 194 -999 0509 0454 -999 M
JTWC 25S JUDE      20250312 0000 174S 0351E 210 042 1000 1009 0306 13 185 -999 -999 -999 -999 M
JTWC 24S IVONE     20250312 0000 197S 0755E 280 062 0997 1009 0481 20 194 -999 0435 0315 -999 M
JTWC 25S JUDE	   20250312 0600 175S 0352E 205 026 1007 1010 0324  185 -999 -999 -999 -999 M
JTWC 25S JUDE      20250312 0600 175S 0352E 205 026 1007 1010 0324 13 185 -999 -999 -999 -999 M
JTWC 24S IVONE     20250312 0600 195S 0743E 275 062 0997 1009 0509 20 240 -999 0435 0315 -999 M
JTWC 24S IVONE	   20250312 0600 195S 0743E 275 062 0997 1009 0509 0 240 -999 0435 0315 -999 M
JTWC 25S JUDE      20250312 1200 179S 0355E 175 021 1003 1006 0296 13 185 -999 -999 -999 -999 M
JTWC 24S IVONE     20250312 1200 197S 0729E 270 067 0999 1007 0509 18 240 -999 0435 0315 -999 M
JTWC 25S JUDE      20250312 1800 183S 0358E 145 021 1001 1006 0278 15 166 -999 -999 -999 -999 M
JTWC 24S IVONE     20250312 1800 202S 0710E 260 077 0998 1007 0528 18 185 -999 0370 0259 -999 M
JTWC 25S JUDE      20250313 0000 189S 0361E 145 032 1001 1007 0389 15 166 -999 -999 -999 -999 M
JTWC 24S IVONE     20250313 0000 213S 0700E 240 077 0996 1007 0472 18 185 -999 0370 0259 -999 M
JTWC 25S JUDE      20250313 0600 197S 0372E 135 042 1001 1007 0389 15 166 -999 -999 -999 -999 M
JTWC 24S IVONE     20250313 0600 218S 0684E 240 077 0996 1007 0472 18 240 -999 0315 0315 -999 M
JTWC 25S JUDE      20250313 1200 200S 0384E 125 052 0998 1007 0389 20 138 -999 0352 0232 0121 M
JTWC 24S IVONE     20250313 1200 229S 0679E 225 067 0998 1007 0472 18 240 -999 0315 0315 -999 M
JTWC 25S JUDE      20250313 1800 211S 0395E 130 057 0992 1008 0324 23 111 0185 0352 0232 0121 M
JTWC 25S JUDE	   20250313 1800 211S 0395E 130 057 0992 1008 0324  111 0185 0352 0232 0121 M
JTWC 24S IVONE	   20250313 1800 238S 0667E 225 067 0994 1008 0389 8 175 -999 0417 0370 -999 M
JTWC 24S IVONE     20250313 1800 238S 0667E 225 067 0994 1008 0389 18 175 -999 0417 0370 -999 M
JTWC 25S JUDE      20250314 0000 225S 0407E 135 072 0992 1008 0324 23 092 0185 0352 0232 0121 M
JTWC 24S IVONE     20250314 0000 243S 0659E 220 057 0993 1008 0389 18 175 -999 0417 0370 -999 M
JTWC 25S JUDE      20250314 0600 230S 0416E 135 072 0993 1008 0324 26 055 0185 0352 0232 0121 M
JTWC 24S IVONE     20250314 0600 245S 0654E 225 047 0992 1008 0481 18 175 -999 0417 0370 -999 S
JTWC 25S JUDE      20250314 1200 237S 0422E 135 057 0988 1007 0426 28 046 0222 0259 0222 0139 D
JTWC 24S IVONE     20250314 1200 247S 0657E 225 021 0992 1008 0481 18 175 -999 0417 0370 -999 S
JTWC 25S JUDE      20250314 1800 246S 0433E 130 057 0988 1007 0454 28 074 0204 0444 0287 0204 M
JTWC 25S JUDE      20250315 0000 249S 0440E 125 047 0984 1006 0537 28 055 0167 0444 0296 0222 M
JTWC 25S JUDE      20250315 0600 250S 0446E 120 042 0992 1008 0583 28 064 0167 0444 0296 0222 M
JTWC 25S JUDE      20250315 1200 252S 0461E 110 052 0995 1005 0537 26 111 0167 0333 0296 0222 M
JTWC 25S JUDE      20250315 1800 255S 0468E 105 047 0986 1005 0417 26 111 0222 0407 0296 0139 M
JTWC 25S JUDE	   20250315 1800 253S 0477E 095 062 0986 1005 0417  111 0222 0407 0296 0139 M
JTWC 25S JUDE      20250316 0000 258S 0513E 100 098 0986 1004 0417 26 111 0204 0407 0343 0139 M
JTWC 25S JUDE      20250316 0600 264S 0534E 105 103 0993 1008 0444 23 111 0204 0407 0343 0139 M
JTWC 25S JUDE	   20250316 0600 264S 0534E 105 103 0993 1008 0444  111 0204 0407 0343 0139 M
JTWC 25S JUDE	   20250316 0600 264S 0532E 105 098 0993 1008 0444  111 0204 0407 0343 0139 M
JTWC 25S JUDE      20250316 1200 277S 0559E 110 113 0995 1006 0444 20 138 0204 0407 0343 0139 M
JTWC 25S JUDE	   20250316 1200 277S 0559E 110 113 0995 1006 0444  138 0204 0407 0343 0139 M
JTWC 91S INVEST    20250318 0600 128S 0981E 230 052 1003 1007 0666 13 120 -999 -999 -999 -999 S
JTWC 91S INVEST    20250318 1200 131S 0966E 255 052 1001 1007 0472 15 092 -999 -999 -999 -999 S
JTWC 26S TWENTY-SI 20250318 1800 127S 0964E 265 037 1001 1007 0269 18 046 0047 -999 0084 0084 M
JTWC 26S TWENTY-SI 20250319 0000 132S 0964E 255 026 0995 1007 0269 23 027 0065 -999 0296 0250 M
JTWC 26S TWENTY-SI 20250319 0600 134S 0958E 240 021 0995 1006 0296 23 027 0111 0074 0296 0232 M
JTWC 26S TWENTY-SI 20250319 1200 133S 0954E 230 016 0997 1006 0306 20 027 0111 0074 0296 0232 M
JTWC 26S TWENTY-SI 20250319 1800 130S 0948E 275 026 0995 1007 0222 23 046 0167 0130 0296 0222 M
JTWC 26S TWENTY-SI 20250320 0000 131S 0948E 280 016 0995 1007 0259 23 055 0148 0111 0222 0222 M
JTWC 26S TWENTY-SI 20250320 0600 132S 0951E 090 006 0996 1006 0278 20 083 0111 -999 0130 0222 M
JTWC 26S TWENTY-SI 20250320 1200 137S 0962E 120 026 1001 1008 0417 18 138 0176 -999 0158 0176 M
JTWC 26S TWENTY-SI 20250320 1800 144S 0963E 130 037 1001 1009 0426 18 166 0241 -999 -999 0278 S
JTWC 26S TWENTY-SI 20250321 0000 149S 0964E 140 037 1001 1009 0481 15 166 -999 -999 -999 -999 S
JTWC 26S TWENTY-SI 20250321 0600 151S 0967E 160 026 1004 1009 0481 15 166 -999 -999 -999 -999 S
JTWC 26S TWENTY-SI 20250321 1200 153S 0976E 125 026 1003 1009 0444 13 166 -999 -999 -999 -999 S
JTWC 92S INVEST    20250323 1200 142S 1146E 210 026 1002 1005 0315 13 148 -999 -999 -999 -999 S
JTWC 92S INVEST    20250323 1800 143S 1140E 225 037 1001 1006 0370 13 148 -999 -999 -999 -999 S
JTWC 92S INVEST    20250324 0000 147S 1133E 230 037 0999 1004 0352 15 120 -999 -999 -999 -999 S
JTWC 92S INVEST    20250324 0600 160S 1120E 230 057 0997 1003 0352 15 120 -999 -999 -999 -999 M
JTWC 27S TWENTY-SE 20250324 1200 166S 1110E 235 062 0995 1004 0370 18 064 -999 -999 0148 0093 M
JTWC 27S TWENTY-SE 20250324 1800 166S 1105E 245 052 0998 1003 0343 18 037 0074 0084 0158 0111 M
JTWC 26S TWENTY-SI 20250324 1800 130S 1019E 095 042 1005 1007 0278 13 101 -999 -999 -999 -999 S
JTWC 27S TWENTY-SE 20250325 0000 167S 1100E 250 037 0995 1003 0343 18 037 0074 0084 0158 0111 M
JTWC 27S TWENTY-SE 20250325 0600 168S 1091E 260 032 0993 1002 0333 20 037 0093 0148 0148 0130 M
JTWC 27S TWENTY-SE 20250325 1200 170S 1082E 260 037 0993 1003 0352 20 037 0093 0148 0148 0111 M
JTWC 27S TWENTY-SE 20250325 1800 173S 1068E 260 052 0993 1003 0426 23 064 0074 0139 0130 0084 M
JTWC 27S COURTNEY  20250326 0000 178S 1053E 255 067 0990 1005 0528 28 064 0065 0167 0167 0111 M
JTWC 93S INVEST    20250326 0600 156S 1215E 030 011 1000 1002 0222 13 074 -999 -999 -999 -999 S
JTWC 27S COURTNEY  20250326 0600 180S 1041E 255 072 0986 1003 0537 31 037 0074 0185 0185 0130 D
JTWC 93S INVEST    20250326 1200 149S 1210E 350 016 1000 1004 0259 13 074 -999 -999 -999 -999 S
JTWC 27S COURTNEY  20250326 1200 177S 1031E 265 067 0984 1004 0555 33 037 0093 0185 0185 0130 D
JTWC 93S INVEST    20250326 1800 142S 1210E 350 026 0998 1002 0222 13 064 -999 -999 -999 -999 S
JTWC 27S COURTNEY  20250326 1800 174S 1022E 275 052 0980 1004 0518 36 027 0111 0232 0241 0185 D
JTWC 93S INVEST    20250327 0000 138S 1222E 045 032 0993 1005 0278 13 064 -999 -999 -999 -999 S
JTWC 27S COURTNEY  20250327 0000 170S 1011E 285 052 0980 1004 0555 36 027 0111 0185 0195 0139 D
JTWC 93S INVEST    20250327 0600 138S 1219E 050 026 0996 1005 0278 15 064 -999 -999 -999 -999 S
JTWC 27S COURTNEY  20250327 0600 168S 1000E 280 052 0973 1004 0481 41 027 0121 0148 0176 0148 D
JTWC 93S INVEST    20250327 1200 137S 1225E 070 026 0996 1003 0287 15 064 -999 -999 -999 -999 S
JTWC 27S COURTNEY  20250327 1200 168S 0991E 280 052 0973 1004 0444 41 027 0121 0148 0176 0148 D
JTWC 93S INVEST    20250327 1800 140S 1231E 095 032 0996 1001 0370 15 064 -999 -999 -999 -999 S
JTWC 27S COURTNEY  20250327 1800 168S 0982E 270 047 0969 1004 0444 43 027 0111 0148 0176 0121 D
JTWC 28S TWENTY-EI 20250328 0000 141S 1236E 105 032 0995 1003 0222 18 064 0139 0111 0148 0130 M
JTWC 27S COURTNEY  20250328 0000 168S 0973E 270 047 0972 1003 0389 41 027 0111 0148 0176 0121 D
JTWC 28S TWENTY-EI 20250328 0600 148S 1237E 135 026 0991 1000 0232 20 046 0139 0111 0148 0130 M
JTWC 27S COURTNEY  20250328 0600 168S 0955E 270 062 0972 1004 0380 41 027 0111 0148 0176 0121 D
JTWC 28S DIANNE    20250328 1200 156S 1238E 160 032 0992 1003 0213 20 046 0121 0074 0111 0130 M
JTWC 27S COURTNEY  20250328 1200 172S 0946E 260 057 0949 1005 0407 56 018 0111 0148 0176 0121 D
JTWC 28S DIANNE    20250328 1800 162S 1238E 170 032 0991 1002 0213 23 046 0102 0074 0093 0084 M
JTWC 27S COURTNEY  20250328 1800 174S 0930E 260 072 0948 1006 0444 59 027 0093 0148 0176 0111 D
JTWC 27S COURTNEY  20250328 1800 174S 0930E 260 072 0948 1006 0444 59 012 0093 0148 0176 0111 D
JTWC 28S DIANNE    20250329 0000 170S 1241E 170 037 0994 1003 0185 23 046 0102 0074 0093 0084 M
JTWC 27S COURTNEY  20250329 0000 177S 0919E 255 062 0947 1006 0500 59 009 0121 0130 0158 0121 D
JTWC 27S COURTNEY  20250329 0600 180S 0910E 255 062 0942 1006 0472 61 009 0121 0148 0139 0121 D
JTWC 27S COURTNEY  20250329 1200 187S 0901E 245 052 0932 1006 0481 66 022 0139 0167 0148 0121 D
JTWC 27S COURTNEY  20250329 1800 195S 0893E 235 057 0939 1008 0518 64 022 0139 0167 0148 0121 D
JTWC 27S COURTNEY  20250330 0000 202S 0889E 220 052 0946 1007 0528 59 027 0139 0167 0148 0121 D
JTWC 27S COURTNEY  20250330 0600 211S 0883E 215 052 0961 1009 0546 51 018 0185 0204 0148 0148 D
JTWC 27S COURTNEY  20250330 1200 220S 0880E 205 047 0970 1008 0518 43 027 0204 0222 0185 0167 D
JTWC 27S COURTNEY  20250330 1800 227S 0879E 200 047 0980 1009 0537 36 055 0167 0222 0185 0130 D
JTWC 27S COURTNEY  20250331 0000 231S 0882E 180 037 0986 1008 0444 31 064 0167 0185 0158 0121 D
JTWC 27S COURTNEY  20250331 0600 240S 0885E 170 037 0982 1008 0407 33 046 0204 0259 0204 0111 M
JTWC 27S COURTNEY  20250331 1200 247S 0889E 160 047 0984 1007 0296 31 055 0204 0259 0185 0111 M
JTWC 27S COURTNEY  20250331 1800 248S 0888E 160 032 0986 1007 0296 28 055 0139 0269 0222 0111 M
JTWC 27S COURTNEY  20250401 0000 249S 0888E 165 016 0988 1007 0296 26 055 0139 0269 0222 0111 M
JTWC 27S COURTNEY  20250401 0600 250S 0884E 220 011 0993 1009 0241 23 092 -999 0259 0204 0111 S
JTWC 27S COURTNEY  20250401 1200 249S 0885E 250 006 0998 1009 0241 20 092 -999 0259 0204 0111 S
JTWC 96P INVEST    20250409 1200 088S 1319E 285 042 1007 1009 0185 13 092 -999 -999 -999 -999 S
JTWC 96P INVEST    20250409 1800 086S 1320E 305 032 1005 1007 0389 13 166 -999 -999 -999 -999 S
JTWC 96P INVEST    20250410 0000 079S 1310E 300 042 1005 1008 0241 13 166 -999 -999 -999 -999 S
JTWC 96P INVEST    20250410 0600 083S 1314E 280 026 1002 1006 0241 13 111 -999 -999 -999 -999 S
JTWC 96P INVEST    20250410 1200 087S 1303E 255 032 1001 1006 0241 13 101 -999 -999 -999 -999 S
JTWC 96P INVEST    20250410 1800 091S 1300E 225 032 1000 1006 0222 15 092 -999 -999 -999 -999 S
JTWC 96P INVEST    20250411 0000 087S 1296E 245 021 1001 1008 0204 13 092 -999 -999 -999 -999 S
JTWC 96P INVEST    20250411 0600 089S 1291E 245 021 1000 1008 0204 15 083 -999 -999 -999 -999 S
JTWC 96P INVEST    20250411 1200 096S 1291E 215 026 1000 1008 0278 15 083 -999 -999 -999 -999 S
JTWC 29S TWENTY-NI 20250411 1800 106S 1281E 220 042 1000 1006 0121 18 083 -999 -999 0084 0037 S
JTWC 29S TWENTY-NI 20250412 0000 112S 1275E 220 047 1000 1007 0185 20 083 0028 0028 0093 0047 M
JTWC 29S TWENTY-NI 20250412 0600 115S 1266E 235 047 0999 1007 0296 18 074 -999 0074 0111 -999 M
JTWC 29S TWENTY-NI 20250412 1200 117S 1264E 235 032 1000 1010 0296 18 074 -999 0093 0093 -999 M
JTWC 29S TWENTY-NI 20250412 1800 120S 1261E 240 026 1003 1007 0222 18 129 -999 0222 0185 -999 M
JTWC 29S TWENTY-NI 20250412 1800 120S 1261E 240 026 1003 1007 0222 18 129 -999 0185 0167 -999 M
JTWC 29S TWENTY-NI 20250413 0000 122S 1258E 230 016 1000 1007 0222 18 129 -999 0185 0167 -999 M
JTWC 29S TWENTY-NI 20250413 0600 128S 1246E 240 032 1000 1007 0296 18 092 -999 0167 0148 -999 M
JTWC 98P INVEST    20250413 1200 129S 1693E 150 032 1004 1007 0352 10 185 -999 -999 -999 -999 S
JTWC 29S TWENTY-NI 20250413 1200 132S 1240E 245 042 1000 1009 0259 18 092 -999 0167 0148 -999 M
JTWC 98P INVEST    20250413 1800 134S 1695E 155 026 1003 1005 0324 15 212 -999 -999 -999 -999 S
JTWC 29S TWENTY-NI 20250413 1800 133S 1231E 250 047 1000 1008 0259 20 092 0084 0204 0167 -999 M
JTWC 98P INVEST    20250414 0000 143S 1677E 210 042 1002 1006 0407 15 212 -999 -999 -999 -999 S
JTWC 29S TWENTY-NI 20250414 0000 135S 1225E 250 037 1001 1009 0241 20 092 0084 0204 0167 -999 M
JTWC 30P THIRTY    20250414 0600 151S 1684E 190 042 0999 1004 0444 18 185 0352 0315 -999 -999 M
JTWC 29S TWENTY-NI 20250414 0600 139S 1231E 220 021 1000 1006 0204 18 055 0093 0130 0093 -999 M
JTWC 30P THIRTY    20250414 1200 164S 1684E 175 047 0998 1006 0537 20 166 0370 0278 -999 -999 M
JTWC 29S TWENTY-NI 20250414 1200 140S 1229E 230 016 0999 1008 0185 20 055 0093 0111 0074 0056 M
JTWC 30P THIRTY    20250414 1800 180S 1690E 160 067 0996 1006 0537 20 185 0370 0278 -999 -999 M
JTWC 30P THIRTY    20250414 1800 180S 1689E 165 067 0996 1006 0537 20 185 0417 0158 0084 0241 M
JTWC 29S TWENTY-NI 20250414 1800 136S 1226E 265 016 0996 1007 0204 23 055 0093 0111 0074 0056 M
JTWC 30P THIRTY    20250415 0000 190S 1696E 155 067 0994 1004 0574 23 129 0398 0333 -999 -999 D
JTWC 29S TWENTY-NI 20250415 0000 136S 1221E 270 021 0996 1007 0204 23 046 0093 0111 0074 0056 D
JTWC 30P THIRTY    20250415 0600 207S 1711E 145 083 0988 1002 0546 23 129 0398 0333 -999 -999 M
JTWC 29S TWENTY-NI 20250415 0600 140S 1216E 250 021 0996 1006 0232 23 046 0102 0121 0093 0065 D
JTWC 30P TAM       20250415 1200 231S 1717E 150 103 0986 1004 0592 26 129 0398 0333 -999 -999 M
JTWC 30P TAM	   20250415 1200 231S 1717E 150 103 0986 1004 0592 129 0398 0333 -999 -999 M
JTWC 29S TWENTY-NI 20250415 1200 139S 1208E 260 032 0992 1008 0222 28 037 0102 0121 0093 0065 D
JTWC 30P TAM       20250415 1800 251S 1732E 150 118 0986 1004 0592 26 129 0398 0333 -999 -999 M
JTWC 29S ERROL     20250415 1800 139S 1203E 265 032 0992 1008 0222 28 037 0102 0121 0093 0065 D
JTWC 29S ERROL     20250415 1800 139S 1203E 265 032 0989 1008 0222 31 027 0065 0102 0093 0056 D
JTWC 30P TAM       20250416 0000 288S 1731E 165 139 0984 1004 0592 26 129 0398 0333 -999 -999 S
JTWC 29S ERROL     20250416 0000 141S 1197E 265 032 0976 1006 0195 41 012 0084 0139 0121 0056 D
JTWC 29S ERROL     20250416 0600 142S 1192E 260 032 0940 1006 0250 61 009 0093 0121 0102 0093 D
JTWC 29S ERROL	   20250416 0600 142S 1192E 260 032 0940 1006 0250 1 009 0093 0121 0102 0093 D
JTWC 29S ERROL     20250416 1200 144S 1189E 250 026 0919 1006 0250 71 009 0130 0148 0130 0121 D
JTWC 29S ERROL     20250416 1800 147S 1188E 230 021 0935 1007 0306 64 009 0111 0130 0130 0074 D
